10000 5 8
0.22409168266269175 0.9625969611989103 0.8647944783418293 0.17144411127452996 0.025859647492925908
0.7683397905773075 0.4546404652571533 0.9011587569834479 0.2514744037121316 0.6383948788538615
0.6576351279296913 0.5762519188624186 0.591036543845473 0.2531456026423178 0.48163131854076746
0.5023960584690571 0.2617548312079615 0.9713906298090289 0.16098072954214382 0.07782160846136466
0.1959891658645102 0.9005888592567658 0.9462262605542289 0.37192751378934785 0.027625356737010387
0.11396561115292103 0.7531011581000856 0.15682202409511892 0.2162135614069568 0.6186993334969294
0.7004842278163436 0.6113204364782865 0.001218545899107304 0.6910030236504551 0.05670918838001027
0.9076703033994568 0.2746892894460684 0.5544999240497122 0.8222327363654816 0.4715814922523789
0.09135606489124914 0.9264972796161949 0.10752226555953548 0.6836772293778934 0.2350246490103316
0.5439466182308749 0.2595935351012596 0.1370084590396029 0.6641454028978498 0.750632983850086
0.02720331102745499 0.3488458920707417 0.7692663842570177 0.6120525878054235 0.67417922908251
0.3774912029840085 0.8999438063005013 0.463985712907537 0.7125331518592893 0.7825447552779462
0.46878942758197784 0.8259733410741258 0.9788275663877446 0.8410046630720663 0.19622045873694616
0.9594531459292982 0.3579687714991121 0.775332928247354 0.40815546158425287 0.3301099602405526
0.921568521496124 0.030079232463575467 0.21672589888675153 0.9877145076500232 0.30845384915080254
0.10353345085148713 0.02840787112011034 0.43007902270424303 0.98376586242361 0.7388163107130937
0.42237055415672164 0.6795447801025043 0.9892637618089662 0.07701712765974289 0.46418284602034154
0.9026412887348335 0.22428806397949863 0.9922236507434009 0.9946061807023729 0.7328414542752021
0.6624209052281849 0.9165001127541434 0.7071305365934979 0.3700993557528659 0.6493638871345426
0.579982739409482 0.9902839538573425 0.8678256089812646 0.9026341852094021 0.15958564683713927
0.024518423756417773 0.27512314113306857 0.9878554198707689 0.7809775287025578 0.21385096313052643
0.6299594662322081 0.14354770785302273 0.8045025604750451 0.27295148482237375 0.31583176454412865
0.7944336366213577 0.22249495288566978 0.4410424397175853 0.3251547040123429 0.14921277240727882
0.5104068467820925 0.9406519116976254 0.9183152109659647 0.9210732292213905 0.20089417263569365
0.8146941031415504 0.960334889879634 0.4416886484806051 0.7744265247549666 0.17611170553664568
0.20648793278812838 0.08168113720856007 0.6979249226595086 0.893244693639378 0.3945673536377121
0.6178157165418829 0.6545239440074399 0.6497327439974293 0.26026193039755263 0.9757611407525542
0.302980454766656 0.5967411530608625 0.6464948664183809 0.32891354365783765 0.8036560882777944
0.5731220291105471 0.4239076772804329 0.8394812835595974 0.13938524710379363 0.08215472791519329
0.624780837828111 0.3962183309706512 0.6257548588952444 0.026053931874157055 0.13627172693720035
0.30541043784627764 0.8893837967679519 0.6946875622472952 0.3964001038431504 0.1947191157318987
0.7195635485384495 0.20333529907393688 0.762346757685789 0.5891464586274153 0.5960789210800221
0.8569560737618591 0.9793802232632698 0.8677157388094665 0.6770072794126706 0.6552329455445653
0.7415975338821807 0.2601328650862029 0.1257575144180053 0.7779306467409984 0.005214192117786287
0.08124604952330694 0.6450715327180524 0.7474201785189005 0.33720075700284136 0.9143600257675094
0.32631694745376005 0.30164172760094154 0.02222307387540945 0.7476066537551782 0.15012010571548318
0.38277125404909107 0.41724266738386984 0.44018143481971395 0.585517297607766 0.7075423897740015
0.6777980921735768 0.8977738254929514 0.9857161186768761 0.44373936129365354 0.769380584539868
0.21106970675371817 0.8303161084848013 0.8698598072855269 0.8282380541092006 0.9849785939440311
0.021972767531368564 0.11341476531373962 0.9135053833526078 0.40984072858542053 0.09466201395590845
0.5167762078166791 0.5975734849703632 0.08913426220628273 0.9355078993433219 0.6876953967138013
0.21106487640758964 0.06230408309502322 0.1319621080649539 0.11180322331086712 0.7595395589555156
0.4631014109737043 0.417952491988016 0.7113916332836435 0.7356673840460886 0.08451137776703399
0.1719475994683195 0.9066918684597176 0.3367714614669517 0.9814146395042048 0.17991046320113946
0.2642758245548784 0.5647755756546045 0.9955970643604872 0.3974465810048786 0.9245785298842641
0.40736194593426955 0.5674991526539487 0.1733824700091413 0.025473792749835744 0.5015668594997734
0.6906726386089578 0.8296925533241841 0.8227220695685039 0.8662793894816634 0.17701581985456238
0.07030028709690583 0.8911331801541477 0.4119484649345333 0.805382430055385 0.8966391547715118
0.28387572237055125 0.7786605240450826 0.0007875991914337854 0.7830800336006544 0.5276534661787738
0.49761618012771014 0.967211766946213 0.9890017738328942 0.06999329429595769 0.9666211095954135
0.5826595273376396 0.3729180982263487 0.9862861030786273 0.3893585519229612 0.03522515487597344
0.40725458241525625 0.33401813887460663 0.9393562749932179 0.3695924230885532 0.6367789495171194
0.5177513332626124 0.16669313622148674 0.06043159909041973 0.7237834953420524 0.8117109188547524
0.07156166333282687 0.3772797413352178 0.06719797946781203 0.8596929203730418 0.26010521464163583
0.3408308436564166 0.7737791970143433 0.4750764897552743 0.23826594420256786 0.5389704491520366
0.14442169922511894 0.9508395282678838 0.6702170186904103 0.2529406050645955 0.7720666986760633
0.6474236835297967 0.37054073151275846 0.15321202944333312 0.33112738910130757 0.8281388640585282
0.7409840671729607 0.376808604541615 0.3945047322939196 0.9335118905654658 0.7475978524773255
0.12227766058446154 0.27461917255149126 0.5907314902678862 0.037392812173465906 0.5112155612766014
0.993450355787656 0.9498626245043306 0.1962866855566623 0.6155840704623115 0.4490775830488749
0.6552275428341623 0.5715162402220189 0.3406483622421216 0.03998167660894281 0.5689639733279992
0.1835290570840098 0.057400503049975016 0.9740629984235001 0.8008670371368046 0.9887273446698491
0.3689394414970928 0.26461230197121643 0.6113530991240783 0.8007027091245822 0.7277706064847144
0.20986313959729308 0.3879385380172141 0.8965041786989695 0.13774806233340364 0.6520961932173256
0.34759976707194595 0.3251809043775523 0.7678222808064776 0.1607549494123357 0.06291228444912056
0.8682404039852881 0.5123970261080971 0.4852159737131314 0.3378461120041031 0.5478699578169396
0.14865116345843887 0.9204314596049764 0.975833335926949 0.34461554108433845 0.7688896957123496
0.763906102162856 0.03212359472484949 0.38596674443382006 0.3413730430597077 0.19993472652624678
0.6156284509089458 0.2567322411467343 0.27636888835049933 0.8749612975498814 0.2440599478683918
0.315145550745383 0.9632702440438866 0.8583971045650186 0.6775907274813591 0.44719077137467855
0.773697916388803 0.689005528757015 0.3563159030396734 0.6558567000949688 0.7186496468497423
0.6568028429993485 0.40345532033264775 0.7257206232175283 0.3009467721737197 0.39300143731114534
0.11754731450683142 0.055535125354535975 0.5055348982893358 0.6530032925051245 0.5678500353576041
0.47793731889452984 0.6618013722386499 0.3462243055000598 0.05329441500709442 0.8091841808744527
0.7980470838858894 0.9372896369062108 0.7213274888677917 0.7136584851037773 0.5038147101970742
0.453846543262435 0.16216899084384384 0.6754634359389229 0.39493212411644496 0.22847484923385364
0.8451841817571377 0.3886341783545678 0.7901551190261449 0.9438884197109912 0.5698620369132358
0.6768421385721033 0.6408106514445331 0.5349379234023028 0.937168469436573 0.6001858228889004
0.49717733674295284 0.7112032768203684 0.6042393008570733 0.478515945670956 0.33365928965455594
0.5701506513045782 0.4123923837136888 0.20862547594276704 0.3640336951768153 0.4291640858879717
0.500703583676264 0.8705299735667812 0.12093742231519145 0.3598349812044993 0.3626161317486414
0.9722679521856857 0.4252527336979661 0.7124606599445955 0.7691106551197725 0.4411338594486752
0.16409354721751346 0.029786855348352348 0.9834765821637881 0.6763623440244676 0.2560725773628997
0.9341468951420256 0.26369120146619496 0.41050323082857476 0.11910942571992178 0.14422117430066594
0.10401338606658839 0.6708595475396815 0.1925824868453616 0.11563192907080411 0.4040768552074574
0.13575673891117368 0.1674744772290545 0.8014964456461403 0.17877936030035457 0.8369966346056752
0.9659432192230893 0.5964454770368686 0.700694411317554 0.9447390747201941 0.8483950688552803
0.2414995528226117 0.7211152746297604 0.7510275443829516 0.17647078792331738 0.5700030286625992
0.9221449606048765 0.11984266598161886 0.9798091221282118 0.36125747058723645 0.8321731812347668
0.5449964974238681 0.16586799874029967 0.7310875471863938 0.7940215020855022 0.8406471701746008
0.38953905903865704 0.046798415237835234 0.38119851075610833 0.006003880528773209 0.832220466171589
0.9297926996850733 0.3655603032194288 0.36144711561240894 0.18888574541561942 0.08931180701382924
0.04768466200804322 0.3815740029305561 0.9972384936022078 0.47324232462188276 0.5844406253635226
0.543477865311529 0.9232341778033507 0.8098970289953594 0.8941535123164402 0.18946148824397813
0.8827304331208161 0.8052626129865688 0.5626447145297394 0.3159230538755784 0.21493478356791507
0.6191300946704071 0.4808974627764837 0.4966840914415729 0.8832880353610394 0.7921544020808119
0.9328942299643364 0.5980875745242017 0.46160287831761826 0.1371955661088986 0.47147023515302455
0.31897176251320714 0.9744445418577847 0.2807519275301491 0.08945601672754222 0.8189804454186713
0.039416688455827464 0.7831240996423657 0.009927642669424586 0.4196284484101621 0.1441941967060728
0.740608467761588 0.23741949768895654 0.2635533714826759 0.7110970731045945 0.6195874556188783
0.4062747168300158 0.39693207628869265 0.26613234513144357 0.26775696579223285 0.10938533038851272
0.30967851098673127 0.04513234898274299 0.5246407062313975 0.3461388948441687 0.8810954312207202
0.5881587599294821 0.8995115942545389 0.1832299443874148 0.3308260686446123 0.8764930250128066
0.25552713201065447 0.9195682370967939 0.9781562750725648 0.8215896820834735 0.6224883081436458
0.9662123561561415 0.882820554736757 0.9532848186240958 0.35173420780561815 0.21402831188609484
0.2850367060534197 0.05029698677471539 0.6057013145669892 0.03430183090939254 0.3301399673886104
0.6978455919581359 0.48875830166809187 0.4835192630784726 0.6450579143965685 0.7463099197742579
0.41697956935814673 0.9794770999020374 0.9081552363813874 0.7557009155959292 0.8712946505884456
0.7675606005532032 0.9319032770151164 0.4099947796893094 0.6670328946100251 0.12981384486305814
0.3870034137010355 0.36933453538839367 0.23798846694513598 0.1364050301778691 0.46612358444594826
0.10141952339438409 0.7429019885455705 0.8911797830617731 0.10693773173554388 0.31246747524121155
0.6250867479377251 0.9736564319921418 0.03929391129627191 0.509528980295051 0.9007132730616946
0.7280777832552818 0.4794859215728313 0.29035567698186904 0.5806171282954397 0.865814877986002
0.9743504510832636 0.734879671044992 0.3678585526217816 0.7422169641311636 0.09522301144599099
0.5533590055684121 0.06867565445176027 0.6904457783110687 0.4934092852357582 0.891818469055133
0.21635863190283877 0.7661464998987954 0.37915373817589204 0.30027305477481536 0.8496951964711429
0.41955395065896994 0.6099119370481044 0.7467594603466448 0.3417225271467832 0.26726443212736606
0.6314541746611362 0.5391027863932352 0.038062351000213934 0.8526305630277433 0.2591287505144054
0.023274557927674522 0.850322467799101 0.28290025018356435 0.9666160759096093 0.6840160798585819
0.6766012440327404 0.26730224761540755 0.2939909952819292 0.13274961815524267 0.3237067609059331
0.5703131562999869 0.2608627445429328 0.09280581267068821 0.03739466145966719 0.9194280212938185
0.28608425114230596 0.30266399646977693 0.35672280720019334 0.6576256389411473 0.20039714552100119
0.4677747005400985 0.5195882651400449 0.12848224356158755 0.6336590884396927 0.674122308255405
0.016147204494629475 0.0656007766738207 0.8233502568243606 0.616904882690232 0.7762688184516507
0.050071015350900305 0.5221087212858615 0.7731293559397849 0.7727489498524572 0.5105054426676756
0.7924716482252193 0.564718758784564 0.20031400084520035 0.7917504797513846 0.06373635825313162
0.39781936265785345 0.7942766978796332 0.6973909484289335 0.3092556934747246 0.9010277364358328
0.08985646901796673 0.22443217577419983 0.6548795436837157 0.48039660385025074 0.468714623934695
0.7265058329086382 0.7862526960919615 0.7742852678557302 0.18334678914605063 0.18220960383616014
0.5276137727241494 0.7636936627864711 0.297367821404959 0.5834966042271954 0.3166016870939252
0.9840074688169413 0.3356391085767958 0.835508213862063 0.7670446573423925 0.3740841815054964
0.07506263695715099 0.47904903833535195 0.7652065632455042 0.37464638387316873 0.40701321908191157
0.25081080764054686 0.7706757829805394 0.9068664430880394 0.9631195182458583 0.4666223138791632
0.6120066621364758 0.05960269963534748 0.5736548090301787 0.9785368389188683 0.18855082265177825
0.74044158734291 0.3803328057201909 0.23942243713753975 0.6235099165707164 0.6513173840583143
0.5305258892183259 0.3193327867518413 0.972121006904457 0.17631392854938077 0.7297702908093119
0.9990882371960542 0.18984091271022208 0.22240685553287276 0.7772918948615009 0.809117852062762
0.03787366805514092 0.8817712970439655 0.6831476714788838 0.383120304472894 0.6671666613260773
0.4976798114432731 0.9304204234761161 0.0036684821630103004 0.15635319152379223 0.6127879922713777
0.3151936639344213 0.3275852301476645 0.5499409053157835 0.14432292007877656 0.11468833160044234
0.9292502305868292 0.6061606315465242 0.3398002246254205 0.6808238055530647 0.07381918934279819
0.010892055260733446 0.7640750751634577 0.7388849457997868 0.11542483024495942 0.04398238608954064
0.15714097849222342 0.06379195738475818 0.6840861046312927 0.0775307064240992 0.4114987189029664
0.11542431224257976 0.9430433027834784 0.4219676844750724 0.6412601609583422 0.7272643168672301
0.1734879950274688 0.4554519631159588 0.8127690393742399 0.32837212879816025 0.02373801780124063
0.13852395076254875 0.15535179858978343 0.8440707119193777 0.14163339616822568 0.9613715134421799
0.7578274087108874 0.123290361135725 0.5252224125775142 0.5582909784885282 0.18508784751156138
0.3831939731229058 0.4459313281157008 0.010967776223886672 0.03085795978442063 0.6043238406454526
0.2623169702740431 0.3997985193763868 0.4304015968968602 0.6754977695136017 0.396024826581564
0.12250758401541118 0.007384585585052061 0.0034776189602013785 0.4269179527526372 0.9882313450906739
0.6255749162301508 0.7961248106082196 0.6340798938995476 0.46043081977490696 0.9639137598730076
0.9602012766476925 0.23091103966191617 0.49429631647001504 0.8720002340457519 0.08391762160317373
0.7654177843931177 0.0848110415192368 0.7760396926364477 0.24597921011464374 0.8758675118347203
0.7786455570919434 0.5216829519400844 0.8431676051713095 0.4552368168828923 0.04394561791839946
0.8542627472414807 0.6632159129518945 0.453129028203218 0.22568042645619857 0.553479997387084
0.6227622427309086 0.9148719292010312 0.7587557166362904 0.4882188545726551 0.32663795448195776
0.7379668486236435 0.11571239125073862 0.7861303465540105 0.6293542861059811 0.6161178265650729
0.22384979703373098 0.6126051749698737 0.9328928631787944 0.12409698943000902 0.9385004133242024
0.6149514453358299 0.2079426665506371 0.11829424585494952 0.21466474660211554 0.008966861463088227
0.6910449719538312 0.5544290044897765 0.6087908669423745 0.16462372169219364 0.5699401168513876
0.40663661475823554 0.6178656235273043 0.6253737082904591 0.652770727376347 0.42417125302959113
0.14484170193944468 0.19507855045206557 0.30950385357766375 0.26823907371770106 0.663490801728184
0.7377452887970742 0.1660964826208703 0.3529372963852587 0.4425616496534739 0.9803189307449385
0.6506454898710359 0.7099173705811183 0.5743370949682551 0.9801368057738933 0.541522813558075
0.5960042412624399 0.42343262034115237 0.9669852180047493 0.8613221284092559 0.7141980801688617
0.998690440890003 0.6180768319117446 0.5687964080591114 0.7384314673698937 0.27745458906349685
0.5642168651584242 0.3656583418355074 0.19112960647012123 0.035320420158503896 0.297950772351104
0.8964821599486381 0.25379686341036634 0.2501063015127454 0.3081434429153205 0.762137056087942
0.7477306099946448 0.027806042472767856 0.16914118279882573 0.3573652565290212 0.5107849719064895
0.7135648359541684 0.7880256106320175 0.6568108971588733 0.4520072877035899 0.2657905970768266
0.051051456542049456 0.5017313004075488 0.06514627332013012 0.43738036702343697 0.10431613823387442
0.07284385939561866 0.5696163982304056 0.5859788645584008 0.6214658479998444 0.3438701450447108
0.1023552775910096 0.18440679759120449 0.024712935720702767 0.47892674336011165 0.6509268335752868
0.31546316332202007 0.6616231403734883 0.6396727406705656 0.783105959306621 0.09459120163142487
0.37378462506427357 0.6321392979493583 0.10144996187844846 0.3775984434893951 0.907945271693289
0.5239106236664699 0.970244901899863 0.052962068828393605 0.8023476858875284 0.02254455199298111
0.41208719701546837 0.8178318610762029 0.35431909973571496 0.5996302543477715 0.5262121648061023
0.1574229963997108 0.007156015742284749 0.4914497535701403 0.8508400427131652 0.7696326297966166
0.3099747176143277 0.3687437545922245 0.9714193320835908 0.6971717177965657 0.19136741179514583
0.6819886967362466 0.5663840153703877 0.5377986483541632 0.7845757220205496 0.8714202101733587
0.925484445108361 0.5581683815977271 0.6823238756482481 0.8853812213972466 0.6092995400694984
0.9934844599675153 0.7909900707908907 0.9762553905938229 0.23131014249045356 0.7071030286799384
0.3743971927271246 0.21049632798092965 0.5446321109093044 0.6952116929855281 0.00775501063740025
0.2689422105789139 0.6245974299883746 0.31959458779329497 0.15560703561514666 0.4543140914421453
0.5075041311615655 0.8696151472298326 0.549686583959893 0.10935267420800565 0.5774587349347216
0.8168718552987546 0.12378585145105858 0.5963058255876272 0.18496010179106936 0.6492720721825027
0.5664174314348644 0.46004310319527464 0.4403725590010419 0.6061750233165929 0.7508495943309051
0.9007032572549954 0.47181499699618057 0.3097075392868107 0.6067723692639823 0.06955752857814734
0.8189958900561645 0.21870267938092336 0.05071711999662576 0.900048611414303 0.8426013397873279
0.9281341175480444 0.5118205008873912 0.5300601499744774 0.12080301547190408 0.3928872057034748
0.8026059226662833 0.9578826557285657 0.04414071361077121 0.882154451483119 0.5834893338781959
0.09111543466204586 0.737491864010942 0.7559635333544704 0.5460902890690119 0.6335521649210075
0.7386818508205636 0.7713134339329666 0.9655422924654533 0.5320565683642308 0.3577614880912444
0.1289832512228185 0.8616123883623094 0.7932049720740924 0.29116279842569315 0.24652690506331776
0.5726742033344503 0.38746799957229283 0.35413635679263344 0.6185242609906274 0.9698285790670569
0.8206898866903601 0.45298110684938286 0.17049063482877158 0.43243305192702464 0.31802840393767007
0.809064608267767 0.204159513269912 0.019428369778232812 0.24502182433481512 0.10175018121168111
0.722499964406743 0.3330759475070658 0.9162101855421997 0.2082350830698152 0.15414821369415088
0.4783014343690123 0.6855795699808188 0.8551365585370179 0.8719090738170326 0.3450108755533223
0.08481984608532489 0.7489237990726382 0.6289922848928425 0.8287095928514198 0.8737112977896688
0.7623837601506138 0.5175531755689459 0.20364680348470443 0.3932619010767556 0.17080470511494772
0.692015067238499 0.6594890849910668 0.7268012937655614 0.2837124030848567 0.8648076468275788
0.1516127181441409 0.14333489616882877 0.2964876597781503 0.1641807655048556 0.21089832726085878
0.5822787527606382 0.15503650705086158 0.7407545566520544 0.011012799739059331 0.36451642496065295
0.5826071103323639 0.2343024998449711 0.8457966208822701 0.15726015980690833 0.5029780145965541
0.4549402510837983 0.6304261583865086 0.3543521251716586 0.7789820417279136 0.5308904988648664
0.6929292482372031 0.09278061606552013 0.6279591102863648 0.1469990097006565 0.059348191064077516
0.8779218813961878 0.9055837573303612 0.12298561669721031 0.08742970672653205 0.20086364452684158
0.9259481071688155 0.6566053465089675 0.064458912818252 0.3309009364974351 0.02048729841408181
0.7613023894784636 0.4279490764054018 0.6840865954191067 0.48230938859419936 0.6898944941910475
0.8868398570669885 0.4634755281331525 0.43467116874746237 0.16272569391746905 0.02966572140386614
0.04436298755849111 0.15610902712972274 0.4588805310413915 0.7837379612244818 0.8702451886204875
0.5185223883699801 0.5035392761152164 0.3191954982564319 0.32335118945451236 0.5796936580080021
0.734809093449214 0.6371823718739802 0.3154247216301894 0.45350101274755805 0.9294799308545936
0.4436059258821794 0.39714991033599956 0.899986839612064 0.15691084531850674 0.276208159961877
0.3710505147551627 0.6874723474283055 0.22848845128440942 0.9994105351475866 0.6417590274169223
0.950220965586685 0.3798234775291428 0.8534970866877453 0.8894372364000124 0.1477850228215638
0.6957766750454946 0.45916545911898843 0.00012211929009731115 0.27465460020066434 0.34294992506129207
0.5817725150515638 0.3707695104480663 0.27926272257480167 0.5840077450299278 0.5555869055597729
0.9329406651944799 0.6299975458537247 0.7074934967484291 0.6428281104014234 0.37975694505464996
0.6792887817216422 0.4964558907883333 0.15975327625486424 0.8946592298986029 0.051921226831659784
0.17896960705546627 0.6202670825144146 0.2767348547606442 0.7035428800270843 0.8497446485494438
0.20045688407373397 0.14643570600027955 0.608976133714417 0.2828659695969812 0.5667441332385947
0.8094416516211511 0.993370476313007 0.710712954476813 0.3455582091616921 0.18153970574284772
0.4057417832609763 0.9174133692721038 0.9375961113394907 0.33888020438698085 0.025505401307831965
0.8297116644878768 0.7546176106098698 0.6263501336858196 0.2640223890857305 0.3196645771783224
0.02854253689375197 0.7455974292255682 0.7885844712083817 0.8882136565772186 0.43447702937371646
0.04016375762113955 0.7590096273557929 0.2882470268776478 0.5666420587760503 0.912965784158021
0.7677534773439876 0.7572616362133436 0.9753152704921613 0.0433968024826904 0.8935992194887877
0.1320701909744243 0.13490607163376145 0.037694099884471366 0.5885928370275376 0.4678447537249435
0.6767407782423667 0.22168336976898828 0.22518518663659637 0.19523819444869073 0.0909518107970021
0.47719508194443283 0.8370340267300631 0.45746692197611605 0.5692681542020432 0.027931513263987906
0.46784324168428293 0.6409846567279974 0.9922510403526258 0.37403379886630206 0.7986493538499079
0.049923033363410085 0.04709896301743732 0.1597192107936639 0.4635977263591463 0.7884712562708436
0.5897097232138645 0.6142482915679183 0.1777369104020533 0.48333955123330274 0.6905202612808752
0.68257551228 0.5750874584003052 0.32190781510380273 0.009786517259705696 0.5703475004255394
0.29364390812093055 0.7902806317119409 0.4391528034398988 0.17377734843943915 0.7631667652753704
0.6564787982621988 0.16670779254273282 0.6308788288264002 0.6877184255899788 0.6482448131766789
0.17525518708530108 0.2417861738644541 0.7951818985198241 0.9492493365834154 0.5898259081064282
0.4058706791538419 0.5876852964447676 0.2797952786652911 0.740484782915674 0.29497841280953074
0.5189869744370038 0.6632201443013866 0.7743034564127068 0.46143297496441793 0.8481481268194339
0.9835074273607245 0.5157468031670912 0.16009420914799466 0.09264367357146375 0.512050766112864
0.5408272998795599 0.3415739133799547 0.9773919878660924 0.994568936206357 0.4977269599995455
0.38476938841157493 0.8715199475170822 0.8439698300965068 0.5341356144967493 0.10667736400906713
0.38639717704429455 0.6903145761502673 0.4068189687952798 0.9860904693194431 0.739036624239546
0.02069831174102632 0.6444620140503621 0.759657478069574 0.9179973692290881 0.5389610469074754
0.16001571774798917 0.25373539198987405 0.3610769801032453 0.7334297071348731 0.03868301785127992
0.6388818832539407 0.5590334016251036 0.7821422392171941 0.7458023130492661 0.42774326571796806
0.4839800706527291 0.8717399820027443 0.7226645380072327 0.6641125351073858 0.49815528374630424
0.9199924631951549 0.2143709962573349 0.7956678872712598 0.7342572926048911 0.1356976606425172
0.5070291204382865 0.9940285390580789 0.08926295134336815 0.6341874592186345 0.9870996225951321
0.6061032174480423 0.2904974913524715 0.5291625717964186 0.8320414191360243 0.9389110831973336
0.8991817722350696 0.6201897756411334 0.6687447314877835 0.10009601132510892 0.4842039621851203
0.24098536687277672 0.3940381942955663 0.3360414649198198 0.3461193468135343 0.12993441886276447
0.051814596476910335 0.5597434239708549 0.9319240320016126 0.06510066873857567 0.08570799252660577
0.9561303697808293 0.49128509860467107 0.32826566986024963 0.9846633130621005 0.5477297870101075
0.9986598608016437 0.5547248715040606 0.7295145795912875 0.23005861492705693 0.847885959872248
0.6964967471571075 0.8066164744202331 0.4585026839435046 0.4965683132922125 0.44704462118095367
0.20180093994090387 0.8337404730608426 0.5416048999627447 0.3887206384383105 0.6087129578841517
0.938543473585974 0.28266589530142805 0.2745018503329655 0.2648619315238353 0.8770903829235424
0.6505096818489824 0.49262537344139723 0.8929794624761104 0.002351460161242991 0.1552300892205133
0.8793475234977854 0.11360169092372174 0.7928570912439497 0.13518322314707387 0.8865197133139364
0.3859023898734706 0.1581838601572534 0.7191944546322419 0.9063081408046133 0.6236991728366501
0.4304279838241504 0.7810832729622067 0.01569454442371243 0.9244586399250968 0.5411383568655013
0.2449465572479702 0.8575017505061951 0.9964506542241488 0.420470686016008 0.763646256344328
0.9160803958711017 0.37961353299869294 0.17390544459859636 0.14173212840352278 0.9538647378717279
0.059153410013819574 0.6447762884083907 0.16248163990224507 0.5529916239035959 0.6725392345246134
0.9857123932723608 0.37984690965384704 0.7563775573312356 0.95830784111673 0.381922858151137
0.9533632013198372 0.09859079131869553 0.045909881755614834 0.506431007411009 0.5541958824401658
0.2749463567018029 0.7844248805424942 0.9413104856703884 0.47917386823708197 0.9367187493543278
0.6905423973695785 0.7980040490895433 0.6684602642992258 0.28805244863832646 0.18706880878938226
0.40615136832182164 0.9135806515340488 0.7571427531754057 0.7001062634592463 0.08991543511293931
0.2928464367629777 0.8484618591334336 0.7451356305331257 0.2549449886556976 0.40405011906655763
0.8106697565643468 0.8416860545337526 0.31813421994461255 0.14292790135268474 0.9023236203087301
0.05737949466470782 0.2955108683934008 0.5730301285229877 0.33088332727230496 0.48451573149116645
0.8013358264541596 0.8740842515394814 0.8681906671943197 0.9024006106985911 0.16147791601263184
0.36712503057900825 0.6276765907340921 0.31429035042897224 0.37842547971543894 0.8663542152652939
0.11980150476816775 0.19525924900102676 0.8594209192935597 0.7073342455919283 0.36132988142483335
0.28831597543716925 0.5425501277910391 0.7728727302618434 0.8886061864508982 0.3835064337579589
0.2365358826350772 0.9422424962244197 0.15627576325565462 0.3475281422485701 0.14408864769867136
0.7794898947315684 0.37032317975960205 0.9275733108315156 0.021496027325286104 0.6811102143126982
0.06703878854171996 0.19235211180924627 0.2806295286127046 0.19878648960949374 0.7239436662885499
0.7713434703400612 0.42846260319338214 0.948285081493616 0.10167428647681531 0.39785131319725653
0.7170016441349668 0.9057978742257219 0.9400650006410278 0.9983030272445088 0.42088931479486336
0.30844546684177665 0.7774795270909066 0.8175417273419662 0.9363153390413076 0.6639712347788282
0.45448306320691856 0.8656997246675745 0.8146301718381348 0.7658124047704031 0.2135597051264263
0.7458875698264731 0.7428088395872778 0.2492926681219476 0.7089708926114401 0.16168454501055096
0.3427308779923075 0.026093072389110294 0.2358902297345532 0.11549123135438966 0.37777685698641916
0.7856323240816134 0.6388461552257073 0.46799391707340277 0.4734223351319934 0.42952464543178503
0.8792970377875051 0.574008779515803 0.5386805285642577 0.7888776387114638 0.599303651889938
0.7278993911003113 0.21851524223860497 0.044894952728711024 0.12773770264871764 0.31835884932449254
0.34516800184084495 0.018726655494020195 0.8370486551179471 0.5064898497047419 0.4377691772576948
0.8156986281915616 0.05628031256685462 0.015188734377203472 0.15840497966161848 0.4344408052489642
0.645215363766165 0.4868638898963523 0.8876573635118203 0.8100413372908483 0.10224737056483058
0.43092870814297224 0.9375736639366732 0.64726778175725 0.11696519154403417 0.6235075531861475
0.6033822267786179 0.4488877697349305 0.8480107123571846 0.22590973294780126 0.7802585040778526
0.1787800983145743 0.5315285895294938 0.9811617516084499 0.7460371586012384 0.7501792509299904
0.41149849631112134 0.29232377411788657 0.9866803480315018 0.8344199771511209 0.07794401943950713
0.797519495860921 0.7047888188944609 0.16195263756075506 0.07803278001169789 0.30424353809708204
0.32669329756591525 0.10308347987155275 0.48827187458040655 0.9480035000277743 0.03627016133722649
0.8838683644635772 0.07019983278945041 0.916873613954007 0.7275142032140869 0.44885630727627535
0.35535760862865995 0.3781574632709631 0.6907745998866919 0.25453891549490926 0.6927881888886913
0.5559699029453825 0.16524905418817148 0.5419609622998653 0.07275597941778467 0.7318022578333511
0.8832795935296165 0.1605251328854277 0.6316110783247826 0.6004022353138072 0.7988989593476192
0.917354919345224 0.777021519892803 0.1585862566005185 0.4382614307418218 0.4910431648441179
0.608889082772053 0.6124035833470474 0.19202733353746293 0.04709301285899248 0.13261266816063477
0.5590455374105012 0.47439528856336377 0.9624345675114906 0.98414113472498 0.17007161325735454
0.6589044038460935 0.3508770276244938 0.7179881627333886 0.4531360545464732 0.5861324511094659
0.39045421662053403 0.30365589919766867 0.24134795920369578 0.17154808953285072 0.03709977340876647
0.9971009752609615 0.12022476116450564 0.3325360936347339 0.5046657599996999 0.06147428344434991
0.9961253108299609 0.8263886061490562 0.05515623038584183 0.6969837252829569 0.6876632584870149
0.19657304574587264 0.3134310718418586 0.41815366773567775 0.40585212061909703 0.6217265745774219
0.9812812240972454 0.030210908938114067 0.19897049060745964 0.7344537790202749 0.727254003935052
0.04751802372292979 0.5017834448971787 0.9526962663433889 0.9667444627177633 0.5978743948976093
0.4650841218370865 0.7574067653714003 0.8818248173665677 0.23775525674761921 0.44206906400546453
0.9677145728159957 0.5176647874521609 0.6610490541878056 0.33005688470346584 0.7869066289339179
0.8002708216559581 0.3696748749924469 0.6529827572141964 0.9033263268623135 0.2452775696425915
0.6281244827340533 0.24589954102704392 0.36999381930447806 0.4225943375036689 0.4313378192396289
0.5845752923238012 0.9221205729736971 0.4168343061720141 0.16911974303328747 0.38499742703626716
0.3918704862174158 0.28780973445869296 0.555667709847834 0.43941398822103817 0.5598288498033284
0.09709225227343365 0.06988330088081829 0.26638742764366263 0.3707618051175112 0.12908396926190546
0.8139876033739946 0.137675985756478 0.12282788422741853 0.34679677799164543 0.0475783789939751
0.28767802961819366 0.06644347034064957 0.0961078999351822 0.8999521081160792 0.6594969590223966
0.745178300032894 0.739295208835726 0.40080993503656315 0.8319580848228534 0.6034380648253174
0.08069572774902367 0.48319075183905924 0.36147677251447863 0.04898453141159376 0.6493773149909056
0.8973104819703308 0.5652349630583483 0.9660725549244563 0.9711862366685217 0.6807811422125832
0.7988794753258706 0.429661485843602 0.7170229776658132 0.18147494663917774 0.546379983340849
0.8897239482987328 0.3102274779957863 0.21049012922514132 0.12975903941688405 0.8600237133279883
0.6087599775577419 0.34915881010611327 0.34765228973218854 0.46830030919092447 0.3201813359323358
0.9314708190754246 0.7084330358794051 0.2429938067800006 0.3473697781197934 0.6518104349060929
0.826387626344541 0.9330460583852112 0.3904626705337787 0.08036756326608196 0.19404825852611696
0.5246946971845574 0.9347040036548966 0.5502850769382914 0.12202541899825925 0.14838238852620322
0.6889645163877367 0.09376277229344576 0.5947185604723841 0.7161233949704999 0.21103445308666635
0.6363322885324897 0.5155508868923055 0.40652696743460803 0.8547600994371641 0.42835117563073866
0.5296717080469729 0.5727165389814076 0.47597926563144444 0.18693525218900076 0.07490233049665385
0.9667410255135499 0.0148817812399884 0.31005466866093045 0.6526484407874728 0.7796126689289493
0.27262765220190144 0.4692838836863479 0.08856454807809067 0.5744596039119352 0.04627676867062136
0.5603087463664598 0.7197777765338749 0.25332618446759414 0.37748912757848463 0.22677588243600588
0.7186837576155707 0.06736618372185887 0.03538770218715048 0.20040901370334374 0.2870692319794411
0.43571482304519404 0.4929541444312492 0.025397593757724768 0.6601300587141186 0.7018472792336428
0.8091775847898307 0.11678500642594991 0.4112042583266923 0.10595953684477755 0.5431661294862163
0.41484621647689124 0.6595817607752992 0.24793022914763174 0.674492673931976 0.5351339645300233
0.288980547210943 0.6639719932272129 0.4842188739765455 0.17380378946364805 0.2544785906829571
0.1630864783413014 0.22478604673692504 0.88408358614285 0.13517964214821032 0.6952237807552184
0.7361607340158045 0.7238773582610458 0.15616671420810435 0.2667239430492814 0.9156514161656656
0.9999151770570796 0.3051235320045662 0.5599527845081977 0.013319608005490813 0.8330464500452354
0.7017141893749137 0.8920299801599852 0.444088307603409 0.18220078548157936 0.5999329704120626
0.9851446599230607 0.6870376528687235 0.2568471311740689 0.7404177153959882 0.5174409334777743
0.6527292494523114 0.7570425778443384 0.9242717738770498 0.770285279927741 0.22215031253164041
0.726794217749664 0.20062232063750574 0.5565895001633963 0.4745665245341646 0.8966026951184993
0.8834199339512591 0.0650662693072902 0.10988210528574882 0.5130208269480923 0.29807127817201184
0.3406063876603993 0.9240974787689186 0.6632419903151946 0.51774235766939 0.720044289137491
0.9474048307024352 0.30682794466216734 0.8769589142679844 0.5559673449057266 0.28354418640438006
0.20244869084503492 0.029016617388899046 0.461078551097613 0.24047410237023248 0.4294887293194666
0.7616530991118388 0.040462696033602974 0.786932768279696 0.7981264960685973 0.6240379424543175
0.3873301983180272 0.037740009721045076 0.6203188279386858 0.07806466822946212 0.44973433855218703
0.9036709280866865 0.9940731460623632 0.7946526933851077 0.7129407317553184 0.8679323415412257
0.6182253254113107 0.9815956278380288 0.891234134206191 0.5036692372749594 0.8718986139339172
0.07528006144718091 0.2726655343578658 0.5864002469723094 0.8220320949917862 0.9890347845388732
0.41676966952415817 0.3613161556530011 0.9604432621268236 0.05344931822527321 0.8039503287934099
0.20573780335648229 0.23370699384502025 0.16856869426339338 0.042946104104842675 0.6155263209915528
0.8054335097980646 0.8004230349583642 0.07227458210158533 0.7184807204193785 0.26007483635014894
0.7429076924302028 0.12246456980789577 0.03861990480261701 0.5853858234252689 0.6215969037917006
0.23103957230499284 0.8282253437954301 0.30808135974851125 0.706334747556728 0.7637506995989862
0.12111041641589737 0.35605895821023004 0.2157092304275695 0.4337410929434048 0.5664368001943306
0.43457543785203967 0.47386716799154305 0.5679192483442518 0.8207084276464174 0.22089564544204754
0.29429638260611257 0.4691563546886517 0.1829335045602306 0.5936497233075148 0.7983139507932865
0.4655294748288067 0.9978200981898583 0.07814571190386344 0.0073088117892231574 0.7288903764184191
0.7043013624013579 0.2948524503543426 0.5367715084308416 0.2007136647445319 0.9164849807263471
0.33896410162285906 0.4131979655721548 0.948573933194338 0.5955472417404966 0.6476227019454713
0.7175957880737605 0.8927069603406307 0.01733968578898004 0.03991550947815892 0.7785707112555554
0.02690376900389868 0.3886885711683332 0.8467196203406331 0.7344402744849152 0.0049600390696019625
0.5631764303893934 0.6828365735689091 0.22612606980396455 0.5068761698132164 0.2260585086536444
0.45464044320635333 0.31181572503373844 0.12640427626265316 0.45802308390861957 0.8502392394006116
0.4340050672685146 0.7201480399945709 0.43969955669131555 0.9482175835951112 0.49278083997751354
0.6563177647003013 0.6864331672772532 0.887531315231335 0.5084071573578258 0.9047085496342432
0.6646580393030186 0.9080684646586679 0.8292408872579785 0.6895629908068007 0.11109830670046006
0.1340965824902003 0.4787523523175846 0.549081401786096 0.6761086689705708 0.9854470835084379
0.08091074664965436 0.3476448190108621 0.9951663523057068 0.017977856053623564 0.8813643219194841
0.21708863350539664 0.11837987167734876 0.6227034312282111 0.8355061123178615 0.002357249607958689
0.06850717952660146 0.5222478387213625 0.6942940929727717 0.6650571945518705 0.5293517003457002
0.10781879454771048 0.8044465637811434 0.4216338206335125 0.7298844929161517 0.768697680812591
0.8962612134878576 0.08836110591484381 0.25428678529760085 0.5452817136907732 0.6843077290521213
0.20808867506980866 0.753057225671879 0.8774111709976918 0.9639555149106156 0.5483650915012201
0.3059146060301068 0.7573489043259243 0.2681835075642762 0.7467989022533689 0.07757199217929545
0.23931728148608544 0.9635903262486513 0.7515917046058818 0.6364497879180103 0.09783467263852541
0.8881369900722987 0.27806123505210867 0.27722794965933384 0.09431396144965898 0.1404486063171433
0.08901525504037444 0.17680458207695438 0.33469096921929453 0.7812761705070262 0.1039582094433592
0.6442487644545359 0.13130327131473396 0.8466935393913088 0.8665199549030147 0.17686076054139843
0.8950662915402252 0.3564066652291882 0.9572374740187031 0.7983521116004741 0.8743170430830678
0.7508915114905399 0.7233901715447508 0.4850707690238425 0.75948078955052 0.11833818468662571
0.00908145647881442 0.3854722186394228 0.27906466956719034 0.9507849600411157 0.36293739357238075
0.4718936364231151 0.8260804128281375 0.053882415169545395 0.2883632961821857 0.9206897454736119
0.7458105446516413 0.5677266889025894 0.2690208656070462 0.8315536032163915 0.40344896885007553
0.24064448477015754 0.695284707738367 0.2377692362932381 0.2962446640842239 0.7904555528148435
0.4991558990358126 0.31889361039484243 0.13268389477019116 0.8168062632854897 0.6540071612714757
0.07023069357426392 0.694462693628324 0.15969879976173895 0.6200306752554244 0.9196320009056309
0.3786727385923153 0.4448911554789525 0.06029192343913048 0.2167016970463248 0.5036094312919035
0.9901154320093928 0.1995885754064035 0.7622830412945868 0.3100538945621175 0.0641535429127792
0.9894833501010899 0.9823104354508599 0.8621697048615836 0.575255533914845 0.039523010568131345
0.5210719172720083 0.658032119029388 0.5834940878616283 0.13426101728457096 0.7497585371587584
0.48835520626167916 0.9117732400055328 0.7277019275233652 0.7883428333166985 0.11905304402492078
0.8100022568646479 0.3793374352258707 0.6120378256246476 0.856018421064746 0.9373492030958799
0.986935467144622 0.21125662109345533 0.7393371077356694 0.029068375960032977 0.7531491953707244
0.5365529305616498 0.2860934878282837 0.10208559251950478 0.03994084266644182 0.7299888758162781
0.8320501697645348 0.4676394490125144 0.3624863158652537 0.4924497061220602 0.3649965056375847
0.7381040261631904 0.32519030863664466 0.8920460502022719 0.9272575182207751 0.12967556670226865
0.6787708287986475 0.15564494673224627 0.16244393279558944 0.5853722055973061 0.3480019860107939
0.39505706842926647 0.7589961513752458 0.7140969846087057 0.39323343646280584 0.6896623590947354
0.17495222117526055 0.0014013663846240698 0.7411976978707304 0.9576073202882307 0.32510999646738836
0.7573240578363579 0.06760628102505539 0.21061669330755772 0.6545323608572781 0.21816119606696682
0.4763511998455874 0.798652390799397 0.6017863366542691 0.3714619497995775 0.0870769718754576
0.8060149054340893 0.5771695610944485 0.43980089592334237 0.12232225116431239 0.40274584135417857
0.16053342401696502 0.8149344461812454 0.5258570878572034 0.48361225826127074 0.4336736504807034
0.856795933097661 0.8780536988499008 0.39366105239458327 0.7573438717026411 0.5079809604012954
0.8480003866719971 0.5587970784223917 0.09313243029716967 0.5315755161954457 0.23535318983450992
0.0026409499123737357 0.9327032594929338 0.035331998833133094 0.6496025960287012 0.6152625289953159
0.01594079205040111 0.16016184980189252 0.18877182453720875 0.12954622358557566 0.4531881237519114
0.40646935576586696 0.9296487109442308 0.4415763731730936 0.2771976988760574 0.9162751497734285
0.18026832020868755 0.561567233847162 0.5665107854337623 0.1452557599762121 0.42811910825517263
0.5573257669727989 0.18437537153507155 0.5963934871602389 0.3472485919894269 0.23112818875873342
0.7611604796608035 0.3514177004932323 0.35255058204517375 0.5253768138231518 0.3180604866836638
0.8885823447019825 0.6233161718548291 0.45093086339872845 0.08097230416310652 0.09530921342519527
0.2747905418608725 0.049836563899304576 0.3605829097201654 0.9373081519372906 0.941659208429391
0.7390595967333223 0.15973540031231825 0.7762634939863078 0.7400184702154546 0.07466061205244012
0.7256565444352118 0.0527301272423184 0.04998988470830379 0.8556629767067641 0.914514839077406
0.3579015381676135 0.8204652050407356 0.3623832742322366 0.8278188159897152 0.36727911377852873
0.2981935588978233 0.20760971289729746 0.875031422580204 0.6558970546180924 0.3813958853717433
0.22722940525298263 0.674407014046536 0.3037029365998184 0.7670057145854186 0.262581595658385
0.9126222237555106 0.8141786854356945 0.8609928981138423 0.0685142800075973 0.10675318590591043
0.400462442901933 0.8998446784433787 0.7062365565815801 0.7420680218496114 0.35612110134712005
0.22631440476898002 0.2312436157914166 0.8543284722939796 0.3144481511806162 0.2876722836079151
0.9581543177270813 0.9416372552923543 0.3361553551729455 0.4787928542884764 0.5928600058340276
0.42848107441653416 0.7502833419444718 0.6091792516959909 0.6885215009933652 0.42694153111339217
0.12342449309751857 0.249530974076709 0.4664237229439798 0.7452817416301272 0.3456713860419034
0.26552340117230255 0.5783888146855091 0.44891612530456293 0.7640415697565927 0.7753359296983301
0.6694541728101349 0.6081574768508955 0.6987055276217099 0.8837270002998054 0.4160832669431884
0.08962932118324973 0.38046201985749206 0.010309032624693182 0.2708158399993801 0.48693886846650547
0.23067919414856386 0.26100962676701134 0.02039145124032682 0.5920168063768816 0.8763610734271828
0.19508146024832462 0.47364602365448805 0.7270935196779935 0.9734334759318952 0.2106061809771742
0.9943841549403317 0.4645200786496183 0.7847088064069436 0.27996819777702264 0.9361939334116671
0.7215236906746217 0.3464149425113189 0.6334102257353234 0.0858209498620145 0.637350164731787
0.07200355036265338 0.6200604096369764 0.5345617434205154 0.21904130819362277 0.48822892837636145
0.5905473562322784 0.9307908223637572 0.039658830344942775 0.49059035986055577 0.6655132732977475
0.9295734070022096 0.07545626964262497 0.3767250055092405 0.12614542890587133 0.8572673140395239
0.2963325628687823 0.5394985113303349 0.9776842128846297 0.07249417963287741 0.8572864554314746
0.006745939344571239 0.5230453599847643 0.4868933597617 0.7930104948166748 0.6182589826652007
0.7283858259360183 0.3924382723577069 0.27422468077859996 0.8981055571120337 0.4828408877589043
0.9931007015164198 0.6940089598123486 0.6046130422731913 0.18617163333163078 0.8578892204545769
0.09397427950580362 0.09652781075641093 0.35857824884567435 0.208338011503999 0.7766177668313976
0.5348947099094175 0.3253909180123058 0.35268773260670094 0.5986902016083034 0.18774335962547672
0.64354615504058 0.14576948813834567 0.9338809745818983 0.13936396720934663 0.6774048182998575
0.24208643740114288 0.8305851369753611 0.4758206969563993 0.6272365068432879 0.11947970051721579
0.31068242765828735 0.3811509068715444 0.9792873931776035 0.5643187435427613 0.2917444212184275
0.5131025351951432 0.8877899455056947 0.4877849134661205 0.6950744028087579 0.16610487421377584
0.7834292124053303 0.8463925140236113 0.2299770367112035 0.27834672031751095 0.8654200347986772
0.7150649974712797 0.13553562042225564 0.5577469867501407 0.5730057644332972 0.15771735242628415
0.1377969812928863 0.5809465772026658 0.9614028418519043 0.8924985527244514 0.45350449848988506
0.16515747773356593 0.35506649993307315 0.3029463443960285 0.7261992486635157 0.4687899309060949
0.8838586931998613 0.23757316379994342 0.6663640844745989 0.015969600488018654 0.009848044334274109
0.7908852296878974 0.09926380077141139 0.6973757456691013 0.20301821307910262 0.9469347010565857
0.9134792559114834 0.21720392216207152 0.45465449511338585 0.035874859746483745 0.1251109809359
0.36654841817959416 0.47260218801786225 0.08470563064053405 0.24939172819910682 0.2126752901036224
0.46556371720408996 0.9472287026420477 0.6517264916274459 0.3637815689517909 0.6836065893962444
0.7209016070364066 0.7000589250681979 0.29623471733515716 0.44286343219538926 0.978317073406177
0.9346044782466396 0.8893055129541406 0.6272754180407654 0.2839354632098092 0.7914998330467748
0.5434554201900541 0.833582372537605 0.8295370925860145 0.6900419063243256 0.05054608911611114
0.9280049626422566 0.9708481296287672 0.26441130092395426 0.5085858714329218 0.22162265825920802
0.35930374021430134 0.5434091037324705 0.42764649637592445 0.6275437934558039 0.9409723674413003
0.35063141120203767 0.9622270656666182 0.9997376086442157 0.4000166345838796 0.8048447204587617
0.5207253404587417 0.996161260673821 0.36925479850112164 0.8779282726804626 0.21342449220101922
0.8268632773311786 0.354609065716434 0.7565360907643676 0.5538984226625591 0.7870202366147587
0.9507034409723608 0.5860667046158394 0.41140724923179517 0.3943545628376648 0.5641539343510864
0.31471090936018353 0.7943620483813579 0.027520541058177472 0.5703529163260206 0.577974955827341
0.997297267770667 0.7216137868631735 0.2898349541698306 0.756284821689057 0.8555199472684748
0.3587627849880842 0.09000625609206048 0.5778465596130871 0.0628699041167683 0.6774875374782945
0.5658027087842595 0.7310273641782341 0.5055645424560984 0.20879458306997822 0.17473498580672453
0.07232515955309837 0.7131523924584438 0.06986927333361992 0.6662220287360802 0.8277144053048232
0.8758932835674963 0.5663048495113805 0.47429709347870275 0.8575586068779163 0.10922589948945316
0.4006213601432047 0.07449863485367392 0.8872167591205903 0.31662890831020485 0.7270070820566346
0.19529238175247243 0.03540340478352377 0.5104069967118897 0.5688848378731012 0.5873905964476109
0.09079369075192245 0.46006081667079934 0.4646805631885369 0.06177281953732128 0.10627374635361198
0.027536573911233653 0.9623266013798424 0.02332697854500787 0.6789740215526568 0.44645486107515553
0.5281767878635835 0.9790234377231741 0.8219145736238472 0.07872788778887607 0.7403332447883498
0.8305631114934123 0.14535484489492168 0.12080629049931912 0.2165229408434597 0.9401836146860434
0.30713407632199863 0.5670752600845891 0.35712986904101685 0.9494364891507204 0.2644406861845898
0.5574485648769895 0.5133878632014962 0.21050489062205135 0.22290353584560008 0.436396308252036
0.6242638256671678 0.27894453243722295 0.8518691144785489 0.5622074701231964 0.9497901294695167
0.8311754286385036 0.5715626873877855 0.3766165225780491 0.3206126211554262 0.14339740965192782
0.7713547541493855 0.3629394381485709 0.12893147385911952 0.64571614528733 0.16882403964299808
0.8331250368393661 0.4059036848366804 0.7369948412026855 0.9729135318848535 0.9339324410764842
0.38505231901930614 0.9799532821073592 0.6837101415701581 0.9879446697323119 0.00019175645858582335
0.08004048203764358 0.5479814835232937 0.2891074887438698 0.3330658271301693 0.139546733740605
0.9876561997206253 0.6684873560103002 0.06112298287686446 0.36708646361528285 0.020664570720589248
0.17317695689452406 0.0641745867165584 0.5560067236524519 0.8856955907636532 0.05026643044823631
0.45251315830542793 0.6831068719972128 0.7379537686187663 0.44798773953310744 0.7726411794683804
0.35408414520487275 0.8585521689112829 0.41914072378795375 0.09362376389740779 0.32746848081846736
0.1744781534756754 0.1987223023827327 0.10960904941048699 0.764419135119853 0.6686375505802004
0.3912233111448492 0.48100270510689336 0.5262848431912589 0.14859750956258466 0.37741204855576205
0.7484697801398039 0.7236009943810469 0.38499036575272194 0.4821290120358087 0.019900367699384414
0.9546264250095223 0.24906022222402835 0.5138427080368156 0.9384977135941286 0.15518609282176643
0.3533321320515401 0.7913651153429583 0.39766646848351117 0.22258972432680368 0.8775861468201746
0.41270998695328676 0.11896513188940472 0.672001654144735 0.2974276274742017 0.9997054417743394
0.5501750363906934 0.4106498357564654 0.5055078138292098 0.3094701406955883 0.3402510767848581
0.7812795082004121 0.4860227782238168 0.18407748955690273 0.351885293538287 0.5063638297003751
0.9010195548658989 0.572750618910083 0.7081953636133818 0.29365317294093507 0.5536411809917611
0.47300467494776355 0.3458752737966291 0.3742698802458322 0.9620213680993462 0.9984690116932345
0.44529599860525937 0.8659795082184734 0.07416865018309837 0.7684484430882127 0.6440878005305781
0.8459291365477035 0.4700166860430258 0.7273245434833123 0.9693851046659693 0.8585888666419913
0.8057988913693716 0.7746128905141264 0.6187915899307431 0.6767411855760743 0.6041658397131825
0.174421963480332 0.522306950690522 0.698025292441445 0.5744880157106406 0.90615646302835
0.17010458147129537 0.8917744193843317 0.7782743400852113 0.00701885370422084 0.8160478830411002
0.42674962391390114 0.9929357946909818 0.877012490046337 0.06352932756722907 0.33847383935218234
0.47332367576447576 0.7729969918915699 0.8366975471942573 0.2045160581175116 0.46703998892759413
0.10664950712961885 0.0866559516222144 0.8143770580588354 0.19462198194789015 0.6348965942298915
0.4485711218823504 0.5607151208641689 0.4701334108971643 0.6287218787289587 0.5525253202724641
0.2824422359600006 0.6724953732555213 0.5235375224272252 0.46258792552867334 0.8050969770489668
0.33050140695671315 0.7042486556902229 0.8692951004518397 0.6681806840903063 0.3460706468846627
0.9772902644872342 0.6392686497412402 0.7370796830434896 0.355656759833913 0.5736258207647603
0.8308333987058717 0.20403506826215156 0.08765610813574898 0.6765071781650623 0.24105552443151346
0.0966185688774166 0.14888256365234054 0.40786663333842665 0.36765357861059034 0.31379315847841016
0.5747264174488494 0.04841466522875981 0.50895510035585 0.42323343358623533 0.3142397419678221
0.04059334811122528 0.8017683753625534 0.8790969662862426 0.7153570666919526 0.3788750741907505
0.820670361414018 0.6771920983658907 0.43030086579401805 0.6255340411285745 0.08351813603366998
0.5027376813564682 0.8103163116829507 0.8184308219404725 0.6026627090041738 0.13122791976253978
0.12556032010419826 0.2503531564316761 0.8165977850793189 0.8697008884816144 0.9274822452931486
0.4370681020705397 0.5911484519675229 0.9593352535306972 0.10978455932918252 0.2971238432297917
0.7082225746140839 0.763789125747397 0.49769107297563675 0.5055876867753532 0.6191386095396362
0.9819482493396878 0.1280218930363638 0.9879587173946531 0.21978431160675227 0.15535161053160673
0.6024734935987234 0.13020137777617702 0.3093851492899692 0.30621605258026563 0.9231700220983609
0.4100212381503092 0.9973070770188911 0.28531291234003175 0.8642771026134318 0.9161382291952054
0.35797109666044935 0.17504892537042815 0.9667837239008158 0.6109550521528343 0.4086981051678221
0.36573104456076877 0.6796563772361436 0.10893764429611086 0.5903299070170874 0.74978518248316
0.7160001629779095 0.021307174277859997 0.9908961400343583 0.6810817629976078 0.8193993369987675
0.4054701893078346 0.4343381843924071 0.41331057580810915 0.03195498193903723 0.3264102632722261
0.09220076835366797 0.9040864352316463 0.10020895047126332 0.7966108956150145 0.7814161973843231
0.3404477572341892 0.4682618513285617 0.4084237915519435 0.4577400134201559 0.7448300508750991
0.16884491860336193 0.6752128983592347 0.41434652785500437 0.697329513889335 0.30434225907806334
0.32328757206970415 0.530284374191402 0.5759660375988759 0.6831901472525892 0.8460410177082638
0.7068197002859838 0.3341726823088992 0.5030276463964407 0.4245734186599063 0.6437641129523107
0.9041003092295614 0.3500294894494912 0.70712384025179 0.2359120509219731 0.299187023275039
0.8424275117737658 0.463835900493893 0.7990509487431494 0.221757828482248 0.884845218409564
0.6575447487015149 0.9050241882189515 0.9606342477811547 0.21780009789936183 0.9030641555043046
0.5171228172629189 0.5203072322612573 0.14740619902748275 0.2317810013770748 0.5149598703649013
0.2903481234650277 0.820406781716056 0.04658241812062114 0.9320768873825359 0.7587297101450843
0.19711760595967576 0.47431121940136955 0.06287946256337573 0.7310072230229828 0.29732002587239326
0.7352305290289328 0.2049949272080005 0.6785939542727011 0.7019753567692778 0.38732621436050907
0.3864974079634662 0.16450755814850115 0.33717120996593397 0.6988823567132676 0.7911235828213754
0.788682336789234 0.5546558061845082 0.5053465056112869 0.7060887924526246 0.1351985640042811
0.5619664385386801 0.9309537336585118 0.09783420674838128 0.20042893089667735 0.81661920393351
0.380015887665213 0.40488939732541174 0.4593336344810417 0.2936574717970082 0.919397160814501
0.4200178229523588 0.44943527128713834 0.5104631887834485 0.4279687379539686 0.37634690990139896
0.6259310436517274 0.3068272399546754 0.7885137472520373 0.8593968031557555 0.1580480329631725
0.9240075911868719 0.8859816162435469 0.4079480946580235 0.01198138180525199 0.12096100988403169
0.9371962292663322 0.48549015576169363 0.7553378055408894 0.9594604981282325 0.8449889870223845
0.04843812668689518 0.040025893529819 0.4608325047547528 0.1271474022797856 0.3621038359541756
0.9535702509570851 0.24828832974537818 0.13366042898153796 0.5732264410516509 0.8489409303563629
0.48526661961818973 0.49674912751620204 0.23814925092977335 0.19169717252917218 0.7548950482105052
0.2803066045184318 0.7668532199691144 0.11894189581149617 0.16101737840073382 0.4463994494689505
0.305021269449937 0.12455008883252061 0.0803839052193358 0.35724793368857555 0.904595202850872
0.3127356215527034 0.3375434049207102 0.42989450155878883 0.6818850812136515 0.9197315764866087
0.9856898825645364 0.47039097425984033 0.9710902470973437 0.2547169984047035 0.7851706044635633
0.7154387197641696 0.24000545946137342 0.010840211733838867 0.5601672603245955 0.6316451487959827
0.14154136665760386 0.3026163363334634 0.5112872403711449 0.7207329758752526 0.738807622787966
0.367075630384635 0.601398740011468 0.9951083259114638 0.9577057258613583 0.9714451069339106
0.6405862858910268 0.7220999744801643 0.7872853702576746 0.47350743436492604 0.10595855430545353
0.9962000901323229 0.3407584285215032 0.09924129176223906 0.8042560244836915 0.6406363626675508
0.842001679343616 0.07764850821184943 0.7947120843854301 0.47029227488279424 0.8865147920541628
0.20775757989569665 0.8878567001343642 0.24017387110829036 0.81820324709447 0.3235463195866638
0.004640417972395672 0.8783426371199425 0.8206644267923621 0.7297590427426244 0.11064400216067583
0.6261364605401147 0.7533222456093241 0.4324590633880516 0.21461861907552204 0.6691912965046234
0.2893119504058477 0.5144997792566639 0.15416214181960552 0.6471641967237688 0.7435511436549085
0.4601245331111987 0.5606295281186567 0.4269241821338723 0.49376489455653905 0.5933248939633854
0.7327392182924706 0.4176455814652452 0.43418393988104176 0.7565164680629118 0.9191144022331746
0.026228498581451154 0.38943405629681105 0.7871008788685823 0.05628722347213888 0.07475875408023014
0.5779417861085255 0.7701451728663402 0.15215726767750692 0.1491651685670633 0.11757816384436837
0.018250447432273886 0.07915771462151033 0.7714887042940037 0.6612341284972983 0.4848680427914114
0.575917373586307 0.6112394027588995 0.4718486572185072 0.5103876168390458 0.8971777539200204
0.11611938481501316 0.23367703396066852 0.27942732035537843 0.798540245393588 0.8608297249198624
0.7969713907095735 0.8426731640009719 0.6802055895454812 0.9493920718933242 0.5407045340629612
0.9973365651113407 0.2875975323692388 0.7132913639206191 0.20562370703016497 0.8295922507870287
0.02195985542272849 0.6985180221564883 0.5606712714997516 0.4233877192221468 0.2679725032220739
0.8644108186424055 0.48230261620190973 0.8645003388407311 0.12426022820389471 0.7836838495671267
0.5626907541780257 0.614074312164209 0.6045287933704865 0.0568463884358279 0.8661495608794627
0.4374480900134443 0.3165392184872948 0.35421881797407295 0.2530914177512339 0.7937954393263839
0.9811436768481497 0.1221937209117957 0.8791356169398531 0.8537102806803288 0.5872674844855975
0.5625206238245269 0.6820584926597723 0.47431146073259123 0.9072266470141291 0.7455226078149342
0.6715735274525749 0.38600343852073293 0.4647190816488155 0.1991507608333084 0.9626475224774771
0.2871257890968495 0.5928318196069766 0.33827933202326166 0.13597463546793498 0.9963616149627119
0.7755701696806554 0.6289707256599634 0.33183263230831395 0.08724654765087081 0.573398612887599
0.5077707337503381 0.8657705776253256 0.42533808382468596 0.8432500178196616 0.045424061875382615
0.19573711261243776 0.12732357499105007 0.19883733562636396 0.6034365843989016 0.2340030358006545
0.7718994734523255 0.9105806297531905 0.2051575852671481 0.6894727074566642 0.34369124115879246
0.7074957255892435 0.1432763536110111 0.07960572840531199 0.3791423574310818 0.6654819989420071
0.5296681280209428 0.12796072249824442 0.22646145327425238 0.4187294995083275 0.21452275718992742
0.6864202602334868 0.3188050815968564 0.6163784121489482 0.285565729231156 0.1917463241861116
0.3753584592844986 0.7100874920501128 0.6186547651137305 0.3613610732368907 0.8481059531265215
0.19780563326369693 0.5444256540732193 0.28186312204328146 0.8106485131691137 0.35738367551061634
0.918061287034415 0.691624280154576 0.9238365818614231 0.6212770889583216 0.9994927791803518
0.17738793026632327 0.20367686489889658 0.4741774075908368 0.12771835670510545 0.34371630239869955
0.636594203993752 0.5266029751974255 0.8618156974216501 0.4601847102670097 0.6289493045213852
0.9770184797131747 0.13320030477026035 0.5568947429647157 0.007304231613711187 0.7226023605160202
0.5948984680237549 0.34166152685153217 0.7006966665465554 0.3873298546395221 0.8344790265492215
0.24748511536693685 0.23826297964910315 0.2292708836829671 0.9788383523015077 0.28833358248850516
0.4713062106080549 0.18491504916604584 0.02975208866082224 0.36708273062532326 0.13818148278516362
0.34415841201243325 0.8182238840670747 0.06049691431061288 0.515324514494142 0.535897777698809
0.955388900778787 0.3020732805103804 0.4059971243298822 0.6439560978484946 0.47271716744180026
0.7596652033252056 0.4339110039933882 0.6390157171172992 0.15706019595455278 0.774895567233937
0.18610415896759747 0.5533461438031013 0.5293109101209984 0.5146987671357202 0.5696106391423943
0.7926097545731358 0.26663208969213015 0.138523147692036 0.18853677586936213 0.8059898177956475
0.0025698214194338487 0.15356634359265586 0.3540779488973518 0.9638898210660651 0.4007208814360276
0.17735174900744655 0.37759963014150655 0.31084026379837204 0.4370470085730759 0.7466655880862091
0.4602740035892319 0.17625357320931312 0.7359573250577549 0.11074052546428614 0.5590585782553606
0.8356185367664406 0.969781084918253 0.5028695963185209 0.28654568290999727 0.23660895477757815
0.6559738865650314 0.7245007923986893 0.7036730683465676 0.33249441278093395 0.21243516950123176
0.903125838446891 0.06123117816619317 0.8737327738188172 0.16841451584703948 0.14137504593978945
0.5236816223190502 0.23991890057967646 0.9167835956676192 0.34165959373707466 0.07013017528120635
0.7594327002855129 0.7869320930884256 0.394918828790526 0.3184627771357703 0.4609917804476926
0.31110435003710024 0.492008868068624 0.8756680143259075 0.8179496741642094 0.11832222140737214
0.09710613087673725 0.3489390724689082 0.2365603609084841 0.308926309555423 0.37451172430544133
0.8572125138001654 0.012984583038274766 0.5237405347518033 0.7095588754974927 0.17139590645830716
0.6607574028309665 0.4241248914885386 0.36550022413150884 0.9618139340222925 0.5727387063667493
0.8386259498334638 0.08473445322739748 0.9686351546849679 0.3212332928822441 0.7729803958783744
0.485706914416993 0.1494074371579589 0.2408274789816045 0.8964097536134679 0.8968444203493416
0.8320894235294956 0.9810362529299362 0.5730215173726974 0.9182652414661671 0.9430638956525074
0.18947183978539195 0.9487579888287369 0.5397940135071319 0.6528654139659897 0.9933760245693165
0.7690224143940741 0.036212349311799064 0.8247795706559651 0.9590960718199953 0.22609484573315786
0.2714904430602829 0.5203770035065661 0.4086740893703038 0.09510386425426032 0.5419766500997443
0.621197295774429 0.1825247326478996 0.17278342329821217 0.9329075956747594 0.40589842615119187
0.8229774271645278 0.2758984297241416 0.5427427576396263 0.8996666648927684 0.6380366840426058
0.4689114322369399 0.5317014240613583 0.8994092643863155 0.08125930894025635 0.7593505740678946
0.012640122432225342 0.49448944547478135 0.3049015010902396 0.8255552914497579 0.34115770508028
0.02340468485889935 0.08221745517233026 0.49411750204566696 0.03381169892753677 0.5356389486398865
0.5649695960184855 0.8224676023508243 0.5097532615436552 0.7505073497240612 0.2892174862268131
0.3109161990097642 0.8459111541405258 0.25110355589648803 0.46824212914499896 0.9598109732794564
0.5231564967776478 0.16786591529844186 0.2604686417674692 0.30947698762843046 0.07290497306111354
0.47949880500024156 0.4152310455250935 0.9618811000484814 0.7715857766333137 0.5495065120750261
0.5179856995434795 0.399884141995439 0.6813531016087007 0.3909541448249969 0.16449176202589233
0.7294230279649904 0.10535674525376004 0.6146600588393332 0.22690235812244153 0.4201968402423566
0.8499879641348453 0.6331175283902928 0.9523110372255278 0.8015037120094954 0.7560806714519975
0.20051769383046192 0.9046782165565117 0.7521386590775114 0.9389538019769803 0.8253450677749972
0.14759057296853717 0.8567872947674994 0.22660098292126485 0.5309022863439523 0.9730381135388773
0.5027543702339147 0.656311136428266 0.6905411486774844 0.29453502581085445 0.38927077109562525
0.7991851581008783 0.018690240089196508 0.8658144937221797 0.15803817327850156 0.6333455423275768
0.8042090973854378 0.12681739804297676 0.25896381991678796 0.8484066517373179 0.01139300426968759
0.32962118463365553 0.3401979458020734 0.0809789234655206 0.3750576050462675 0.11354303401086052
0.22440773700083494 0.32758706524560677 0.00017694892644282145 0.43213995448792275 0.6205762391075342
0.10184341761451121 0.009539448543696594 0.4004632038396393 0.42154953075119295 0.40478481115360276
0.9505342000172236 0.5576839281979198 0.9833107116365657 0.7234293164672461 0.4070936399773035
0.008943923927437925 0.79429754544997 0.8046297424503454 0.8707101977965048 0.22329464702841018
0.5314976188467396 0.0857688869676303 0.5100131548261748 0.7774836490912449 0.4749116491383598
0.354150556790611 0.3480607891843235 0.6503339693376297 0.3216352844185726 0.541354348812641
0.5511916310268792 0.45247198684040013 0.2654946510560654 0.11091087590221249 0.023036346005348762
0.7394910451960485 0.39022838110109404 0.5019974308783736 0.5731793698739428 0.6011132741560963
0.43196655843749954 0.02082668502036822 0.908590240789924 0.21232270885687954 0.09407759104177182
0.27368129201852587 0.11071272190787373 0.8148770175879624 0.38570758315326503 0.2789310857137671
0.0382782949301439 0.7287473264728348 0.8853778291770324 0.938049979503409 0.5297239810319977
0.903719636058849 0.1847065222108688 0.3355622036563113 0.3329630128741691 0.5524437217364294
0.5637975590349753 0.790767430139928 0.36854840403407807 0.4846277236790669 0.5473158208109018
0.33876243522166793 0.8597812311014938 0.817899066492156 0.3031778066320687 0.18795440255057716
0.9224005915435564 0.6713170209560241 0.2457631798281985 0.6709415101712545 0.15207743568924847
0.4971497723496008 0.11709901090385155 0.591608937936652 0.37386748259960656 0.465580512226341
0.7807825147546238 0.4726307760076114 0.8809536289896895 0.7884103697761383 0.4951405908958576
0.6868869025604082 0.6026584372621393 0.27723824593564184 0.7861773634003774 0.9808429152217361
0.4847948614924181 0.6809249835076194 0.6913895258947542 0.8402936056229939 0.9480916249685889
0.5155476108775319 0.45186140710460876 0.30710791025834316 0.5021972674289431 0.04486897331576767
0.5539787674973664 0.31099764122574425 0.48483753625262926 0.14056506762329102 0.7786046157226789
0.25929786903049734 0.8703649237376846 0.17414875441889233 0.5948458653581837 0.13815913972145955
0.2724955494987086 0.732982500229446 0.02500178382445728 0.9878653925963465 0.11438470686902447
0.40724597190200573 0.08072751389097366 0.9543282868074724 0.8474833837882716 0.3611254949006889
0.773601883095622 0.21191124210723222 0.6692240330565917 0.01707751835344795 0.047636681682569404
0.8925773429260366 0.15430431392371247 0.13479984722826366 0.7736644197990319 0.12915616187876378
0.47167707778653023 0.04198024390486066 0.14652973570149286 0.663116152573509 0.9577489389957499
0.6533679352333523 0.932773470106682 0.5661471359261341 0.5574079065944886 0.0776325823786519
0.6421800640523279 0.9937630342200868 0.0055606596421269305 0.44521643201025807 0.7360435098608251
0.41780890328393416 0.6841548099170721 0.8607909731516975 0.9481509939262148 0.7489500493649748
0.6958990594910142 0.2547605240235812 0.26764534041671106 0.6842262883350716 0.13410952303085533
0.5416958981050918 0.5896443796485304 0.9630373671430443 0.2016349448460355 0.958342691447436
0.6900070056417937 0.7380898573710838 0.8874375397876624 0.18176687120132096 0.18757418444592733
0.8243537308622187 0.058905993413420066 0.3582830438099954 0.29070052196392093 0.36314417067702054
0.5014845937930382 0.4518082807512547 0.016266148575720174 0.7431934985123242 0.13419983758089504
0.3673753127158227 0.8705089812788643 0.5337489934953458 0.30947887583046507 0.6806285679941324
0.06587253943663451 0.5593400298434537 0.6493315285764689 0.6577299216626266 0.6445181086483007
0.7611171182877291 0.5480439967061714 0.8566092230909613 0.6452137000904796 0.9266352021520358
0.26227700054551417 0.9130756401407722 0.3172692667132305 0.4012687884967967 0.5210151121577249
0.6795571123728671 0.5436563466813329 0.0821201297124865 0.4916925531752916 0.17053540130690037
0.0689809380549764 0.7696304744254272 0.08408869430346844 0.7802315647708151 0.43951013043697384
0.750598143663461 0.603001212648528 0.5568860163740826 0.9668283064265695 0.12302001490907
0.1845819039060771 0.5043244962231171 0.8467083753218761 0.6549559644072839 0.3023715818700501
0.4651717462951285 0.6753154773110926 0.1935918989192016 0.22744815830293308 0.08960429916814239
0.2638243082915359 0.5097109998249241 0.2200052982409454 0.6457120111622533 0.9491931599835121
0.9227986692902928 0.489106960470174 0.26071158851141285 0.33082938867413225 0.3490408364286973
0.49474149834765513 0.887619445755832 0.5028901799374973 0.07181690050324652 0.6753242460156301
0.9649170821305687 0.7707819005371425 0.7665841592584248 0.09728606238268689 0.8600807646566598
0.6372527297104068 0.25390332376423086 0.4997927457028579 0.25957443203325337 0.4071680506924741
0.9538373864103317 0.39308551583472584 0.5373376023487015 0.9008261166937602 0.2513017761713052
0.7287321896836642 0.2771643260311043 0.2348531579539873 0.3049161427956103 0.12634239006070203
0.16481579716344774 0.004338257293593828 0.9400556006661315 0.28408177799970746 0.15599933721063064
0.3239648106124565 0.36814096546678887 0.7948284125070156 0.573449311801717 0.5267413190329381
0.27328976315849407 0.16310507399306295 0.2322279955722254 0.2592202200011565 0.44052458167442765
0.22554292527934894 0.7350181181978622 0.6863860425376679 0.023146628881109743 0.7238687340925736
0.6263901678635583 0.42836327583102374 0.49644956234219917 0.374253359696607 0.29296428355673365
0.9966894244567875 0.3822122627105813 0.4648746365720242 0.33480053251918207 0.7980776397812662
0.9377979372091841 0.09383959008127041 0.88324140108791 0.6546013663668725 0.2749814111471627
0.9815421577612466 0.36921087605555136 0.6744563167892561 0.8652503676636868 0.6535286597777648
0.6293430700439301 0.9020929092870466 0.11791644649920718 0.8484823101730665 0.2416076784601241
0.6898125218618953 0.5849485933724824 0.8128808397446363 0.4001408049678721 0.5011091267825267
0.9629033002772786 0.799068855308587 0.8843900902514731 0.3035232320053819 0.16787316735292657
0.393687661884757 0.5819501164960974 0.6875215758669088 0.15392090008975523 0.5410628142439958
0.742373790779854 0.09038578999323288 0.1160789434977042 0.8254590697268287 0.6133153543001572
0.2067809690638166 0.9421900992431889 0.8551552525034392 0.9296306254600675 0.8899573297763377
0.9602019303182504 0.7885846389397058 0.19753656723227853 0.6694699987017466 0.9762634551310503
0.9246451754403046 0.2741693988405105 0.22138308809860863 0.29719546213357506 0.2830998954092595
0.4623366701756557 0.1559014586467352 0.7964061495321517 0.3043816077385464 0.29993486006135084
0.6893325556866433 0.7481161062242294 0.8615060100012012 0.7521624180142724 0.891613754236305
0.07748383804078018 0.5384904795319444 0.5984832053391741 0.11695001878911138 0.02195724322748971
0.0549338983731914 0.12649946078724306 0.39608337355534695 0.18741856969691761 0.4072840525744077
0.7432907348255375 0.45921599840053673 0.8115150985975312 0.8880700987640568 0.02612444660157065
0.7592653344990911 0.5311561480297405 0.8962522569263124 0.8017716597006014 0.6744357472385527
0.4524416841291812 0.9010113079046949 0.06473359917258992 0.5481919688285125 0.5063557944826685
0.5314545991959492 0.007118539493634057 0.05775226086530538 0.30363309326554544 0.5910765490614429
0.17343006880215783 0.14715741070727295 0.4448526563037414 0.8429349848429343 0.5326554341875194
0.13758160542706355 0.7207238504392309 0.31927387925448036 0.6796441351274567 0.720443866519572
0.24885379258802653 0.9491636400820834 0.9893871205039756 0.7833547305653225 0.5508822958449998
0.5205439108865262 0.8117438579904364 0.4696810608061569 0.49479072844058214 0.9901597060361985
0.6862721501258237 0.012572013275595761 0.7806879599671931 0.5523634015839028 0.09816872993772052
0.6562580957545101 0.3777250181125701 0.3390748236159219 0.9375366546160581 0.35371760248167416
0.5972408315115437 0.4097488191698485 0.32697769268636645 0.4908535109113831 0.5304631317967852
0.9659938897921694 0.3710106851488292 0.9027831502586819 0.04721920951318326 0.31301049258786107
0.9325732224258848 0.4567378267132518 0.9356632026829397 0.1994150592251296 0.7630139013826416
0.021288818246718688 0.6554179476806656 0.5604710102570096 0.17907698786898885 0.8941727596677455
0.04416698188320045 0.5034297935692684 0.4995235391779508 0.49107681833713834 0.41134110214220654
0.42609810065637443 0.44383069579450685 0.46536923791249507 0.30910933910373817 0.4149050439098364
0.14519304230477537 0.9423876563111901 0.7600287643584512 0.42199467694912995 0.32009168804270527
0.7453448443252498 0.11373250764458198 0.2773079959949266 0.8608918165207321 0.9269348288959165
0.13003516374366375 0.32626095675039035 0.33678073734438463 0.16352424196759718 0.14929617249281468
0.10049859672797579 0.08845032040303313 0.0958818451399781 0.7663880176423916 0.8066211181087898
0.4039086778097576 0.2736802918286063 0.2074615400377291 0.4677078438116081 0.9299826932975297
0.97007364299396 0.3998439528490675 0.5121127778298815 0.608358253721325 0.8112942400647698
0.4784294907552572 0.5731789084645151 0.9491802346059764 0.5768087413209277 0.2868778425463142
0.012139103124674477 0.7546666800989813 0.8412692929049286 0.06189302511156358 0.9596850428593221
0.029947919847512217 0.9597924783134174 0.20829891884196694 0.5368022888490187 0.7740502375943836
0.10631923608850724 0.5954305598116566 0.2857508339195495 0.3648023957776081 0.4147190315813605
0.8201913203672659 0.2499395560289156 0.5699079556360535 0.3700752486268931 0.6610118168241484
0.2806458433658091 0.31883690160913747 0.825137330722776 0.7266801640854763 0.026057640330210297
0.7010620945696157 0.6478380204370724 0.21375390821833484 0.41786592741072814 0.4795390254988774
0.6654786872410157 0.3674601125817667 0.7871722053560813 0.12833271359383291 0.7580027698818814
0.6674567190143975 0.6825949237548168 0.6754397847906614 0.9753584934833746 0.6149520910103744
0.0984962557696758 0.8165594657335631 0.44983375670365644 0.45702705083948425 0.6407132536937531
0.3334385497626732 0.3261206166227588 0.03807922475876502 0.1228182761020189 0.5390131917674291
0.3177808770244406 0.588237085548979 0.644641881743463 0.013383852660942108 0.08085745384448695
0.2700290966794038 0.02964423828296181 0.11453465422459042 0.9689783814755892 0.07110719861360826
0.41855336708727486 0.4059472308523141 0.7080481322408785 0.9123364383707263 0.8574916731541795
0.5707155148519677 0.9098252365590598 0.0421271870436295 0.6725023812973054 0.17077392732315366
0.17759032958623033 0.7880012129430715 0.6053155655152288 0.526669361513555 0.18729284559471326
0.6391624749351067 0.9708427704523701 0.9710090258295484 0.6193012241231254 0.742626569730663
0.6102190909424138 0.6691484928428098 0.3578639174540198 0.48946734826217264 0.15127628916774938
0.01530526734583415 0.01796234044739442 0.6116099245392058 0.29637251336546167 0.3891194803813849
0.02898917321919048 0.618909727422097 0.07498045401129372 0.24401329675952033 0.15469875477833683
0.09864703706047417 0.9100582101695553 0.9547935848195175 0.24474127191313688 0.28265567839817596
0.7469252616370491 0.14024047191430422 0.37730074566581173 0.7151842579356996 0.4943268111972853
0.13312932630674068 0.6897762398165622 0.9881982706153977 0.43699951188861397 0.4496047000463521
0.936196234696394 0.8405351882745506 0.8499499390692582 0.4692417951660607 0.6534236454992386
0.0901484358089556 0.35476419594148867 0.8369439485724752 0.43138304060061394 0.06982550500614615
0.20084748399638186 0.25873472891458604 0.5686787827093904 0.12316604035104362 0.4435579934106356
0.8820348109744599 0.35655412988823154 0.5740930600956559 0.302017725806046 0.7212708679822316
0.011140331876563048 0.6990055075532046 0.00932130295494682 0.6874051382412585 0.7389664824092674
0.8667489269971694 0.053185956315120686 0.876009113428208 0.41164752970758 0.5751410582932547
0.44939099318796705 0.18357312517025492 0.7198904880850824 0.25075439906242414 0.410996229774654
0.10809404667331135 0.47855681669083894 0.8410022279380176 0.24334773043513835 0.3404468629127142
0.8096714429412113 0.9549592373326942 0.358473129660557 0.8621008390696047 0.1001657562180639
0.6660390243539114 0.5675473310112067 0.30718067346559186 0.6005926481137049 0.6457051173460296
0.03864566482424092 0.8650690795864913 0.8937181828328459 0.53944721930925 0.8008569403059026
0.13435487137228241 0.759060203836716 0.8391303770769678 0.3759769194883841 0.6124769889641085
0.4004594334142997 0.22442775874000875 0.09777204316184729 0.9395673185132893 0.6414977242279838
0.23271680413651674 0.731481760576626 0.5373874538798477 0.9749076579649489 0.14371298688894307
0.7409601145831541 0.30808418947009963 0.8537205062562784 0.41601336134922406 0.4192011931771751
0.83470595750523 0.6298667864076296 0.29768749977386844 0.6848229289882697 0.7257771705847041
0.9781659066647697 0.25347213354830267 0.8694697248602277 0.47964381664324296 0.33382384392601205
0.30023622148028484 0.5235000754266339 0.02125629601842638 0.49898523797426386 0.27130218438107223
0.6573153977414414 0.060025289703312334 0.4424809662227246 0.16095678058849827 0.9203907408486688
0.8904313034956236 0.9169063642431536 0.48334753919507223 0.6188411114486213 0.9890400849343931
0.6216029814285323 0.3045973794219038 0.9572107957880192 0.11080101655712082 0.1652196362894368
0.049818527020055514 0.6857060173388794 0.3818764944878893 0.18615959433550056 0.01267643485878922
0.7410769690345634 0.8480219065328046 0.7805448769553761 0.25157543237567925 0.776895817748178
0.7524070465050204 0.6866352706744301 0.6559185878004734 0.7332664758722428 0.04368714140212615
0.27021902888210647 0.8946838824250672 0.8396458174511853 0.09126663314337757 0.3848625483152859
0.5417984151134327 0.4784089700295576 0.6345670178441677 0.3632001093046703 0.5754431364415978
0.4292170865640408 0.32896273444953006 0.897994390143857 0.8629686607623499 0.16656602567128675
0.09210106466189716 0.8010721180380138 0.7754988408952062 0.708779122010763 0.701700221440078
0.0818162483479522 0.44308814467486146 0.848815598816681 0.4282829882500908 0.7000473583439509
0.6012859556701761 0.2816315980386843 0.39120118444333263 0.6850457931509438 0.5085718438121478
0.759826980245411 0.4793190608026383 0.6550902578570313 0.14216869918187114 0.3424953303674768
0.11207728904222825 0.8146613887918349 0.9363249773514087 0.3944472493643256 0.5644660335065639
0.4695320149703964 0.7575442989550769 0.5735576235145083 0.3393326787359111 0.5276451357835413
0.5769383927042345 0.5083972588865509 0.526337950699768 0.9639096391400177 0.8416566456962814
0.9098457790483627 0.6496779013652432 0.13310577615062902 0.26776837868932224 0.0255337074102594
0.8122760754701527 0.6098458012941937 0.06694541816388933 0.45158733922223027 0.7886417318722465
0.2640547472303034 0.5168692079734312 0.46890243567193746 0.5793172421554802 0.4372756177340017
0.005663867766059538 0.1384798573290611 0.7162465990222624 0.18609579236337148 0.0489950822402615
0.9796442762491153 0.4092779747382721 0.0692445666318039 0.5797111422459487 0.12815169093636802
0.03722308212793346 0.5769896113404469 0.9685603559302368 0.935672311917158 0.5098333641335466
0.12334999894804333 0.3725251132902241 0.3359060060523036 0.5680818824679186 0.5654163417481591
0.5692121673174203 0.23027206554544433 0.16123053507224572 0.640753213220925 0.23598392926554057
0.34291304399436773 0.24624388032799183 0.1245496699735007 0.3105082138941426 0.3183519711492112
0.3642588720843769 0.375448908644041 0.22325514333795582 0.7656881301234864 0.1867203755003206
0.05833489975403694 0.20795299670907397 0.19196194401147892 0.9102471166494805 0.4216702258355497
0.1001222008683853 0.0904489814014744 0.06054518082684124 0.11811090087937492 0.7492787955821868
0.6486958648685822 0.1593756136627883 0.3510132024688404 0.671345965171 0.7893019800328055
0.22419682363736926 0.6380925114476863 0.2517077530377053 0.26475755881842433 0.8653509614854725
0.6842206705684111 0.5567182189353139 0.3595999642027703 0.1287387750275878 0.43074531752322354
0.3632145458963749 0.29884497771493446 0.4794726406923481 0.7137074286717532 0.2729551939690956
0.3316716035539452 0.238168560383606 0.7360777284862468 0.7758636526327799 0.4066737966667159
0.7810819787988268 0.6925803356822425 0.5385627104847193 0.2320811819797174 0.8645386429952845
0.8273248236872397 0.24953153102772951 0.5678085434624637 0.5362164447071825 0.08607102008903167
0.5163188518837184 0.25420804893682303 0.5388895628487949 0.5167736788469487 0.6535354599750614
0.9548114682002732 0.543092447418657 0.4785470699623433 0.6933179244340291 0.9266167615932409
0.7694532824864236 0.5918357353320319 0.7211727228912764 0.34269685952224604 0.24406692189760948
0.09560652825766358 0.4258765322596797 0.5496783308628442 0.14471625708167102 0.00713347079742821
0.4348038462492766 0.6888555292459114 0.8575994452799497 0.886207939781191 0.08950557950915694
0.5965896574757167 0.40482222272962354 0.019268628210937666 0.15404981830354925 0.2578788551187937
0.6059577505264493 0.47296373764373456 0.07103893069586187 0.4147037739468138 0.8953696659111946
0.12119034254232508 0.0560097514987431 0.00529645875525131 0.5134566416440547 0.3554296304429114
0.5502002136611156 0.8313406551941334 0.8706647597401977 0.1858334166006621 0.10126784178147563
0.7628948066562137 0.7335866383091503 0.5866726151413393 0.8928582786154039 0.02941261080230595
0.8876485524286127 0.7462556380664825 0.6943443146290744 0.7204272552797902 0.8934104676429679
0.06931596472055102 0.804606005281549 0.15275327011561124 0.959364609087915 0.43972965747568393
0.7435085184693164 0.7365858852184577 0.5351924911241839 0.3293556896228933 0.5865469673609942
0.4122075270547624 0.5685208926218699 0.24819937128209013 0.11128255083145544 0.02983142540450079
0.9373818590549576 0.6889019876567148 0.8570488546763677 0.8283959346012604 0.42624811657904405
0.5753094029119775 0.25645580583401373 0.37901814259395616 0.9851939393490368 0.9247289617747424
0.6780309531429224 0.7726024940479743 0.7382627945725566 0.9220310156776694 0.9737120026038883
0.050289535861634094 0.20557317402018305 0.6385140901471206 0.46283581507406013 0.33251173593774386
0.09169353662292112 0.08319273404993899 0.3067768429425419 0.34102203870699355 0.684513627742472
0.35559805094809904 0.05335281760253707 0.8740589621076787 0.9548781380155537 0.18930743088901336
0.21753289817545485 0.867327084813441 0.7483749832273164 0.24288199100746022 0.5593075839877318
0.4231959246906447 0.5423525760624313 0.44992949060767173 0.09439289018433583 0.7110801090333979
0.6487444296865993 0.7228739347675844 0.876103099299904 0.8561277695899638 0.8104242884508248
0.22696218246556477 0.4804249463301772 0.8316841311691665 0.014969133234058019 0.642826332316102
0.7207522452319228 0.5559493596129601 0.6317150501493951 0.16186739202313083 0.06384192106501574
0.15984479901218496 0.08738183567191204 0.30925336765517664 0.2348285999172962 0.8184182789207836
0.36057458386421815 0.6614980205638261 0.763359105047759 0.32720923423015535 0.02751142382332894
0.8848305487916425 0.7098218597900221 0.2953816019657145 0.1486347501255697 0.6756105725318663
0.13386197836806846 0.8393534233325369 0.6352809614165473 0.9498576114488887 0.8027069649307742
0.14551554910830888 0.8490707451164112 0.28712600079615336 0.03615488368459929 0.30196285985144455
0.10078956721652232 0.058616691623113004 0.43334568940649953 0.9256247945233478 0.1318555827563661
0.41558751290429075 0.9930741997027567 0.43137283639052015 0.47686407847729895 0.8105209885674669
0.04641642277965741 0.011124332917450297 0.7350309777558236 0.6793765445132802 0.919217004408306
0.9022882728488641 0.8672679526049101 0.735997348166725 0.6432906963011806 0.27227230562035143
0.9356382941452859 0.21752661015192343 0.5121498677303123 0.45136849231579923 0.29404252592713487
0.17039483259974575 0.14681175400971225 0.15729129765325656 0.3596612517686837 0.8508482591253476
0.7220285889678848 0.504974384879123 0.6773858947598775 0.7502705714351875 0.533246978617766
0.9879002821518122 0.05767406965475652 0.040271846973854886 0.10456705010262723 0.06761245799389504
0.5702492822315605 0.786427287026352 0.8579966311586268 0.6534605142384244 0.42481057790734267
0.9346386303969565 0.11158739019180053 0.05830889151640195 0.3412970857161203 0.8003697303906445
0.63334796487311 0.4705762843532644 0.9266150519751324 0.917600715714461 0.4306721065102669
0.4605589189741818 0.6687536889971327 0.03666043305841793 0.9641087265968169 0.0597393564089288
0.09343983646443033 0.1081852196176617 0.09973030212115708 0.7053666645234429 0.599428107064322
0.6182252042255829 0.8120440171979852 0.7979292901989338 0.2717887417819721 0.7303482858749603
0.1389438028411769 0.4154362478654178 0.514060758629671 0.794262733186675 0.6287575783042969
0.19564203079966125 0.5809441084182689 0.07371215133666209 0.9855329874301967 0.3123954921002967
0.7741071559858959 0.9415055545835874 0.3375703668800579 0.8500554626593946 0.09116667633823272
0.3966176862682451 0.7984079844730596 0.697871323916389 0.49073823386378757 0.46478626054188743
0.856539775648755 0.617924055933421 0.6518650583988757 0.9039460238187998 0.469214859876002
0.9098117179403667 0.22962954632884647 0.35317523311769694 0.6878124281264988 0.0039019282100003494
0.45115242699857905 0.8907496657392718 0.14820881701524258 0.9629666583307053 0.5872972304735125
0.07252983577979077 0.7425125446819499 0.6996156861818351 0.17511027095818477 0.660055898952337
0.3874694332018175 0.09076530937676575 0.6260513472540669 0.2859799208230872 0.5570518994588136
0.8226163539803429 0.8631871609230549 0.979719890318735 0.628352379493558 0.1177068900309427
0.8691318472075533 0.830687256633657 0.949385283855022 0.005935808388804142 0.39456081213640926
0.7372891228034347 0.09489166776195512 0.08513361514670204 0.10839154455737099 0.8175963057676513
0.007245642729886925 0.33115705911052684 0.9652113286531676 0.5866812938996374 0.6977807539910281
0.9492724406917024 0.15013979612702555 0.5694036543507072 0.6905973004882039 0.33536300178559064
0.38151011832287174 0.8207744690141209 0.5895903553574937 0.5899546992743294 0.5085555748196263
0.8227633914829907 0.8813499493471432 0.18005438002122665 0.9583114868213395 0.966754302946859
0.03348063177354277 0.04039489949783659 0.902365527929199 0.04484022173627211 0.23620079323730803
0.304055096106431 0.8777459515881184 0.5831671783487746 0.6606714112242928 0.25711641680878683
0.7125489144438494 0.07576973164167855 0.3995393244580837 0.7060866137417846 0.9528263388772545
0.523715474970315 0.5389452470977992 0.15289842770138762 0.5033051515751285 0.8443535351006155
0.20658506287112677 0.6416765380766608 0.14664323787287614 0.04375506928411632 0.40489874248062585
0.27652464629527884 0.3153699408293874 0.21736697964894436 0.12411218685664127 0.6545842080825918
0.9848711493501906 0.5526424836966845 0.3497701050405967 0.739725052984849 0.7047610147693267
0.892529558802616 0.8075374570100031 0.15589477085411418 0.8561324370528142 0.6019919354446309
0.6897055108416077 0.5072493934243377 0.9748510451828531 0.5737946794150063 0.4554864208267463
0.11560131736290813 0.7183616557537773 0.9361262808317765 0.0008251069827626134 0.8583708334187524
0.6613714990528894 0.06262399368642191 0.523974298603398 0.5400375877974908 0.3630636572486118
0.49383263989645854 0.11332935734648275 0.12139294966764824 0.2949481473046305 0.8118935354306488
0.5570807153358937 0.08086646815608578 0.05145718291063228 0.35109208018550087 0.47649051849972246
0.723471637358001 0.26151904348323196 0.759795787850724 0.7158996163337229 0.11024393461911097
0.4881719211938915 0.3849556521089008 0.5771087926220391 0.7941579630183926 0.8453512783822978
0.1282128287722326 0.34068297214376464 0.07635151987961708 0.37980307914456 0.9600458979941355
0.10380456938251403 0.9874705605677293 0.023147798397140096 0.030020405026661923 0.27184355283564354
0.08042978304102921 0.43315285200724074 0.6341683398893206 0.6906456839712798 0.095992910206402
0.02215226915720858 0.16988292293648477 0.7144101488453407 0.8163355143564276 0.6185365526954897
0.28942779101835303 0.819077530664118 0.004683329886887688 0.19944581232296155 0.04421178317661467
0.9595665379395142 0.40695425362686155 0.5694516704313715 0.06516837125435937 0.3329926456744644
0.8184233753531786 0.5645442879303922 0.024761994468360693 0.013287293248247067 0.08766679006103484
0.9625069308771805 0.6563536723888714 0.03566848245035237 0.5605144000333466 0.39300144717704744
0.8162925930987098 0.8667484345487348 0.3251863903596405 0.6774659951796372 0.9106397229116231
0.7651839407864541 0.2613819153563287 0.6761736445935659 0.5386174085267055 0.6682582308773324
0.2848730919645355 0.08359707504447289 0.3972587166565087 0.9811501034688527 0.37002933187308784
0.5444546040272151 0.26375045704074074 0.5622165312406187 0.7500782281060308 0.5138779439280624
0.3656001188912682 0.22488017458229692 0.45897326610352673 0.05187666219018128 0.3220457852317232
0.7853373292759417 0.8938700868795413 0.885674216816667 0.5611192625485107 0.5485284921794173
0.806359442883404 0.9780817544519567 0.4727821424017721 0.6487431057604652 0.30434680466467956
0.5735781605987582 0.12803502967537106 0.7259572690034101 0.003100690734412659 0.4472710374124991
0.0704265732466327 0.9143222478162876 0.31067470225535043 0.13097617534920503 0.6854094492311789
0.018863034078303587 0.39873430923168107 0.024827107738894183 0.07498134637501397 0.052922173964243924
0.0908302434513566 0.9518526554630141 0.4583236737673907 0.03228684231542067 0.8114291119469033
0.6160337330358415 0.8180015894310251 0.14834955988994503 0.5808377281272769 0.9179619109475314
0.7269314645099426 0.8283504598869089 0.5804715024171404 0.7912968509147082 0.23288899221266457
0.18953738309041135 0.6463599824631836 0.44687796160057347 0.32734239749427096 0.6339546997886363
0.3053118348484152 0.6614586430646753 0.09929575519404177 0.7239738323810921 0.2711977631810081
0.6937478089814582 0.7597673200536899 0.6445729886323087 0.4261177919099226 0.09587597991655172
0.23111828534116197 0.38447481796238636 0.3722217558370191 0.25932596572487343 0.6183452644805973
0.10043544256362791 0.8046898252656212 0.27564031588922755 0.30393800578223684 0.10587085287974529
0.568803292066041 0.6404528384505299 0.027156497376153332 0.21393519907494918 0.6752047631381434
0.09286875542462192 0.9587677833198097 0.11809220110309371 0.1658144590818439 0.4783154103141283
0.45350256263936006 0.7085260643100558 0.21748367207398733 0.16887172638264358 0.7520743843328473
0.06502178427788707 0.3603841709064559 0.2405855888332954 0.37439434462815635 0.43054768353080375
0.5615986992269656 0.5070778471790599 0.5635510169633696 0.9475252668953894 0.7602181769353041
0.9670792510544723 0.9380239785496756 0.5874665316938334 0.11730751037265619 0.9724285986407263
0.832417516200831 0.5255905917662445 0.8105409944206662 0.5206337216285403 0.07226689115718277
0.18458620413224025 0.6491528179411483 0.6935802802553733 0.12846607062991822 0.2853982348261339
0.16153791152019115 0.6261349712586981 0.03848491334730686 0.599338750660455 0.7103287204105152
0.8238893023869225 0.121875817362598 0.5459189479390242 0.4825096735038463 0.5914128796541822
0.43140715630443116 0.21001744110132758 0.3530419536082413 0.4631080381372813 0.44968999351422045
0.33363091343256157 0.0772316636392939 0.5498394122269697 0.13497310084203507 0.6413999893407688
0.2424780453614721 0.9116996739342836 0.17919916521170076 0.1848058928730939 0.17262029966872827
0.09607433219170736 0.373090591045519 0.04086628626396793 0.5001158843554665 0.7444228991227293
0.7028532836708288 0.058900568195979774 0.15762195632433884 0.9725660944282286 0.028667487349951504
0.6690510067292507 0.03328415945475205 0.76283449207901 0.6158669597509047 0.9120218330325691
0.19860496665628113 0.2589013177924864 0.7856588337307148 0.1299402041901967 0.3518098029527382
0.8178642481983324 0.10613412992491411 0.7927371159655419 0.5127206788635195 0.8168095873295212
0.7957884879055553 0.19261064683033313 0.47345191121152885 0.1966533794705867 0.7674674190674117
0.8619118477060327 0.30954102431345043 0.7506247836641832 0.4490816324520709 0.2971768826084096
0.6943833797905667 0.6213285589932366 0.027018430992528653 0.7707910147087592 0.7336062764547273
0.3313531908489038 0.6269328255903359 0.7221154070907638 0.1164085981960572 0.20564440040965992
0.12491253515000711 0.030076128729461638 0.5555824593228798 0.039506431751308524 0.21945177771359692
0.9849649821985581 0.11989710767791417 0.6373440363224293 0.586525110400659 0.0736049908145745
0.9125934404190689 0.8326577438916766 0.939322135517139 0.34648700474921434 0.314994622375695
0.08285979846192815 0.13041354220878054 0.3191025755412822 0.7633071083678592 0.7602164818320064
0.649353232948178 0.323165042434834 0.1468040437409862 0.12080008616713611 0.07980836993402884
0.852991854310733 0.6284571520587817 0.46180173860400764 0.7829626759924084 0.9827529489869636
0.2355269825040276 0.658342315627167 0.17662576199473656 0.3282114330930358 0.37022943071102576
0.053315896328888446 0.5722125944489815 0.2538486575215996 0.6445991999659996 0.04666892609819506
0.2866511996368759 0.26647183716572465 0.0456693295288636 0.3311681530394561 0.17642569365746275
0.7976403320949631 0.38735747816570554 0.7554817964658938 0.3985452640955409 0.13955169507902643
0.11593526265203569 0.6581967244062914 0.0943995538292115 0.511637687168261 0.28652407299389926
0.12792467748366154 0.4663121349097611 0.7901179971085677 0.21498114319391937 0.6083768839771737
0.41937682189688186 0.8620748193473394 0.22487659232480872 0.0831724190535158 0.9744106431652433
0.4412083780906494 0.34321090733055604 0.6593412601172349 0.41274688558280725 0.8268346035872256
0.633797939642074 0.29958219109036777 0.7219003399201173 0.6314675960914823 0.7467503778136272
0.7731308970859192 0.1311549708937897 0.75412177701172 0.8391234435852691 0.7140915390211462
0.5911022012294835 0.8699515868742088 0.09125841705447124 0.7929470343432042 0.5178994278613535
0.6347901459939561 0.9147864987146697 0.4826557499290428 0.7282144747711533 0.0039060830254505907
0.3924933924901348 0.2847915588061207 0.18833276377358332 0.3880014196706735 0.6371986513921578
0.37406311552611415 0.0775665341821069 0.2241318629592124 0.12043337494388884 0.6410691639947845
0.48871382670384556 0.8573043913019782 0.3035249711534439 0.5928170879341715 0.5393075534521703
0.4953624110009469 0.27696179099458373 0.8573758146655277 0.6301778135173136 0.4218824074732116
0.3540245099348075 0.8941898107177444 0.2870255918737389 0.8155377751177453 0.470881036148981
0.2834702666681266 0.5187672850006969 0.3257630978812531 0.022503486371502568 0.7880488052626525
0.43083564137823616 0.12958601170582873 0.6780194107273094 0.5885099588393803 0.27669642737285205
0.17673884803162132 0.3021883234514736 0.8524754861215119 0.66564503359317 0.17417463501367214
0.07302061967335349 0.1286749977154611 0.7144861496409497 0.08617917274939935 0.6117221005787513
0.616152703605215 0.010016667307570004 0.9786956206335025 0.024640617875191118 0.04163327667580474
0.35801323693815423 0.31960255531107107 0.294457115845295 0.380793559242248 0.7514425095431433
0.8536143936629532 0.2978570088227196 0.20233156036153155 0.41801509570956163 0.8332363976918428
0.6361959847751257 0.6616643117391401 0.5973389044422338 0.6443188775658336 0.4508475485531481
0.5631198542767928 0.11140228025618981 0.11215337721378982 0.49550631726091765 0.9405392699616455
0.9113865798360441 0.02248128801339333 0.7503038253352691 0.7538881172566075 0.20920096930774656
0.601951075336081 0.5808708952737904 0.44546421355340304 0.03154128729477812 0.5976870061531072
0.46460369702042215 0.2932867577454651 0.015486772365806312 0.6376699831978767 0.2699454983917102
0.21090712302805326 0.5593902040732833 0.5752196919967241 0.1639739055055376 0.31425997808869544
0.573101553863455 0.9213882594873454 0.7808445555472392 0.9611369230754951 0.799890236859728
0.34963155907212906 0.8621332813793933 0.5594696610957285 0.6612412150439038 0.9939399791796597
0.8924464255358859 0.04103031402610802 0.18791908015959724 0.12948401705281976 0.08469813484410327
0.5808401641184273 0.32387303465420214 0.7117445688619586 0.8892800619410464 0.6928357120708529
0.33752650001774753 0.2758440023612484 0.6949924087945331 0.29329729641186086 0.9010810668401178
0.8371146725840062 0.24370236072321239 0.28265752444030334 0.03147011247954257 0.22955840234759894
0.9763317387302124 0.0634942184687386 0.30495076228367757 0.772886872694101 0.6878376046809604
0.09022056098957654 0.1313429057304033 0.09420205084962996 0.9157002864893835 0.1790458860943437
0.6812508672185379 0.03795391091325395 0.6922453490980978 0.5465684051857326 0.41100153334617595
0.8372467211163863 0.17660800899028195 0.6700995993879298 0.35525363704710766 0.6689784470518012
0.19455410086671465 0.9096975219529293 0.7839532153122182 0.6241417920527835 0.11078583300035416
0.9763555744194747 0.38432661793471723 0.6864463617108386 0.2307557488937917 0.5994204105632176
0.29042539108065957 0.9401792534905652 0.5141582120573763 0.3779287372494764 0.5701219838787814
0.005155242297746998 0.0885763284293486 0.21313051580589115 0.5717361975007692 0.7813196642912454
0.4174597669791251 0.39686585756824555 0.3381698754241931 0.6321727666760545 0.8223421955140694
0.8548627759703364 0.8008719876455486 0.3458447015891759 0.6470548129012925 0.3667718886111657
0.22430791217267942 0.028964807513153334 0.7485731614205502 0.7665257376959761 0.8825122004983406
0.9525940177052201 0.2238464225891189 0.15594710672734857 0.9654199558648897 0.9955800765878711
0.34371301086205175 0.00567740218751267 0.4193034579901892 0.11669073244351647 0.9847097038502752
0.2582053454714247 0.7647229686728997 0.7718404387674069 0.8912059284072451 0.5218444876000535
0.8936742780033003 0.9016051574412612 0.22746076412580563 0.13953543296936455 0.7929887469779173
0.4375773507297911 0.6790994314638109 0.6209956663680721 0.06744604522535025 0.58936813705036
0.019867528401551815 0.12613655515848776 0.6935058495146176 0.37858004278266644 0.09890000467759175
0.04411503659009608 0.9470601173027173 0.1220586894297907 0.4093068005803172 0.3171861520257755
0.8229272603989812 0.7974128823657164 0.9104276973161778 0.9243371601852866 0.07125060410949735
0.5388689081595807 0.8235136549261957 0.38248854296773027 0.6581024036909533 0.3182754369820199
0.2734323691987699 0.20779133009105755 0.6221641805835665 0.8881730085443891 0.5635643309535112
0.5018624323832205 0.8046414770484809 0.08870242296983266 0.6809823017580906 0.08088983029298602
0.906497189435987 0.13137114535939265 0.40382541469256716 0.9423485104419206 0.5716984644341492
0.7878125858379943 0.12725076006424052 0.38598558249241444 0.5572001497713353 0.6898883971673845
0.6852613379745193 0.5714446988430701 0.32070929952102545 0.16987450487953326 0.10728640358150265
0.8263942083736469 0.6975997608645058 0.6092188224478771 0.37578766691072507 0.9939239983690098
0.6914923301538379 0.07921632355494523 0.2551478059985962 0.5302323014368036 0.3581776997702516
0.4724027008743058 0.2284681817701989 0.20898284151802826 0.43173157988721567 0.1261952020843672
0.3786707583165273 0.02718919723185076 0.2636594570946942 0.5326159861813453 0.7107612230019199
0.37857336579042034 0.9755103112459402 0.1729221841155183 0.408140482087899 0.9116058355394435
0.21735941366060973 0.420212391314282 0.3538775523475658 0.18850414212743138 0.8448573156062941
0.5894333073680712 0.1001676971366573 0.6267117662428164 0.9017928414713225 0.5086459271025965
0.0532289449145128 0.9681750051118097 0.8725461247325473 0.012741956521201137 0.9391034345045819
0.03242806681672594 0.7138124526850722 0.5243269213289248 0.5817709056490653 0.5985061686326849
0.04805587662697142 0.467995003145951 0.30459302118127685 0.6471866148248235 0.9797561489790452
0.05747496000215102 0.12673004848639047 0.22618701760894355 0.687431874732538 0.5442697948084648
0.9365468733916605 0.32974930460353624 0.9692317587695121 0.334335923616639 0.9792025871362903
0.6406175473763321 0.4354318829056296 0.42058939809407103 0.670305102896802 0.812454531914542
0.9556231942983927 0.6483318060834657 0.4418923391957138 0.2922931739215179 0.5167619933778448
0.4150086024640889 0.5841235859822909 0.8566363934900192 0.15005044946152724 0.09168398773755848
0.4920620984592571 0.9357253984516539 0.9002895277400306 0.37795566435124384 0.1209210512118406
0.10644949697977013 0.8257672120067631 0.9922574928898281 0.5211482167105048 0.2446187629289872
0.45621314193609086 0.38097237824427665 0.2307541290159275 0.13928911303733016 0.06444623004210015
0.8514834862371546 0.4501998593277722 0.1700173665445226 0.4052304619507444 0.6591148127127407
0.9653069903160651 0.9949232070913585 0.9447793114429395 0.646846421679594 0.7495027761723652
0.4267316056788988 0.5350282835476694 0.5065683769366127 0.44645266970898123 0.2794273614568491
0.9007059221401731 0.6445102831986398 0.06420988516184212 0.5163900735161094 0.3727576701275461
0.6916402422225757 0.2323040744982494 0.4568540255982736 0.9362909504997139 0.31611525713525124
0.9970371882092274 0.884837551646163 0.7683156409123272 0.5933176506622855 0.6737679127514666
0.6227659354356723 0.9654728028490518 0.6407896332896742 0.177247584583883 0.7373594913870104
0.17229299759188288 0.42358763272074373 0.3167846141086029 0.908124091138397 0.8511193893332035
0.05399491690203029 0.9064927110371691 0.5244000494157779 0.33057009156584716 0.8647161532336065
0.31675982616262877 0.05763773650176773 0.17041930620976653 0.39309375408784 0.9777624531478794
0.5604770733019175 0.21875410606255008 0.4223067624526584 0.6902296837690147 0.5587892475164125
0.9206861977418356 0.2671752852473319 0.46802264819864914 0.9683791064883366 0.49524292913362034
0.5588690481157187 0.8168253408946784 0.07883139310678677 0.6991449046375442 0.5471275056894259
0.2840312635567447 0.8124770184751221 0.7221495309163387 0.18068865746081608 0.6812249929015517
0.8999227190720633 0.6871889989044393 0.05726368810981575 0.661394279066471 0.7749230765369809
0.9584763146775844 0.4602938053593191 0.5431374476037224 0.8691756946258308 0.36695149688623074
0.9814287642620074 0.5483445987213911 0.8839056622848758 0.15386173552981353 0.5006708365508254
0.9136983983248393 0.10941885445102484 0.7597731622583329 0.9900431913258017 0.908396773837211
0.2612819018185911 0.4172357653410578 0.6180519149289947 0.9450153625176461 0.7238226464661738
0.23903436240522657 0.8211331598180133 0.9148789925491433 0.3364643145293835 0.05084616968347899
0.3681114038171974 0.8917257106628292 0.5133359136175782 0.8294153146970995 0.5900513275595951
0.7682427766044071 0.3111989442639118 0.27481075566688695 0.4481868537567044 0.24592184825151286
0.5211796624116101 0.7830010050782089 0.0367894598241395 0.38984158735608576 0.168240635698224
0.978741987077009 0.7963557891732831 0.07786508364515987 0.8095036269543209 0.8028392069239016
0.17081557900598965 0.7131512529797923 0.853354896817687 0.9234493526170523 0.6782730202520074
0.08649654810436236 0.7845157034354896 0.8029543777195852 0.567944911776844 0.6226442664922618
0.20581963110809043 0.030261040789697824 0.9658716322421514 0.6059415750025947 0.5135686629302788
0.029350131588439243 0.2625228332689572 0.6811514779168661 0.019565015372353 0.407921191534674
0.30043987114865645 0.9520931025032137 0.5494362989423591 0.18302419815020987 0.28927352901405
0.2558120505512168 0.7137730648179136 0.15944819133382881 0.011985053543803859 0.2783430731217752
0.19155564796091817 0.3759396362103147 0.5875753743028559 0.0643936771894249 0.47366050573621743
0.7676713111226404 0.018477155092234465 0.6139963594977905 0.3122361087573905 0.0902326975557377
0.2335247700055323 0.3847183657363755 0.014204874348605623 0.2684623739415657 0.8103156960424961
0.20372943391812337 0.8143125018449751 0.6583040011453669 0.7859805764294797 0.11917294705087089
0.48836791529770585 0.47928303275219863 0.9825406970295995 0.07125524345460077 0.2913967674986071
0.2941955025728932 0.6505574758712988 0.408900658299976 0.8742079343090722 0.5890225380493762
0.23392504653395252 0.865345783853097 0.12727771229555707 0.9369078466298487 0.1958978963080792
0.8975675664699435 0.7999323643504549 0.9639510486203199 0.8012250555514454 0.8435337655855543
0.8710288747196872 0.6262001238133292 0.42270840260635056 0.24731880350367053 0.979121432443977
0.9193001423565142 0.14195375859303416 0.09802242078360668 0.23468008384562067 0.8653877046753672
0.8110084503027473 0.9974683256151979 0.82748546725383 0.10531625501599218 0.3343461202215887
0.21517660280863482 0.7120995681611761 0.8799252667581027 0.2756960459443648 0.9287806614203445
0.6671919232602548 0.6138596215635168 0.16936177727618462 0.818220972267107 0.4654089024484722
0.242958873392512 0.07934449128585952 0.9967859110072622 0.3300180778619357 0.525234079796219
0.7069210082054168 0.7234500407270387 0.40999523085608347 0.4488269620762033 0.8133759975578686
0.29901690052612795 0.1715898453967688 0.7180465720538443 0.6916958776218977 0.13255010612332774
0.5536855983526714 0.7774967624748218 0.932744670285553 0.6359838835626178 0.09642141443987584
0.19814768278005424 0.2772446138328708 0.5583744125333896 0.4066326284988995 0.9833437186622803
0.6481612182329687 0.9006192654425926 0.8926414996446348 0.6259191743191062 0.1682686554549181
0.07740144857686826 0.28097650841637234 0.4835366631404465 0.8798948131537432 0.7845479359050967
0.5201361303746571 0.7903395507368666 0.20178711448847197 0.5412183952772169 0.11227284484737365
0.7273240759033459 0.9676793576481283 0.2025767407929906 0.21331578046690847 0.8054991322163073
0.7105830025583677 0.28418132506476035 0.9331160109005087 0.19171719904120765 0.3290052671341568
0.6380261050678596 0.4973512926153185 0.7011747399557953 0.5308620587937201 0.15227710844452802
0.9825188522678016 0.956497060368164 0.5099421227418599 0.3890101958729498 0.6407955088616226
0.4654013725101963 0.9219400302404225 0.565698198269935 0.0061803912311011455 0.5777776972503527
0.7998695864923209 0.59593893197371 0.2720706818264893 0.06284151587410192 0.5368724199902761
0.07177050338391022 0.6780019282126242 0.443035750054832 0.9287065009233308 0.5554990226602844
0.030455944159366366 0.6921511710911272 0.4963153027417473 0.3330951507586307 0.0836328843890729
0.7957957852533671 0.7866421694783085 0.4947081796633951 0.8238840432743103 0.4530119627348824
0.6997605935572863 0.17911260872186185 0.2863583916352327 0.07686643350867339 0.785242672545319
0.43927770172625513 0.9327564697286026 0.0596709743854853 0.8541536508681334 0.3918987716910498
0.5609501186483783 0.34955329918073497 0.4949441660139866 0.9347005046358916 0.8395163200638109
0.4404378314443803 0.6748280616493733 0.13674052466612419 0.7169016546840131 0.21035975821435837
0.1724215726185735 0.03467426254356243 0.6490075750587926 0.8864282356155945 0.4380322735300346
0.5849686736047697 0.10481215018326484 0.20262869026055097 0.9663145243110934 0.39593447218066125
0.21734367489513295 0.4469804645365081 0.07437205276288106 0.5312276833203352 0.39332883723564427
0.10097856402277827 0.6954982643938036 0.1305959457111825 0.6164808143893835 0.591075207924993
0.8268160680114671 0.3052660390197307 0.1478896073888626 0.5549915944807848 0.445814637013068
0.5523718698536538 0.7219438566794182 0.8509531787500234 0.34100377930586456 0.02521051446806921
0.935591449446216 0.5143743837489859 0.07650860303084916 0.19737389867042965 0.39253968078695745
0.49639887892587387 0.14458485365009954 0.19338263965408808 0.3806116568132748 0.459665658815384
0.21654774812609423 0.9819608869408825 0.9245470061939824 0.9841008261885575 0.8484664519540078
0.5612775174086044 0.10604593927951589 0.5395598848821169 0.020567866906265775 0.4303073291244074
0.0005776316806772597 0.9059633402291932 0.878384961663617 0.9438633274110202 0.539340722869951
0.10948252824486282 0.7916723879096786 0.82298235579879 0.2812116991682603 0.7311517009657316
0.8987731134634688 0.004459781150696895 0.6028388634620381 0.22483369187170155 0.2218332880896
0.13373798430769002 0.15495921021853654 0.3685669497995616 0.1425813169146557 0.07775280725470635
0.7250712265272856 0.03122514691012035 0.3390079924909183 0.7891612926651556 0.04220441567928346
0.18084426443051171 0.9110000846241118 0.9153891041276203 0.8046783377275794 0.8068142834931228
0.270507891683507 0.11120783147257973 0.7655809525788306 0.3573811095372149 0.737785751080733
0.7655984495608696 0.403531955039272 0.5540424343475884 0.5360402199132218 0.2001932272020499
0.4566125768599515 0.65481963661361 0.9393799423552336 0.25534463771099736 0.8496909738453393
0.1539012539941894 0.7632197477943974 0.1573287628904282 0.7132596446465115 0.9329131049250479
0.7738273983205651 0.3884306804076494 0.7900975127899021 0.737453667468901 0.1794390789263216
0.13374871229315688 0.6335865048727868 0.6011568919008136 0.9549761562225614 0.21914310616060373
0.13038436265984166 0.47720900906087127 0.4063462856373833 0.4504633712490469 0.9346780766654873
0.2445478093006367 0.07787771908492369 0.4428305878202027 0.16710793850625583 0.6990717099415108
0.8290270433688696 0.41278393361785926 0.4267031854942823 0.2259765146710253 0.21880892553005593
0.9108969184910308 0.22526610854687612 0.7542265087223052 0.9272713579902659 0.9288026049196938
0.47550385428190967 0.9645451703891194 0.6749712350162055 0.48109078972936403 0.8812638345040034
0.7222553656029157 0.5372156606110375 0.9236902699214601 0.27129283070438515 0.5488359648374477
0.7368892986309615 0.23502879127671372 0.6938764246976666 0.06140326132127871 0.7503904797470389
0.49581638580799914 0.6227124141171165 0.11817961930660736 0.9557840894570497 0.744627772271817
0.8113890870488216 0.27297110046759054 0.38234198275456033 0.9930626076003221 0.3295631261730735
0.9404412148155235 0.6237512392034772 0.9207507813862779 0.7040369090479558 0.7462975605614359
0.6214481926466321 0.10803740205059775 0.8195642992557486 0.036876445987933604 0.4449363482225469
0.2370360072449832 0.289991013106071 0.052533439740347854 0.3667918168585088 0.685516272946662
0.29879860981364625 0.4410758990063095 0.40630255263926696 0.031653617828721115 0.6537826232198718
0.07571760689347184 0.33790553905198106 0.6326188851955374 0.7223308163690436 0.12004693871186778
0.1909572256600135 0.7717991814523476 0.5683697033032522 0.794442766044833 0.13407206354370527
0.6485763602359719 0.16130958836905507 0.41753694449457435 0.8349154525607637 0.43166404392834157
0.33049770874804385 0.3023734527857529 0.026232727829819114 0.90049097041983 0.9953889127378455
0.1289675639885649 0.9632925290198813 0.22741521106344098 0.7377331070018963 0.547742298183068
0.5977254940952458 0.5509411994997787 0.4163302904803543 0.1975867980405902 0.9778923914711583
0.3982816412289273 0.7631578352012229 0.8051982412713089 0.7802193047725599 0.8457404843475279
0.8830439856208624 0.4770307823735135 0.8969569208341259 0.3240952058145078 0.9184512601744882
0.5983728361591899 0.13819933352360736 0.4564688046830585 0.3672317623499739 0.3461508079714589
0.7971163896536978 0.0034965938194604362 0.9929352511157026 0.0685681213514624 0.6296498695441599
0.04554413250127054 0.3129928328291106 0.843455270267607 0.438053174787707 0.8743167001504382
0.21843864016614922 0.23950597419456165 0.39159243843584035 0.16601907895310553 0.19011893944109826
0.9742175313155094 0.9410089431273809 0.9912947174282033 0.8565912599926166 0.1597680181488409
0.0047736079402666 0.3874290642591196 0.5593904507327839 0.08496655022627797 0.17477870010550034
0.5706204521951731 0.9246676156218826 0.369532926339761 0.45392070237003956 0.9373892235955348
0.2622413701139017 0.22878228184251082 0.716486851332763 0.021234846017843534 0.8891079439140178
0.5914151499705915 0.11730734012730681 0.9406909369605474 0.8723193650540814 0.9429412887696607
0.8002147553441787 0.31839348815615043 0.895390129435518 0.8970276580143477 0.8890214290674546
0.6578939780966933 0.09965988489809885 0.4552065915879866 0.7499982267003158 0.8202177366716895
0.4925499803326414 0.08417483681004112 0.4020476368923743 0.3469535160380144 0.6896302161204535
0.09430067399978359 0.556487203469234 0.6184921069340367 0.22530269044976003 0.18486713156575807
0.04269861695802346 0.901909479242949 0.7880983824693159 0.15958357542447976 0.8347151019014195
0.24190663082090091 0.6179907942385613 0.9815532342778738 0.0003349253429009158 0.1961843643628054
0.06358225565557607 0.45719454169105433 0.10607159141909461 0.13195999012019655 0.2603218514392084
0.592608580295271 0.876092767266282 0.6090901015834934 0.9635579889014977 0.4874440860587872
0.4866250847055127 0.6102313001272116 0.4544926944055342 0.5835487137159002 0.2990432617111257
0.6254573675514742 0.1934172724136205 0.331443468712715 0.5282003607713828 0.30508388173303114
0.3133597631550621 0.2644175283215682 0.032225940783561224 0.07956858486823137 0.6925736465495332
0.21737299709353775 0.42624182290848545 0.2991737101732782 0.5090558121148818 0.5303966583702797
0.24227159959084754 0.21321691727785907 0.742048795844135 0.21379843882728466 0.2224638977798855
0.8410261842068415 0.5342262691627355 0.7207408999055727 0.08604896313462362 0.8011317464202019
0.12319060689083383 0.13564042625131933 0.20913099403719537 0.42292383785390986 0.9769577204791428
0.3863336334308646 0.7693208536352418 0.6513376493324159 0.9359813246729286 0.8903108065566111
0.5483414826648904 0.568412727307536 0.7808255165871398 0.05786812709276978 0.5211604676032888
0.9850191350562876 0.48066165248952397 0.24226995300891585 0.6221165444241655 0.5137827933868248
0.13747617518462885 0.8640719106895447 0.5175433679604751 0.11915759014062799 0.007959210419617224
0.8441185521038097 0.1368842515093881 0.8355613751880485 0.10125788194992325 0.10352958158930814
0.43687471005285705 0.6135329975449482 0.12196748619367248 0.5978872012122507 0.4206774856788641
0.12034581151818802 0.0964881604302742 0.48699610085360845 0.9938646455078357 0.37904537370294245
0.7388424188988719 0.4753885986833747 0.11077799819197065 0.9541702363438097 0.5210999408211475
0.019245326940176555 0.9510459077843447 0.32440271171776647 0.40838350425287995 0.9451781964144719
0.9153062495486295 0.06782371835548251 0.058377666805197626 0.8935973678695784 0.7164045487047677
0.26384067417469914 0.5181444449335458 0.36313490045855734 0.32683318052844046 0.8119433482208932
0.5054410392336619 0.4554643850663641 0.3124772279278084 0.633852517588786 0.8575174635551512
0.18331346130156778 0.926965046961451 0.7222814075547318 0.029195657423606303 0.5967635599782494
0.4461340007776866 0.6069548442682794 0.2106724099363093 0.991637857696162 0.7154427926197134
0.06867852072654224 0.7392293249212816 0.18149832334183758 0.41455705488081895 0.24149149028831207
0.21380332337350194 0.11318286319871285 0.23698070183655606 0.5513104621964456 0.9549025150312052
0.9642074513201335 0.8739211327120431 0.8184459081296533 0.8650752975439554 0.9702406393228681
0.9626151678150046 0.45273256639515047 0.5832293376828493 0.4188812105682954 0.0799749635509116
0.15433420324594815 0.5223406265237297 0.5230255185270146 0.9165271747054102 0.17525619444044416
0.3057067368650681 0.3607238886822015 0.9465791224432296 0.3505224571179698 0.10361241666766197
0.4773081103019021 0.6970646005803364 0.1314486438977951 0.47109566467866115 0.43425249844503977
0.18739070573911687 0.6047796161894838 0.27993626845037434 0.5059327676297838 0.07980625381264872
0.24026115647079804 0.2842822217583513 0.09583049621608686 0.5614392446698863 0.9782286159911338
0.23541658573157287 0.6769585958393913 0.2988677131258446 0.45001569496435967 0.5238923610452924
0.9454299412981708 0.3877948385800358 0.7233858628619313 0.9053641497330371 0.009132850707482931
0.1817636498225118 0.2716652581103246 0.9089282889228798 0.6996869556847044 0.3845085926949885
0.6754246087135142 0.6298752559190482 0.02279613646333223 0.7375003231504512 0.5349662010907995
0.23393965867106092 0.5073424169744548 0.8870030622935001 0.17794929530190262 0.8244872125811752
0.015843460627652628 0.026908550676764675 0.3419112577831258 0.6248482702280819 0.8220652788583559
0.5921699292657276 0.39337902675227565 0.32231628091147935 0.23225773016167184 0.8023072655272933
0.15274730650955082 0.1362286978680194 0.031073456809825317 0.23747768891863186 0.4976762720754324
0.6893009292014538 0.3541421513789048 0.06929629696076856 0.14305705600128982 0.052426124451804945
0.7360085911111376 0.12486116602810637 0.06636391017696974 0.6404650636213037 0.2621132532684616
0.734847329392343 0.6503131675979159 0.5639298962439769 0.41689799900113955 0.07854467109884122
0.24419627092638607 0.5094454115302459 0.8473447213473461 0.3925037364297558 0.5423020105013855
0.07176398011227669 0.0850768256314598 0.9009944410913068 0.5581152417943134 0.2126811582219127
0.9749316624454797 0.1278806551067485 0.9457110297755453 0.746661132537842 0.7958993151766064
0.7939720894214943 0.7289978752206023 0.8227015237500919 0.95057508541629 0.6849490943287668
0.005749473258709892 0.2609053948547123 0.1397808219328529 0.5030992664358128 0.9470074116993287
0.3107369359120121 0.723012885010055 0.6509364285523508 0.7778914668677347 0.9069673905211624
0.9158204791554663 0.43460553208159314 0.43213389919209966 0.6025093387645595 0.5986057070996392
0.02135842835982238 0.4912863943904827 0.08495388208805876 0.044048934316019306 0.957304165308847
0.41636061824394666 0.09443586978812402 0.5865647406900992 0.5296042365583051 0.5822429902585832
0.8242963426681766 0.783346454499747 0.8916317568203991 0.7162965825561196 0.5711764153868789
0.13417508547520163 0.4381272014168084 0.6611391419040622 0.9881939693126409 0.5391854116441717
0.6673018014158846 0.7471093635568342 0.633471497682659 0.7773513860527395 0.7261633861030674
0.5483948687783597 0.4997139426694316 0.5068266410003657 0.4495071623151149 0.559641068379725
0.8732621453531406 0.8679573156605809 0.10719132507146045 0.591496146311326 0.23136153782441216
0.7812384292221882 0.6202926757493881 0.825734867733697 0.09637868234831293 0.6284556707639739
0.2218738894331378 0.1721695229580107 0.4040008530849467 0.4354224664503268 0.2795210137462433
0.9933340133712699 0.22871726177936957 0.9449802570068001 0.3824796326007237 0.5662349093331033
0.48522505376431024 0.6021745115815088 0.7185604483119497 0.3195498591439896 0.39767704161460027
0.2622407355158449 0.21645682020631918 0.6501494335374502 0.6614566349300228 0.8689165031654059
0.6428304867170711 0.6623885827894743 0.8473360282794073 0.08420138533720456 0.24566815079807813
0.4190811609439691 0.8066990108244859 0.6909815171634849 0.8675262920074337 0.7378791663142678
0.16496058939717084 0.5340078854561106 0.7685422350285251 0.7612544280881938 0.3170185323871193
0.5953714996155234 0.19276884019998908 0.21361559808134922 0.03705841911364749 0.3988298305617869
0.3206985485931133 0.5545194993369532 0.01293493138466939 0.8981508686517377 0.856498226706522
0.9295490060040369 0.3887695052797606 0.47949093000212195 0.2497099857378826 0.7905000846625608
0.9118494149299564 0.6802341060208913 0.012360559395573789 0.6887559695084148 0.5421719894618947
0.6306890819570107 0.42274146248197064 0.10781892402362137 0.5054836052885645 0.8340247248541214
0.8611425082683141 0.6888058838782859 0.5701246331797846 0.06238545684046848 0.9590766364746409
0.6110769115342625 0.03323729506924822 0.15780909369069274 0.9664326287557665 0.4835275360783099
0.4469834056311788 0.33478072054446695 0.9411436556035545 0.7531078775618775 0.7395594419947139
0.35215731128985617 0.9180406131095726 0.24201671351503218 0.5977663456716037 0.9604714198240353
0.2897019363287353 0.9691017144610168 0.5876547501881352 0.14819017406178248 0.09061325066643033
0.20692379134022054 0.005606001674266503 0.09184002206902564 0.5230122104501057 0.1243138906751825
0.8020576543574293 0.6018619857782017 0.14507161986441552 0.03387493022767951 0.1639303236129217
0.861913092934443 0.5181572755920857 0.8235732689722353 0.3772323308421899 0.5572356138713448
0.013951633015471754 0.7466558590246155 0.6482510183431324 0.7655803986144212 0.04656175595236289
0.2060615193109836 0.030817467132355447 0.4359975038314098 0.6152655984349218 0.8208903833620356
0.9845155184954236 0.6758431862306987 0.6686139837006999 0.791299237857066 0.3231042013023382
0.9491594512610837 0.40149902613300814 0.08529770009069348 0.6031398394205059 0.31054013233376376
0.5492408326238734 0.9406896281555944 0.48761068350657144 0.8917241410520368 0.15804165149494764
0.21213490376647637 0.6523024392031238 0.19061641959438047 0.6865893324463748 0.2763671821746775
0.11855364254106948 0.3329323966469213 0.8582947484908252 0.8574176758168346 0.6147020929838747
0.5676260957807084 0.7492618431623984 0.8880431499386172 0.30750407655477063 0.5334435693266932
0.5226928679690603 0.897634543039741 0.6585483489832714 0.5429401487420176 0.23379481983982386
0.4224446499482577 0.7485242946355616 0.5678271322246244 0.5670198499120765 0.12155776631884341
0.35821171302407995 0.6339787091128253 0.699732737740267 0.10163938252461324 0.514870249835573
0.31907709560574216 0.4567953303123563 0.8750832456841402 0.6699915688836611 0.08703408773746024
0.7590172699708725 0.7555430759811663 0.5529715501501588 0.4987724709399667 0.3045521359944312
0.5827054899332674 0.973895250829107 0.4730682922646412 0.4637010112718021 0.4129660849130722
0.7693346803135136 0.2693833141966314 0.4163795316031875 0.6957964152235246 0.03179541743821768
0.0905885882133125 0.5622318049678766 0.5360214490582823 0.7443423578737665 0.9173306725641543
0.6002249043251014 0.7389427541703844 0.8757250754162347 0.6013958382351683 0.17659272190702469
0.2532427798474718 0.4498945539118804 0.7834307459289835 0.2473569961865909 0.8105841174716828
0.6813878567012316 0.8031722082878662 0.4096829349273263 0.7388969774774347 0.2501906669234457
0.7367582682214002 0.04740707510404785 0.7338572824686241 0.8203358698040238 0.6088485137500289
0.9817337749700026 0.08939421781414225 0.7511550864716262 0.3750078108693783 0.8560697816837604
0.9182584389777086 0.8280666592966082 0.6269271914521508 0.5603345833601189 0.17707003946925548
0.35057861143500557 0.8555573160930172 0.051263258800449685 0.4767990303602738 0.24104466763350096
0.33448679747589327 0.7983432888212806 0.2516082018146828 0.5490897893478011 0.3375938928765806
0.9850818216774814 0.15519961128640603 0.7709032558198311 0.6640393865288255 0.17818096750222556
0.8033686147148508 0.1028745748331843 0.13237451043585857 0.769903412776534 0.07463734335321204
0.17339662334302774 0.11604551799264795 0.4309185211314174 0.35130198401435864 0.035111959818063476
0.5443589441659167 0.8420092615547484 0.5963389308047286 0.2524601884874683 0.1736860191733811
0.7272655119949777 0.7626815019737354 0.6682157626703938 0.48967073773700576 0.09075351594875791
0.09213462467879241 0.5357642844096002 0.9944350965948718 0.0017184388392416095 0.9637803451693323
0.40852166282901325 0.13423695304938943 0.8720716679435935 0.10042071405905517 0.835862867108216
0.16758632964893205 0.1259565651048089 0.37683426636482453 0.7700317827863576 0.46848758483966957
0.5480894453841018 0.4715096875221142 0.20845631704315193 0.8769047801143987 0.3547412098131749
0.8457843527876774 0.26252830163061625 0.8140721668715066 0.0161471404562481 0.3234818823432193
0.31649009144998985 0.05907570740815116 0.23534786932490148 0.5052943011471843 0.8555494143822938
0.22009233249401305 0.1435065333540626 0.5487903652392114 0.8765489491858373 0.9642273739760517
0.1447705031797213 0.14628653564327554 0.20966901778722624 0.38294211760710106 0.6798986514760922
0.3882320506695006 0.6132465415164267 0.1860645849326309 0.46321332598224574 0.5541683969256028
0.7327557212051548 0.25915391557655554 0.7724799287283614 0.06630274766259558 0.7506038161050965
0.9103055633328189 0.7104359194028315 0.12574615098412034 0.909323717644584 0.7174252172336344
0.5351711249675505 0.7809117479777972 0.9763252889576399 0.017085611438030668 0.8505232512673035
0.45363412901980493 0.16559456883542245 0.43447614565193515 0.8983173873515997 0.1870875502733712
0.1977466660991014 0.1839533032504248 0.6926368041544128 0.3696485081840596 0.7235060129888913
0.4284511647572746 0.38394818517577056 0.16512281240240267 0.8125108552371346 0.9827979624266449
0.27088179856585415 0.06519412677835912 0.36179608873022584 0.9311393340367962 0.25260815745392207
0.21514486150481515 0.7312577582837293 0.020766672792128182 0.9163499758491155 0.4752399801942956
0.43744654276863015 0.5746335291582461 0.3449052636115725 0.8093943595203702 0.8097768320162076
0.13472027846559953 0.6967251790209303 0.5322523924157294 0.5947958901311141 0.6601328793208172
0.21916902841573704 0.3825314602746026 0.323328747351469 0.5178498397915348 0.4927377828125056
0.8224971390024751 0.6195177872536798 0.8131837105426679 0.12711125977014326 0.7340447633851868
0.4639957645470234 0.08516553645056757 0.07834033540667151 0.5809415132338451 0.08706319465406265
0.27671933286010475 0.28121641148935106 0.9229709106057398 0.8878611681565227 0.029736854640205368
0.8466162946767192 0.8282326521832781 0.2318244658314288 0.07869431522981107 0.002504866652109916
0.6729136468370509 0.1520150700335191 0.7358892593821336 0.5088104562397954 0.8130206683036435
0.8420780410879418 0.4740818829983726 0.23836824414828617 0.7509773419022144 0.3060835322611011
0.5632755545648875 0.8737014774345416 0.05050552814727427 0.07398170432564966 0.6973592243526248
0.5094632654316358 0.8767326353582038 0.8066780692783111 0.020905916210487985 0.9773893726305513
0.5013127413848877 0.5919667291456381 0.9100309424958813 0.28056559789978064 0.41973149232059237
0.2234132965625406 0.9906742278707196 0.6261349515763239 0.4986934934739098 0.8455096020848787
0.6851554764536419 0.7923399261507277 0.21521056112284154 0.8532391470103682 0.09324175505721011
0.8373064311106267 0.11624852738675162 0.2773084955691587 0.3611151732177996 0.3927310828377816
0.29545285495060314 0.14754533022557415 0.6103503469974816 0.9681695470810449 0.3480212808733648
0.998184090878318 0.5628643942867214 0.11415965219475122 0.8349573040689154 0.31314552453957356
0.42616214624468685 0.9949085572668785 0.508077477486262 0.7105582354029103 0.3200204054335799
0.7509117602140036 0.10668326392711636 0.42730390633914017 0.15856513770993141 0.6687771784001091
0.18900791710440024 0.1443424314908074 0.02047822923432585 0.8503790300586802 0.4560672129820633
0.06557106612651098 0.9830319359788586 0.7788330168526271 0.9965870189861026 0.020536573149234405
0.6600565082994729 0.7147502347106442 0.2943804956180266 0.8859251314360614 0.1991716758935238
0.5980369583462521 0.9081872457242702 0.12351474230777992 0.1645500591632616 0.8088734952693428
0.1812272379258677 0.8757952915365006 0.07183678675430094 0.004190112942761393 0.344052766748581
0.6564267682804441 0.08527152978659469 0.6029559922007244 0.3787359679730049 0.9285979486348389
0.14701697496382082 0.8457283704994408 0.28547646855989484 0.20941068589813772 0.6855217652055934
0.4432273090171447 0.6229110197465616 0.37373498044495956 0.1385115616160375 0.5619686073874521
0.7716475855306882 0.22962640128996337 0.29218244074245003 0.7785242464871499 0.08169662333021832
0.9581755466308765 0.5191969013048106 0.03645834363590228 0.5253819122971409 0.7554365842475801
0.397477993395813 0.18329292861784718 0.43386409223359657 0.42473110174483575 0.31890552440297126
0.5697047475008206 0.0654755449923321 0.5573937600945896 0.9733953713669178 0.7310362799088762
0.22507220399774297 0.09693734400296994 0.8619124257116765 0.8206839622107684 0.08487435146239153
0.8688023716117373 0.3888598282600917 0.9154017074688477 0.8838673425824666 0.6908168066067554
0.3888299390402724 0.7006656427438775 0.3088393375537408 0.3086966597799812 0.4097581918035065
0.32178490593317144 0.3051280395238056 0.037033223102953094 0.9919546777286413 0.8558991612328251
0.49331393468712814 0.9328909343781517 0.5042234546164643 0.13102946757583034 0.8707702627016145
0.9974012522814332 0.9034414214247745 0.3228082731190529 0.8857266029449682 0.15234281354609147
0.968409978375726 0.14338704092843146 0.33511218149560795 0.22527976360945812 0.5341445279193794
0.34730125295041603 0.25160187711034554 0.5949092213038998 0.5356744337201063 0.7875715471908591
0.25874899426370734 0.3691649836403317 0.35945970731566723 0.8889935994129458 0.9082224376124982
0.6522722447493932 0.6258755253786282 0.5405623381616835 0.24849168392150733 0.5462760476715731
0.8969377180330663 0.9567043989014709 0.7771954433087443 0.17202385941291143 0.9510271101244472
0.526659355097038 0.006742584391431161 0.6674900088305288 0.3097234858213288 0.1446013135547659
0.21390025723634276 0.7157252377658911 0.441209960110567 0.9945147073627952 0.7692774010851271
0.8543446800677227 0.37279052250412115 0.2557478600099946 0.9768436732160877 0.8905334070189319
0.5449640208483528 0.586808315281429 0.42205357751402517 0.5405003450600734 0.9891186066825645
0.3885384321407662 0.7134096020376983 0.534770688713412 0.9787358248139522 0.7342853033356912
0.05082036727274897 0.8516710115388482 0.1556206979610225 0.5051242890974367 0.6489788105863875
0.598997271828309 0.8249731032283105 0.0324290448767659 0.5389816418511665 0.053722331274385304
0.521794223402099 0.9490339758429935 0.9594498627472622 0.9155671138384915 0.21235820780615067
0.5202187672171089 0.934390166101925 0.21370028767032911 0.746155918582728 0.17527528852324614
0.15668960988061542 0.9594627748695415 0.8193202976190845 0.8550143471164412 0.36901014369393126
0.00947637559202863 0.10964020258182594 0.6730291162726858 0.2770217026041981 0.07654724654558842
0.7732970408280666 0.918118451382821 0.6606944727422087 0.7122548875547036 0.8420107447569849
0.4693717199797993 0.5241825327996302 0.27334569045464785 0.5114204784368782 0.07179663886283638
0.9624491804247751 0.6644680454915798 0.26161466579125414 0.5038635965235052 0.6392735239826975
0.15970253809117774 0.9191363405855465 0.5770180941431257 0.16890453975129138 0.17999116281696947
0.9524336509374284 0.19647272896249113 0.08966276923290695 0.7003594123632007 0.42379647478988913
0.5547411448838021 0.9458739424004609 0.4669796452645474 0.7822684827065565 0.021573647394375395
0.003093270037161089 0.22006024930243184 0.39832687010044576 0.7246026296458636 0.3498899746955032
0.4996541477721814 0.8086427686639347 0.4145838637914778 0.8801654892770184 0.5608655242033999
0.08310512576545082 0.12669264424144178 0.46493594455578824 0.5982423723720175 0.4699400887359634
0.10246222650274395 0.8658287002706277 0.5599802981907054 0.47518943309643746 0.38048807412261876
0.36158785831955287 0.5300059190637899 0.20185284483365762 0.9789438572988904 0.2538937833932712
0.7255902091256903 0.62183691507498 0.8900073171760698 0.48382693056024073 0.849808196077971
0.24445099087577116 0.5265966862921748 0.11847448772892066 0.6714765961256229 0.9767008354153353
0.9953714406741958 0.7890392792638412 0.6040584408902222 0.8726823804261008 0.9691822504047137
0.9462936837027388 0.46742206609639947 0.9521633327922676 0.17211405483450015 0.7409602992176241
0.17729959965729458 0.43316345505253306 0.7847178169800992 0.5832366419800249 0.15209962987323888
0.8116936522281543 0.9042226494653508 0.5149559833403133 0.8154298289484766 0.2891470143056998
0.4132280021321414 0.8450250747897342 0.46445103647455566 0.13656568279940984 0.41856023440969314
0.7542875473868891 0.8344963262351954 0.8336624539592203 0.47851228391880907 0.6346015723071846
0.9429337303862146 0.9428479581896283 0.588781766716805 0.5307899378778314 0.026151789011363613
0.7999561257882958 0.8199365239829332 0.4851073796472365 0.2662363248718356 0.6569639089616656
0.8950281857083192 0.657097037359963 0.43520126214514354 0.5276232734706304 0.10224749731174376
0.11520524576755087 0.5314834914591101 0.944769376253349 0.41072394974131554 0.6786248923888718
0.889191434589861 0.4931999119007634 0.19386042160540584 0.41342329519545784 0.8415893356506379
0.17430407690386485 0.717582375603102 0.21012439931728177 0.5640362016847525 0.3418430566105911
0.4020793641640056 0.7449612791571353 0.6398780292722609 0.5857253013550213 0.4971259019269325
0.17312418429144671 0.051802540905626526 0.6604349797784209 0.2654435314564756 0.1741521008467346
0.1370769039840697 0.6422024896545513 0.6506518521818809 0.7251915814766191 0.04138393048670019
0.784710909874576 0.031033113821300695 0.802209644195106 0.26268781254925255 0.7781754836817136
0.057217311213243804 0.9318018291593947 0.8194403197661602 0.5228977741772245 0.10075727178979932
0.5822374737842311 0.7508386720243367 0.29577155926924503 0.9465944851829912 0.8675448415831039
0.6919964741968655 0.519871461607907 0.581322314346623 0.854091682923397 0.04855825023840954
0.7950266700833225 0.5677068049549434 0.14929414933721774 0.8826794001258518 0.07689792086964686
0.08876081545727343 0.7804497746701284 0.0057049656440463226 0.9630031525782561 0.24394163332744123
0.5270658787605264 0.6125077089315814 0.205209802757778 0.8696254322338575 0.4280131373782843
0.5190381643241231 0.6261129814031934 0.7263951097335154 0.12176915555726409 0.2535309438646671
0.10359745397901776 0.6589403574924836 0.33178387011452803 0.8352358094459901 0.877471018828768
0.29503302688762845 0.5856369213580878 0.07801914262060972 0.10456622150918038 0.8672419591757112
0.2148882283042427 0.8110548678803233 0.03725815836309032 0.27268892729558425 0.8166340111609667
0.0461930303218957 0.9485259321374708 0.9400707501536563 0.747162077935751 0.11640699549817435
0.897779665978606 0.6376734245525296 0.9760032318164866 0.615872549145088 0.7107727623443097
0.3698757567005003 0.48761238010129626 0.7450076859054642 0.4647763137128189 0.8317580862155077
0.68448248800964 0.5881828109264334 0.23502597909627443 0.5137154451795654 0.029415901142402112
0.5014181821699644 0.9883243260779812 0.3770577761292374 0.5020119433476226 0.5499199828797229
0.4014684278383924 0.380151773086465 0.39513200752700395 0.36594283735008026 0.26365557264133466
0.022822171365448285 0.2570904828615286 0.8561720261056674 0.01768193882118496 0.7221776424307522
0.5392910180616494 0.19426816820978798 0.7733966629875948 0.0960164148710616 0.217664744153808
0.3426672180049065 0.6342883173702039 0.6513405099471805 0.045383784842358166 0.30825837950229373
0.0745197092597385 0.6193667851948972 0.7338136562098274 0.1302761917731743 0.2722168109127979
0.6379350033273338 0.2173267444667113 0.14097158448935665 0.9056384554455449 0.12561250211552477
0.5526029844247853 0.8993886923705267 0.7904947494974093 0.1102640603527113 0.41730269078414906
0.3920901237044675 0.49691828045047903 0.3864171127131846 0.1569820128386833 0.0897658624640627
0.8105727005454904 0.4139230796698776 0.06815516397890109 0.7142355596103961 0.6991906501323337
0.5755558396438185 0.6293977520895927 0.16182501772174784 0.1893532062431047 0.2846425070501042
0.39945402044169553 0.10634176793175498 0.2479260882099421 0.6725150936108075 0.09331954417818367
0.16196924227325582 0.9464522669653328 0.8967397076523836 0.25523647900808644 0.8988241743343632
0.16685841396889922 0.7039809381206417 0.7699702000286957 0.42093872039106073 0.01334187980014745
0.44424231307632567 0.6710044364584643 0.9919246879658927 0.9915523815860249 0.9786768792490699
0.18757293250981055 0.4531407608270728 0.1520628041619586 0.09841931391805248 0.12836807060642952
0.7040142145298639 0.797138889282111 0.41154180394167095 0.2090591555487451 0.34468667658261354
0.10830835481107115 0.01936380899814849 0.11146722606104653 0.09231883261495233 0.09277522680967853
0.1117928624293012 0.15943339744601515 0.5511592120051916 0.3164201672617396 0.6150471423399435
0.9283618939186356 0.8277805906402232 0.27855263186877544 0.196234867941822 0.09280618095862603
0.4678740325530302 0.28037744564670786 0.8139166148124141 0.4840713715261633 0.6151293529948838
0.8123389209068972 0.7567854795723659 0.31649174071423347 0.9152910634658049 0.22011262213228866
0.4694727799482675 0.7521758651497098 0.41838557149462396 0.5162001372007122 0.5731761186999357
0.6061283700082112 0.1694951044594084 0.6707441398560862 0.6400874447476065 0.27344320936930644
0.4100620865814423 0.2712396297621533 0.09397735523053319 0.9696769404343042 0.6825195726728167
0.293892351398898 0.6037945312430658 0.6579584541146439 0.9493379075475281 0.8101955286796854
0.29854589368189666 0.676766730269952 0.12179689033258734 0.2823505746946009 0.44017853350726477
0.640839405005819 0.9884932306411968 0.5580702374463663 0.022743821379429097 0.23456744111767014
0.5522939358071164 0.6219087540504898 0.2552010085520038 0.5060968220488518 0.8135465496757234
0.8029604467002859 0.8449719725823279 0.8594766124485899 0.48396824586471054 0.44212905083629106
0.5484176282856894 0.8825521881935819 0.8528603920205245 0.6664465756344472 0.9534599290443548
0.9496551098503568 0.7752678427794892 0.07666034220142892 0.7607386947948819 0.33307706474314114
0.8260388008110069 0.5461978381072563 0.712231958971551 0.7149220787885368 0.6881793982280056
0.5804913923143266 0.3898032223464586 0.6717003785231188 0.32314296235001183 0.5720710105517026
0.177068696247902 0.16106245706225386 0.5524592749994232 0.2509298047970441 0.474822148334034
0.8277351307925784 0.618026498622341 0.5649409729199412 0.7828462003326078 0.16885343161309851
0.9602891395954206 0.9628919939976143 0.094538438650002 0.09362767696415653 0.7471056871364371
0.08822387891145345 0.37240670363023365 0.6488754650611741 0.817028492102889 0.9289574909793583
0.8531535193837352 0.26283840407099635 0.05547107990026534 0.1367325688913491 0.9943436428437329
0.5460361691388471 0.6687645045878565 0.4527414836292334 0.015799393480599666 0.7601088027782269
0.9615839048749457 0.6941699210153094 0.5287876711824742 0.5143698144784306 0.48806609942502166
0.4583887888402063 0.7228851060617633 0.6402800263880711 0.4048488800399005 0.14179904322804415
0.5927739112386836 0.6856995370080342 0.1145019509502927 0.22423301496690662 0.9959352849507875
0.9465390052943742 0.08632035836315444 0.9756364096822571 0.024621663032057706 0.3383226730928034
0.05970339779181011 0.8890723007711545 0.6702804565461415 0.3099053171778863 0.535696256958396
0.4265415397201391 0.056021112623017344 0.31974511954123075 0.892737832514759 0.32456979765112604
0.7840439771303668 0.9989817490217638 0.5550219096270643 0.8193152589365341 0.7125600917075147
0.5918108364610984 0.8208807214449692 0.6030111481911401 0.7744207201094674 0.08754369686520025
0.543322384166561 0.6951013992894417 0.05956952024475426 0.2897347582225347 0.015255617413860278
0.9339534205982338 0.07433688543947259 0.4259711043671094 0.7447229119806725 0.3390053731720889
0.7338307304302093 0.2390503573963071 0.47601721390330376 0.49955542762953753 0.023844738792332176
0.6293729965381932 0.7130057876430747 0.23414714302676187 0.4534884533109823 0.8012554183832612
0.09683579441104173 0.4065454688917337 0.20569983847291307 0.6091338124674928 0.037855315660920485
0.4309591664479777 0.697540814580036 0.45153647978200007 0.49276229633427215 0.4479688726500931
0.28225346287335695 0.429586243683163 0.8737970714856984 0.3526002256224643 0.09367023801970586
0.9136954244353371 0.48958997688935935 0.6020603322929848 0.9934776152646497 0.5059973967532687
0.05826410144611893 0.3494689249344123 0.07634538144633185 0.5583264591135886 0.0016596257645493662
0.6144514388373571 0.02645922813517121 0.883029170853301 0.4036569292894089 0.6185519917122132
0.17321426816441865 0.8349916629004815 0.4280101221528897 0.3266444623241911 0.4233425499670761
0.39823060726881243 0.9772825474032769 0.5660127319687525 0.2564092982937539 0.6100996229105979
0.5088673795076377 0.5077217979136134 0.8655036644675493 0.3385807570323667 0.9667884424288804
0.580388838483559 0.8228385790741386 0.30610641259900884 0.20337894895324127 0.7733242861608542
0.7191943416200274 0.707618623223917 0.18179316918653166 0.8506346822461249 0.3115872800973638
0.6252297400744764 0.32861154112190405 0.20764146440320141 0.0332153185761942 0.9274623941411675
0.6304661847034312 0.7651321487836051 0.525249730909605 0.07936396481754793 0.15429061903029706
0.9201086992646146 0.3381697554657822 0.8363463901842074 0.7695101616050481 0.1854659605420783
0.9880268254659936 0.8609844198656585 0.4315986018832648 0.1237138321946395 0.5704707960834984
0.1549196486119535 0.9670148043667725 0.7461432546247667 0.35048126240729904 0.286952583712608
0.7196821597183933 0.8035954194821424 0.6889790273454003 0.7549457687965582 0.09179418488025459
0.4408407849572148 0.6855882458160991 0.09558387589255268 0.9132530283223267 0.09601682658935151
0.9242163703841485 0.8128006675576491 0.43877634212167316 0.35881635476319884 0.7151724425591084
0.28116731967060715 0.5397069435605395 0.670323499502106 0.07083124863637968 0.8301357002500496
0.025041899597171513 0.9160964910621309 0.28445328441182616 0.6060091093945076 0.7809104201580285
0.017543153934562183 0.6131344035053609 0.012740246865278637 0.1284978844744653 0.11488862188946403
0.5077617042661293 0.6228192413905711 0.3514213707746162 0.07755970376575527 0.9300303985615384
0.376379826835181 0.6772986121181885 0.5034421884534515 0.6008432018839378 0.17918607946514475
0.9161231303580166 0.1541169023772817 0.7545980890096889 0.07599519187013026 0.20482051405438972
0.4893094121693028 0.952812708070855 0.6109143720444843 0.9251573815635626 0.2860454579436966
0.25575939423502114 0.31201614399107835 0.6998611239195748 0.14620113914141708 0.7881409496036474
0.8420382810474836 0.9304347954350145 0.2000156088230285 0.14775948788861315 0.036538486254416025
0.8061637560326199 0.9802104219274833 0.2515808827575903 0.6926228756687515 0.16994109748883557
0.5945393910994393 0.48963713867352165 0.9042391952331411 0.9611725093883524 0.8841963333383361
0.892681547089769 0.3970143246961456 0.8344687716281072 0.13807540562746734 0.31429148432863674
0.652849341900294 0.5202636418793588 0.6492239891089814 0.8027958572172826 0.8619163656744196
0.8464596535118275 0.12738399105264886 0.6165675275370757 0.2684066378261686 0.9210181648625475
0.2912743091261041 0.3824089551199823 0.39790432283785726 0.25544104587818395 0.6299460289051293
0.47636893906408684 0.5648445504642878 0.673822752537381 0.3436921965715928 0.9682167476763207
0.6154707122231328 0.22737633442047733 0.5163265264644556 0.012178231787578264 0.15769751412176292
0.4696599142393182 0.2782860971086346 0.04401780679734302 0.4309966908763405 0.6612747874450682
0.7335733390433723 0.012239754051669771 0.5740236147290819 0.3236858203369518 0.6007495153032113
0.2625418739627471 0.41177020252407914 0.6806999129121402 0.12252980927240364 0.7756632512735109
0.9822365994032678 0.12847905006012939 0.019951341936860434 0.4678951416144721 0.8572985917033377
0.8621992891807753 0.743824474847047 0.8114050761563752 0.2795608409970416 0.30076166381905467
0.2876339620849795 0.8260599715866849 0.6949376475142977 0.6251673713635255 0.562565499601452
0.24730712363067753 0.3348230032483006 0.6699221882561803 0.5242459846085168 0.24289141075685405
0.4859764879713073 0.4024775908519528 0.8959935282986989 0.15325838780960466 0.044588684374872956
0.6431129990665188 0.5026380670861794 0.5476173621163514 0.3009839448310726 0.6138891385607819
0.7689317129536163 0.5791504381999616 0.9130598025295408 0.25879392518511 0.16024319151968758
0.8322025567367387 0.6461351243506757 0.38681638195810786 0.2672634808931694 0.9996557021206877
0.9065598340449316 0.8736808664371276 0.26683012935983175 0.4818064559069348 0.43304739047167207
0.4138101924500708 0.6357958390764124 0.37649540484881827 0.24907735237597517 0.8325382388142618
0.904920081704957 0.27156874543552667 0.20946612889489757 0.9931533562155399 0.9999870160055078
0.9964949330884864 0.3750015317297285 0.1726333068912581 0.08150010203024083 0.09362646520144247
0.9532682776302595 0.4045387757861276 0.9221740299855754 0.7221009759585799 0.14264760635491136
0.07582394950821703 0.5918137553301538 0.28166571890726977 0.17272975515492395 0.5632964426296821
0.4462622931232112 0.518728473013699 0.10736119920535458 0.6132550016955756 0.8382021281403527
0.1346289273832365 0.3588888195594202 0.8575939781741522 0.4780889663566643 0.00567639993704383
0.1718023866556463 0.46123825027944887 0.4402473989339306 0.8211497995650628 0.6070172864245384
0.05613761117580007 0.8600780333196469 0.22419726348223 0.3971083717615579 0.40214108233709434
0.13833688105123265 0.8099517689327332 0.2145500561818109 0.7639431044637152 0.6191596716177611
0.3009805609213303 0.32694072654744477 0.5592211343670261 0.8471908797309986 0.6343797080538746
0.8217306120873342 0.015267278250632121 0.5832677200954987 0.6272170647722235 0.6072523877247796
0.09225999432930454 0.5917223694673537 0.38038023847450775 0.16997716943825358 0.06057925876148962
0.27689492798578086 0.9784190160357203 0.8838324183924979 0.8239028344943442 0.2238850530306118
0.5759618775937423 0.7608789597403132 0.8027744807596924 0.41504786515408565 0.7763882543526078
0.8511931094312267 0.16475419413565895 0.16456515108273773 0.49658870946994804 0.6293262767037113
0.5313596815296444 0.8856922829075355 0.3365863779610867 0.24771698883448823 0.054428115360903195
0.8792362203048045 0.8529179872125027 0.6465954219055012 0.5144776618460144 0.863015503553139
0.9378935047607323 0.2333528979552556 0.9305559200310035 0.1068199183908306 0.10790581983055292
0.6963465571612201 0.36826252624424494 0.15505129284153218 0.11721876093063732 0.7927266535587975
0.3093162037449133 0.7831401290773805 0.1647165446759612 0.11332838419532387 0.7712613076008212
0.8110740425078835 0.1889264374817654 0.24483295620449408 0.9182533786909048 0.022386340676719962
0.7613466335488429 0.16552202944598915 0.5162934006047223 0.7511920067092079 0.4468232895859946
0.6888155624561901 0.18507238783481028 0.6626983522812628 0.5870509786942241 0.654797754195487
0.5891445654183666 0.08777654139223157 0.6101975360420187 0.1436499566916999 0.39225855036988144
0.7696128634109358 0.8784871158526991 0.7065053928799425 0.6068038107056849 0.7413919522819673
0.20213496506244355 0.14929699234117644 0.5186623885805607 0.6504150279831494 0.5784192742865014
0.9059598860957112 0.3157254350325258 0.7786020075676611 0.1107257507019399 0.16873363854602585
0.7910503736072954 0.17097103875344977 0.6866238533495077 0.8833523160452427 0.25261323779259326
0.43094951190231 0.8889597408761774 0.3685218366306009 0.5785090149943002 0.13294673799561363
0.8903000796319357 0.1471634647598633 0.1554599197283275 0.8372464527831468 0.5540277391720605
0.6159326906256891 0.32791086240456413 0.5848484471113898 0.16714609517961576 0.8332894528011711
0.11300327728737514 0.6418855933006062 0.016240140479459764 0.4096837343176498 0.05717139521443604
0.4978458839908203 0.5958037901405783 0.5215636953487393 0.49142003605732476 0.9470070423847364
0.9256178998988482 0.6150176646000411 0.5723793343532569 0.5285483356936292 0.3971649419742006
0.12606589337358243 0.8828503098720545 0.5948601099218379 0.31151786328386755 0.2929911004827054
0.7684002473169359 0.3674828369715233 0.6915806267201771 0.5267688237187733 0.03167177290808565
0.49486251919997015 0.23758362703812796 0.0849258202694263 0.5880204164326451 0.5629447445240762
0.6883171329142611 0.44218444895173603 0.795906247547021 0.8616005285015341 0.8589264970171537
0.31542902616780055 0.22708465111623244 0.38393300505945227 0.06749481317243933 0.7744385261515048
0.7111485481816134 0.9790582977847789 0.21590476834241912 0.5410828843280745 0.08581101855431328
0.7516700402001115 0.751070757077175 0.8868955375574094 0.33007912804117456 0.18456781976067227
0.32664935117415705 0.7414518002695598 0.1269427127994318 0.12909864921215664 0.5214329304086902
0.20131238904346938 0.8851614972898426 0.06841942235617837 0.38122534825752896 0.12153175442899422
0.6343705752344775 0.333573976618348 0.15002267763366106 0.08508752395402663 0.5482861905290061
0.9906188782201021 0.4731625495665933 0.9371041909060694 0.5414980499121995 0.10979762039699748
0.10551421488358348 0.7503214926677998 0.9269643662486187 0.49757910587653853 0.6569039897269485
0.5014580251791764 0.16987883275512328 0.16141534225056064 0.029964772412349516 0.6418498953953142
0.23222917367448592 0.8214666134761015 0.3784569823949846 0.21220770546735845 0.15670842549854758
0.43344928949117145 0.7654649295087702 0.40462503622271573 0.9391318473634285 0.3916118617493448
0.042693829100410974 0.977512425382214 0.8305357704920424 0.9119234485297211 0.9991167931447632
0.438681485066425 0.7526928647196139 0.020521718695548197 0.07150462742972252 0.1432165870031209
0.7233630048385942 0.11889500744184445 0.32558538897586387 0.12676977838141612 0.26017795771343366
0.7399704952673772 0.9731675836156313 0.15008853140968226 0.15830001458166687 0.07859017031953586
0.7449138170046808 0.4415723316768141 0.0717709898374419 0.6309423595235386 0.9549836219557152
0.40567589962812234 0.6944198533274516 0.1543653143661835 0.09995653888577316 0.9061298828366018
0.32903876932472487 0.8403756612293881 0.6975986870062895 0.8718749266999165 0.3526817912395257
0.37008806882833667 0.6932369658075858 0.05495011943051242 0.24374270674781506 0.627348186021267
0.4891161610996131 0.8115916996555289 0.788466475646877 0.4621586091786707 0.15838879215865265
0.5659436891885548 0.8490951957152151 0.3198499283769022 0.40998085535193685 0.6467870996923434
0.6264127506201087 0.18968101719845853 0.42666258217217845 0.16152165480015546 0.461588854837783
0.5372759290826234 0.8357455653539209 0.9697187647910711 0.5706957340884096 0.5394504434365274
0.7549649809637359 0.7645227258549315 0.29635852488419456 0.0025352609901817535 0.4896462438330228
0.12021489286906728 0.5637090975635496 0.26432379284203145 0.3529337161915258 0.8605257635624418
0.3556049878989872 0.7150248221765169 0.9789362910551442 0.20221573563300632 0.8174911135896318
0.9533813200334443 0.46641454337613064 0.04579814952455774 0.6406172777285974 0.7164154973219018
0.0064522711120756915 0.2711156758579908 0.6267049815700331 0.5504130244623441 0.44589289516222463
0.48868030994184064 0.379030174338428 0.880190917140437 0.352708878013101 0.31991109299154175
0.8057060958240839 0.8552711088920104 0.47419124716167693 0.352760418149751 0.7937942445344528
0.5538713357650987 0.04720388606820525 0.5347692756075642 0.7115404610282104 0.46495490871986445
0.5506354086716027 0.1720398534245029 0.5961054153060839 0.41648415934518945 0.3242971316889729
0.5476420952315862 0.8550144871477967 0.6106603503214199 0.9956524490539286 0.6580981264604223
0.33606820671573323 0.7858172059530283 0.668277511915475 0.5465700625691776 0.04428155152668534
0.46997663820855606 0.09813617296183952 0.11254625017913511 0.004958422128345297 0.7955929678844162
0.6527923896921138 0.09110395582796815 0.6296170542977056 0.924615360728515 0.7148366357732182
0.09250375811613443 0.9027939653272912 0.5349671177959532 0.45212525669383286 0.21869039307824167
0.11997970265090174 0.20932875417822872 0.44949192889386624 0.13372344957955862 0.27646697843020696
0.2484245145205023 0.7403284877914945 0.8162743295580751 0.13870062586769016 0.7320506772447569
0.16731115667396523 0.8006601046243698 0.5543880747226727 0.3614202662175945 0.1017466658488222
0.748582165293656 0.2564224241786388 0.7264157850914156 0.8943013018938787 0.061605587041835164
0.11179285928535598 0.9196106668599272 0.8395381412583316 0.055985831571412015 0.16184005758296183
0.12891595972476566 0.18888324400179057 0.49472350266831255 0.8469431623851785 0.9320972213212033
0.13334235558869434 0.08862673851914071 0.5848952537234864 0.675385612421848 0.40508916813713525
0.8308656780464384 0.38322418397930036 0.4896201106931032 0.3311443131133711 0.6161663650893079
0.2809595513020281 0.9830405816188529 0.07508721231221693 0.22088559886758352 0.7652183945461979
0.8266724130933621 0.2730315409294821 0.5829176309987235 0.5785340993311795 0.7415018207675171
0.44372513432507155 0.1959695052124838 0.6126710414989531 0.7496133438478152 0.27293622072369206
0.4069660570731395 0.6525822637793056 0.8147429041800419 0.17169864928813017 0.0013224504529842918
0.6710822457192868 0.6937987347096937 0.6154251565676374 0.5727868852457045 0.1784909850294858
0.6370075999333 0.607312624028258 0.7649607384929835 0.28814749694999486 0.3205565891974518
0.5565349642227176 0.8461810604743533 0.9431818452163503 0.01820370503296287 0.8619009201628756
0.1907947691591818 0.3760084293369592 0.04503976024842482 0.9430763230938644 0.24022644526659032
0.7429920109334717 0.29365385430651525 0.3663074498447306 0.03879918481926903 0.7661729443304601
0.8158239490538789 0.866250932903272 0.182449089136562 0.7044487020285225 0.46472450564545686
0.31978819530786096 0.4378277687046128 0.2569607746094824 0.6131031098567388 0.37725804204548397
0.8847023876479508 0.9430441785409267 0.6249982273006243 0.06889120085501566 0.6391296057516733
0.1542654960047467 0.6574690039632579 0.7890341682044105 0.2685132147832394 0.4569000684234411
0.08164707757887912 0.41301730145274607 0.061142951666578016 0.60908746146174 0.37728263249369387
0.9519842252968551 0.9843290673877825 0.9074536516344398 0.06332087649229834 0.10689787945272755
0.17055479789089845 0.9298666813947544 0.5741909147278251 0.23293571026466453 0.03943314415456234
0.4454459075820413 0.025219030168583956 0.002935869289885873 0.8086999649350387 0.41997045173361736
0.6557843512947006 0.59442515458816 0.35639107138510817 0.1618328227722875 0.8499595791802207
0.3131176567277243 0.3956113248821854 0.546358879434536 0.2753794786192313 0.6152246195718608
0.0680983091529177 0.039869215413125714 0.4537282870672341 0.11294755317993921 0.4966565937425156
0.6250976808868947 0.3374338192828915 0.19934730255248878 0.8592408867415787 0.36010220504090273
0.17312550025444018 0.03836965587297303 0.5541663774373011 0.49002466625357477 0.990723388200873
0.5144092678772592 0.8757789001334707 0.08324785453966599 0.7825366273220077 0.14679931548713399
0.13907048514806064 0.474215670022642 0.38233571838610847 0.05070725217044558 0.7691406502219841
0.8373523781146579 0.4271270239767586 0.3382275148250281 0.2449409318584258 0.5647203087642224
0.36845932283070804 0.7950587899691748 0.2114983082931149 0.8379821636375848 0.41133681215439466
0.7141266007433175 0.9999565719971739 0.2751225435221697 0.35804225394229616 0.27644781700380805
0.1431189612935838 0.8789523936298075 0.2639482785628461 0.9071578931373294 0.15181005652493185
0.9156531772937807 0.8198912582530041 0.23792657434993392 0.9162066751547012 0.5092585796150346
0.17192537842256372 0.10414909615162349 0.7938588891869053 0.5067605932792456 0.0937740471999784
0.42687677328281426 0.1252207879659606 0.23987757539096644 0.878964994707117 0.9079986245433721
0.7596828298570099 0.9654686857428101 0.019552583760259035 0.9025851030788492 0.00032244198403497126
0.9178182768357074 0.7615723320790151 0.3190388412073798 0.8280706968991846 0.14382214483546096
0.8448534889013872 0.1442283231862307 0.4202069288977768 0.7546593868974707 0.27021747589107603
0.8118821394022543 0.09080337862924381 0.8154765975819426 0.4742563978611002 0.11394462527432714
0.6154372721141113 0.7481082786191937 0.7169456011303746 0.17767149090670975 0.772764240894483
0.6583854161220878 0.8967229896519047 0.2114733858841602 0.5885742255918949 0.8891739080676988
0.24242068219994262 0.7222730386792239 0.3341566438040088 0.3147299494799115 0.5351726719700762
0.07098984278770082 0.07831975097110921 0.843176250451878 0.013622774144313343 0.5748416453193207
0.2922209316951634 0.47183738906251105 0.5721561287954612 0.8092044094424152 0.6840990746565233
0.6617402699548365 0.4770009654937756 0.7480128883899084 0.5784229407180912 0.4151298329292382
0.9916375636313188 0.25941496391763574 0.8941810031782929 0.8238596175622045 0.5456968800501275
0.31378160671586364 0.4498293717989802 0.13905212657378385 0.014253800981600229 0.7573902048283822
0.9205996548128016 0.5909111449589369 0.8921043694908849 0.14958032790015297 0.5453158676615584
0.8460538609774303 0.2589428091309156 0.9450405482839775 0.8139242708808049 0.2494005630860846
0.03590398333448208 0.9976960380521768 0.25350483128771706 0.5178032920369239 0.38861685048232075
0.7654612728804617 0.40992195307927326 0.7991298001503262 0.28071809435518147 0.48700274934547727
0.5582707809692612 0.617776825519873 0.7310954708301922 0.5538594107775062 0.5498754257149152
0.21549390456366513 0.5867601564239954 0.04464304296788668 0.7322768322362331 0.14157668335307738
0.14188845527095262 0.3544624031787219 0.9030631295312641 0.4998043182694345 0.16620703082516008
0.48984084466698563 0.2875517463431454 0.9543836679684117 0.10181261311717804 0.11386133606787052
0.08133486710512161 0.9459757240727926 0.4761013080687758 0.9852291203476164 0.5784323423072227
0.9280970024161627 0.7265300723151764 0.001709482365569892 0.8273461306140608 0.36623964123335473
0.2502668528878531 0.472879164233989 0.6190867928648252 0.8063835838629878 0.37816203319500974
0.18286675444647704 0.22495330934513258 0.13537764550123643 0.17650464965100054 0.04927585583175087
0.24668311268786947 0.9934994748346204 0.43896483976824696 0.9007358929091118 0.3144366740355953
0.7694200951518307 0.030879533995341157 0.2968723985159417 0.28687578130929203 0.5043376357934917
0.4518342182209901 0.5531490092729697 0.3397503801478442 0.24895796268598647 0.861627226195312
0.6165082509615498 0.55293212071482 0.5985807166745053 0.27097669326923735 0.6402607073358146
0.21360356834322503 0.5238165417901457 0.5813273268228594 0.29658053334963264 0.5352586389714908
0.47060200431188126 0.02265872562998361 0.8162850627939205 0.7113178686215603 0.9151659455307872
0.7651813014116292 0.5453106809429404 0.3718407803350712 0.342246474265111 0.7708528304273774
0.7637856358385385 0.2575620580789303 0.9940055684984915 0.1327967816676342 0.9428313517475879
0.20687131011751225 0.799600986448066 0.3913941844421749 0.45250815188776483 0.5592285004861941
0.4694886006332052 0.8020194511356504 0.16947714671223935 0.580625540334187 0.7091839730386613
0.14352063315246733 0.3558310141967336 0.6424366226016947 0.5127067204279392 0.7385243737674577
0.06286566985036357 0.6684692579357915 0.820799549107506 0.8609580672075461 0.7636227510780977
0.9911756836120351 0.9033532966359522 0.14843714970339705 0.6460139154247119 0.484679433703016
0.7932908478436232 0.4559716563464449 0.08512579722126312 0.3959311214110913 0.8117537761295501
0.10803303456111779 0.22416807943515027 0.894430938844129 0.01733942406471023 0.4043191854221597
0.8684354078286531 0.08051241602060244 0.4569387181982407 0.3945615409248405 0.5043465776871766
0.21816700692407853 0.46558741152178584 0.3929216273886724 0.20812929324829266 0.6210659177280827
0.8723015085022425 0.6118464616381109 0.24462490292607397 0.8931103853915376 0.9325079117825209
0.02355232597697865 0.9226174807897634 0.6516657761138954 0.18656007691993082 0.8402266374541775
0.971695574450154 0.9783768443438868 0.03892254328949851 0.10740844168660424 0.2755865748014257
0.5203859076896994 0.7422157239774112 0.48240477094600454 0.36529595828476735 0.9118915440971707
0.03317009892833711 0.47794381387920304 0.3072265002406198 0.360228772316587 0.7269523153857221
0.41118185191385204 0.9688541921108045 0.12136391393334223 0.352497338680686 0.9612451297634702
0.7852225618317946 0.0023535454483741836 0.6380165794919773 0.668166447248131 0.7951019261121408
0.09522384183156352 0.3548975693420099 0.5728979414816356 0.4273227148046562 0.07709816556141191
0.5773342472458698 0.2423769374369844 0.20153201252032182 0.1748018297785967 0.21521192237458564
0.5898243916411229 0.5224108363124518 0.5784572387410369 0.7942193056981903 0.5846656606288377
0.9126428378197132 0.7328592626376218 0.3908156456764067 0.37918165677188165 0.19901201408879332
0.2744745396503979 0.08793819741252074 0.6823750812552343 0.18315649014322777 0.6156100140901178
0.5504283722154444 0.4278914945371143 0.8997059800215373 0.8066058652123776 0.3018900988915463
0.5466716776474752 0.6198403135271655 0.04947191636252579 0.18889441211272417 0.23153284645988192
0.47946465384771275 0.2502877119945607 0.970964046326455 0.9434822134823846 0.3193493643848704
0.5392243303905226 0.3730716706375711 0.5407971812899318 0.8070000504310193 0.5928162590274054
0.40843712197069304 0.15960315084631327 0.9704692736803836 0.29655894446025954 0.03551377605385764
0.266552689083159 0.6502966883081248 0.5219717365377522 0.3159163823379555 0.740219513103518
0.5822289833726199 0.7368766518964781 0.5568366724630736 0.8586065080951869 0.14823801215729138
0.3884131734137066 0.30737780880076726 0.28084154184620846 0.11491383257862087 0.740014836258175
0.24613971615635333 0.6826786630222592 0.9174137164698618 0.23336644300998943 0.5891450475118117
0.3072342873114391 0.5148754058180276 0.9794332048954912 0.7745521890140654 0.20186355147547919
0.0028387707339253554 0.5132084799073096 0.16071344431900036 0.45399388083376024 0.7949453260113227
0.028360057436250363 0.9499121805656301 0.8872211467068108 0.2172011782321268 0.34453219302114924
0.9981613171779226 0.3852270277772982 0.23913365612615556 0.9639628803557658 0.3603886026359522
0.014551285844447093 0.5072360869303182 0.3414381915567062 0.5412830376801444 0.2816426543555153
0.06147886715480966 0.42749564471571466 0.7056235996715781 0.9343354593843004 0.8671362083300962
0.5912706490871803 0.5263599317623889 0.2370543200511107 0.44992729653440044 0.23484898602464221
0.5028986824753094 0.15784648734393447 0.5384339437493663 0.5770989179806179 0.7012615566043748
0.6180468939380057 0.5870177495195055 0.5326664061019181 0.2686171787716173 0.3400122193467403
0.25611083540504354 0.2127492434663627 0.5715104077744333 0.22347765769678596 0.7566792819940206
0.5512199588646753 0.7336543708092979 0.17986485338716873 0.7280483461725009 0.6432437756241676
0.03425607758987059 0.3419908969190826 0.20810260328805996 0.31115040342684896 0.9453651975601386
0.8903299878281986 0.9833982955520107 0.8389956058520399 0.5008849008124328 0.30793933707122334
0.6178320322776198 0.3079715007351085 0.7389898789999593 0.881061744106626 0.510756213950489
0.693403611111958 0.6036555812326156 0.13748228050062505 0.9022353820897874 0.4072774785876987
0.22494746787572018 0.19578331992689824 0.2912010013480336 0.5699706576851996 0.26654334922340595
0.0308019062678645 0.4156462837625823 0.7802823167233297 0.6015062189413933 0.4229162057424506
0.09754509745929685 0.08481288640600992 0.6634775697381192 0.5094050908688907 0.0541867334439089
0.7264425602144442 0.8700721232793485 0.6342012249862741 0.5090679649830755 0.7252302571636985
0.5891759593670128 0.4725033144137676 0.8644135367933407 0.03357686159887785 0.7373930813729527
0.6174001183994364 0.428660393694708 0.9950231464040176 0.9867203056606794 0.8394117317866068
0.44724731617751856 0.9825463508802728 0.06764586536180794 0.7780186637011185 0.7098818555831814
0.42858055559073716 0.5862331438110108 0.5322522121159363 0.5160196046280962 0.6594334788937557
0.12349091522760669 0.6576556975273998 0.017292053780933014 0.10210809879368254 0.9049075222591535
0.115849456511669 0.3649817122795491 0.3746869531798598 0.08309878809463989 0.38941426666401524
0.013745803226914433 0.6870879680681201 0.6152398518065781 0.057228057171559654 0.09874326336201966
0.8816431777207004 0.8870479426451705 0.5611506456653741 0.16904499266578354 0.13638181344845368
0.11345817948538495 0.016898226469665656 0.11001875832925345 0.7011165488704477 0.7378904290996495
0.5658961521024001 0.6349279539103796 0.28490625225558497 0.6813545808183632 0.6810338167475322
0.37122685049399684 0.5893861827376307 0.4247247012193499 0.045781313700891224 0.4296324282583809
0.1761472165209017 0.9350350773089617 0.06810787435618948 0.05579465408495943 0.8030080069509766
0.7672621601917773 0.7572619056321237 0.012013000284143538 0.5618632501507806 0.1321136863238218
0.6729278638150183 0.3277525901374432 0.7114318289320973 0.12967092466604557 0.00478392898952551
0.6664032195479449 0.46611190529428614 0.9125861789350627 0.9964604408340532 0.7419938395591896
0.47647664434601433 0.2605049127653032 0.9402147050118594 0.8708434663135418 0.024281707507942007
0.7921232605609783 0.2725752606394011 0.1584834474303045 0.5586265595600978 0.04306388641348147
0.0702964015203692 0.20424205905939996 0.17412637203484693 0.7445303424136138 0.4843859658739277
0.05993032327352221 0.21032329027050078 0.8262839901540889 0.021301123208404604 0.1597576758398701
0.6256186011681983 0.7514410246777984 0.2430093143564923 0.5529841535556025 0.993672800403232
0.13769623182833768 0.06335021177950773 0.07528115551685077 0.18388149907725437 0.7520576367396606
0.1228827374427105 0.9765087906250693 0.0642990681570943 0.6259774748995716 0.7386019013982154
0.9019016581236455 0.06026974424849496 0.31356161644609937 0.5179746342388718 0.684019267344465
0.014624147958656075 0.49458683430827133 0.6962665594653364 0.9724511182913442 0.7254296345580378
0.5600931990396297 0.8368287648422778 0.5803833905792681 0.9718494097923019 0.8574736049766285
0.7344637960429428 0.5560573564461815 0.73876185682573 0.10469231641315258 0.047385431440747916
0.09947112795738244 0.11231705930239844 0.4192934034105106 0.8436397575411464 0.5717631226747012
0.5097350440026365 0.3751555525938626 0.5258649569300773 0.9061270340027947 0.11910114845212505
0.21527059228568224 0.8805839137314705 0.8088757922823597 0.8396579132384228 0.41828063010352345
0.5746316175477263 0.643627298647724 0.830295848332643 0.2976139543822023 0.706737013588877
0.5505385064485426 0.914954807835208 0.8899642596102612 0.9036053540706438 0.6660187441933482
0.41258166479308345 0.13381142917339706 0.7119786890565324 0.07974235601099888 0.9290773980257713
0.24084501770578137 0.8460197336628279 0.92512865056967 0.989544246199011 0.7631529124415445
0.8934977565110798 0.11744813975998625 0.6961149902646736 0.9305057839076679 0.47794499594487294
0.9815330114827734 0.9389526029453874 0.6040196755425948 0.4759892645393913 0.58543871056536
0.6558892354464557 0.18583759365038255 0.4897395250057668 0.8630411281433396 0.7975543045272354
0.12326038432951925 0.14442552239333406 0.22211037698769998 0.41734360279879334 0.8149679763066503
0.22861192631102778 0.16176437196701188 0.13455929699376623 0.43489749822791157 0.8917603317439673
0.14849308338352096 0.15142354939760838 0.639923090006877 0.6913335774774183 0.3536231876862206
0.6327734194304562 0.5623371850586083 0.7619856288279603 0.7660686800642718 0.6220318341584513
0.8738340742355923 0.1386647624799635 0.9928430390747219 0.4404992573067731 0.9757536758711173
0.33791614718507423 0.17137403380398752 0.2731377712620945 0.972648333932399 0.7193982557238874
0.5346124932220356 0.06482534454484767 0.7318327923473191 0.7505272658651351 0.433748474872344
0.8502033442921922 0.5114052232692966 0.8220692867347364 0.6240825036106996 0.18378008446475003
0.6697171774657873 0.9132799783153794 0.890251010483819 0.031016880697464555 0.9688072514062006
0.8337627441015643 0.7866392261806807 0.19357240862918856 0.9221584582006653 6.968433214915581e-05
0.8600296075441629 0.17696969433540488 0.38559207108751425 0.5375122126063533 0.9071984589067263
0.6461209729507071 0.8058904060991418 0.9727126187323392 0.3845787947954571 0.4526932396429544
0.22510089461249783 0.11174156802733926 0.3169861637360222 0.11410803972546646 0.5579050825968697
0.09649494226669553 0.13818674653225027 0.26168025544147255 0.14585449885621826 0.6709611058796915
0.9157248457051078 0.620426230538382 0.38320196594006084 0.9514173988190707 0.9336202458480419
0.2646668575684451 0.08571683470988067 0.6029740361705186 0.6267817891222242 0.011725396075609518
0.3147781841169388 0.13650368080872755 0.20363113262435772 0.2559701313843006 0.5659776643119055
0.7328918691449581 0.42749887804340825 0.8718388016164763 0.38591082465618454 0.7732978399226081
0.7554718103158317 0.16756598121696187 0.014930821485187096 0.0796230053098721 0.4425667669184211
0.4571278211731883 0.8901631297141793 0.4738347658636348 0.7427335647886129 0.41976140787758565
0.36578200634115154 0.9189711344766262 0.9828437603095347 0.9784889576313843 0.9376296534056796
0.002168444039197026 0.6518625728699871 0.5337245523888849 0.7818438702524821 0.19061387080303738
0.6509383416523875 0.32205977803706853 0.5044647917311045 0.1309790043428566 0.035273252827783486
0.42004374871114947 0.8426574501632801 0.9554973367945386 0.7064099636573435 0.049574169269022916
0.8173607421029796 0.6804726431400562 0.8303085106633941 0.37052985765539914 0.7214054195795983
0.4437069428563698 0.3499202279456941 0.27345177197371395 0.42298603694826986 0.8539415407344892
0.0025953630712259868 0.63644427719786 0.15487844927387773 0.9186297479356029 0.5178085642967812
0.056379395214997685 0.430380309204764 0.4765516289456656 0.9103666243129268 0.7848702819834174
0.1796200868623925 0.033544218528752556 0.467903069577983 0.792862085850673 0.8632894302495969
0.6544393322731014 0.3643699052735486 0.8326771593774772 0.5887415392682243 0.7707584577732598
0.786981746062478 0.23380245764900776 0.645359776320732 0.12937324756483215 0.6010345914739005
0.5405553338910043 0.33147742483373677 0.39572140882951157 0.562355339187863 0.28073761674482245
0.27247063081554457 0.3777760682311556 0.4316498433975966 0.8805957668970219 0.30519187388391045
0.8228168494705393 0.8449847498300253 0.9761176494080341 0.8204639058626688 0.204840264339884
0.13560188065310508 0.5874676652979844 0.5993378161017526 0.7249003568720913 0.6794716040068889
0.8363510795176017 0.248269363910395 0.4780371703384343 0.5964699116100802 0.16530558402224738
0.9685592139040138 0.7807041544817704 0.2148090908596132 0.6080294629888662 0.7546876367072751
0.37012138750172086 0.022333102948917882 0.9965403623751551 0.4677837139147134 0.5089476113850422
0.624732610780253 0.12478603955220546 0.842044483818711 0.2559953627447882 0.07375487276885617
0.8515892516709659 0.4078474050949652 0.06289545421607778 0.9433369183577459 0.7762188477762704
0.1436401813493482 0.9925546130475 0.2874543430711082 0.5155526573772132 0.6344146084087744
0.6341590739908307 0.488732072211678 0.36219472049304746 0.18564848048584115 0.2632020545060837
0.34983252520484565 0.469320477659359 0.6388852919779332 0.6028140077457077 0.20628070162283374
0.5555130387337541 0.061457652184634615 0.02283315687052312 0.9536906663425015 0.13389929164055014
0.9555623876431456 0.9517494019011293 0.11623529185012105 0.5422733619247417 0.393386838894757
0.11417161481633187 0.5999096498703247 0.44752329889680276 0.9902634688733245 0.11771344610644396
0.4093523255307888 0.0015835856036257034 0.33226026068098546 0.6114030320177769 0.7562030881248593
0.06819210761558459 0.49130210624011295 0.37281909156431203 0.796610741687508 0.8620725552505089
0.5807397901434869 0.8970804247062579 0.9190324689631635 0.10781833989520084 0.817700735112971
0.5245228634309583 0.3100988575853936 0.6720312277217103 0.4351802729632558 0.691441852400201
0.7446904426159054 0.10186180992507465 0.8538022723219973 0.6174066143392388 0.18264583505182663
0.03255723283192369 0.43934769317945865 0.5462131861112248 0.9297719851482311 0.6288356586927177
0.7743223187953613 0.5318697483457225 0.7870755783484338 0.9711621468724875 0.5491961134431155
0.43987086006148046 0.6531552777267371 0.8759442245325185 0.9616198878992887 0.17543733308753728
0.23449846276121156 0.4736856544895236 0.8616668774613294 0.6981577516871441 0.8725168588863979
0.37643698177765406 0.36886083427029437 0.3349255252892185 0.14138097590641663 0.7781088292943891
0.8892768294713793 0.14779339749406406 0.7764564664058089 0.7892431694926472 0.9330170617572158
0.01671059935676711 0.5450934604762073 0.26377682176482187 0.5225270511148784 0.2829884926510474
0.6232975460884684 0.1359155461790088 0.7864975949573395 0.9848811539929814 0.489118298985051
0.8520443372772077 0.5945592109075467 0.46540631465902815 0.6343449323151985 0.555807177518895
0.6638229708523546 0.526377065738963 0.3375477063385408 0.9476975826590924 0.02275767946355367
0.086123345734063 0.47802079321545987 0.6031653868785916 0.5627477624770749 0.023565024175881133
0.8257241884211641 0.532947105267692 0.09269522225823679 0.6597090094615068 0.03409661328451563
0.32220516999416626 0.10234723111111366 0.9455284788607368 0.98003079295541 0.44863870994643174
0.5559218527824961 0.8888899317676154 0.36854084919833807 0.6641987464189649 0.7928150190680423
0.8214597146466446 0.24054292916814812 0.7650305848173765 0.6108643781065267 0.16856967129067457
0.6048047350242016 0.7725830473775595 0.28059123014882537 0.28847059283024434 0.981237372455443
0.36348568328118125 0.2899046104009876 0.01790562900466719 0.6613878512534177 0.4965575431753412
0.6078322102313906 0.024232356939420163 0.026879479522621486 0.9575494736485731 0.9380439086386031
0.9246464227579574 0.4702583566671784 0.5621684746045545 0.7460837364440058 0.7846394170082278
0.731048060582299 0.9626630390690287 0.767286761561285 0.23914443950987818 0.7937502031331873
0.07102906628286054 0.30772219916506915 0.5670978998155588 0.2962779175474056 0.8081583448204083
0.3896655604739747 0.32739899844625264 0.5828364203113331 0.2840515935638157 0.45690660340918077
0.8311754678882348 0.26959223801277454 0.16064106587605498 0.38818664130690905 0.7774468594998681
0.9148566331040731 0.04418569634495717 0.7716513109167772 0.6686358157725771 0.7408106345373436
0.17965113524437237 0.4512442826671559 0.9344178175572073 0.28265135133008124 0.7456623746883247
0.9901850420106336 0.8846809463622705 0.21587973293244256 0.45694529004926543 0.8768651407946423
0.5646390003815478 0.3493316487115111 0.8431072445203592 0.47338368615615234 0.842064764981759
0.1574967662236264 0.2122732667438174 0.22991986189182922 0.5893919280487164 0.572879242501064
0.2712359315900521 0.9778819181832584 0.34363545083166513 0.28706773952997267 0.07229449461281745
0.5629837000140878 0.5091974528390333 0.575220494042145 0.2602084008702338 0.8629099365489225
0.5471120117477878 0.4866795206516612 0.22499536255300034 0.8219238459969351 0.9822141455643704
0.47462752148030185 0.03278345590381204 0.7198326351034361 0.9211306967084192 0.956712282849425
0.495829435858232 0.4765947570572663 0.45781170403829774 0.4238282735169362 0.16315878095095293
0.7659115711147565 0.6414504125205056 0.9683809233000367 0.5466737707080294 0.07573107340480789
0.8978173326653428 0.13600591054608135 0.9232817016122584 0.8094741869114962 0.697159457834537
0.08239371045135879 0.008312978639951507 0.9075812951711841 0.995056719795741 0.5190807061451225
0.5414755261289568 0.9255799080096095 0.2606281087639286 0.2091356494130927 0.6112052078539081
0.5998204639969903 0.8445888420127725 0.17823503298732113 0.6755733410578334 0.9595599321497955
0.5876055931813743 0.1584992605096126 0.532185797063763 0.9468978950922481 0.19360324734752232
0.5421189005396624 0.829718821730345 0.5044266747057073 0.6322900433572854 0.9580820006007514
0.5136090000405606 0.9742714090104707 0.8461082438079063 0.3076261964048357 0.6824867902108457
0.13864751607201586 0.014550367976038259 0.42761924721914923 0.2837931891885621 0.15033498812974166
0.3698289013630349 0.005410767557781693 0.200576300352024 0.1974940258520711 0.9398757035973051
0.9562355488558996 0.7771701966167824 0.6080135364297411 0.4703344686535924 0.02490435294266169
0.4337186887340079 0.3124842535778889 0.5193829678616834 0.2109158765436766 0.5639138803976396
0.7771554605031673 0.437402655854774 0.4431847373627841 0.9137766359192045 0.006566775473984432
0.4045435391300085 0.46496896212116756 0.3170139644009661 0.6277799402790616 0.85994221674381
0.22829481740086777 0.39727317403748885 0.7804315551811438 0.30129605626844913 0.06372212158237667
0.8527430373529608 0.48586940667119705 0.9271619776371733 0.9135430133186472 0.8793783024768612
0.5306296387300296 0.33117840848766367 0.8018175000681843 0.3768643716083362 0.6365492778484573
0.23597833988984485 0.9465974630461944 0.2858772296371288 0.7007863780793991 0.3099060377719105
0.4425047967340924 0.1867073990045871 0.36700611910565883 0.19789272960946802 0.5507822919247797
0.26252273443550334 0.7176370997967324 0.5518493541424719 0.018033139122602737 0.4066553008143783
0.5778331583556457 0.7996531387032546 0.7957777546365093 0.9959407203262973 0.307542040452355
0.6689816264152685 0.3100589098141425 0.6489908114369065 0.061301536702118686 0.7172728601511611
0.7133811620858401 0.4173057403755208 0.6855619493306305 0.8999835949856023 0.3471649410180825
0.45648377365868864 0.8311774115722099 0.1321667705625057 0.939198383729999 0.7137366507501918
0.32829622885368415 0.016796629455502754 0.3272938444552863 0.10940889694270617 0.5073523124848267
0.08425581195781506 0.6838645927749829 0.4310402502826951 0.07620210768332714 0.7873236670787432
0.11828496657923993 0.6282260371938002 0.07177447744404297 0.6627245796890051 0.7112230722080493
0.9860074484837469 0.7650945104667177 0.0873361175370051 0.1195253485751242 0.7860058603657246
0.37830750891416687 0.2936443527607553 0.2174426213093158 0.4586562312992313 0.8861314483443996
0.09004280141203935 0.5357103848145548 0.7993086577323368 0.6844567683262616 0.5127193361661067
0.5957522508335515 0.481907027335411 0.27447637288373383 0.6777730017816415 0.5388058249848419
0.9438463414408733 0.6825122434652379 0.9525245378904602 0.3411081532496556 0.35888700101660753
0.5399885322541161 0.701523582343967 0.12048622139398968 0.47067376291010865 0.7626529023838272
0.497333738975006 0.9642157385386736 0.2866975552820996 0.44364078436935706 0.7658226351851242
0.3336945034794352 0.09366273721320095 0.15568909470293613 0.4696348466729352 0.5082154451935309
0.9584306030546897 0.2402993124224081 0.6512423906525413 0.05566216205995367 0.2625619989960477
0.30057951899340163 0.013607153325675747 0.2189569225424015 0.5446517778877429 0.24053357732943115
0.04785954334192877 0.5491947607814771 0.6662746153699234 0.8350406290782396 0.8645027840714806
0.26725307649348073 0.3475065871139912 0.7389850594134485 0.9865728629621606 0.2850269153564896
0.19280966564940416 0.2667307997001156 0.7695465581958646 0.039991069711384775 0.6845800738778084
0.4947873345412963 0.6474639459300193 0.2511605691480959 0.8729111166316424 0.5571190657858882
0.6035682547770156 0.09640817835639504 0.2792503142504513 0.33846922685712144 0.3415604074887759
0.07043220274557083 0.006870671566771791 0.43343983829637833 0.5824293176939076 0.011644813422553413
0.37032481946345286 0.2503483198950265 0.12409486173604867 0.3759841033404896 0.6381628591434272
0.24287135487865308 0.8160184966126041 0.260558539632085 0.0267052714602225 0.4691630569194212
0.608868898923251 0.5485964601776047 0.3361212430081152 0.9088629808884325 0.3574512936510619
0.2377112478340565 0.7373343278520672 0.0340139293119438 0.5672372127091463 0.4086192376045784
0.3162542358162661 0.573179980209412 0.08257685420385985 0.8966270322965935 0.8825290161185745
0.4169919882190882 0.25589963334828614 0.00818258832313723 0.5863825778563181 0.1315383655190705
0.9658029320493512 0.6558237901556773 0.01871884367199317 0.2913559589288771 0.21630529623535377
0.6468234613074892 0.8081784579484534 0.6997208109257954 0.8690625835984149 0.6389577652561738
0.8772005864607085 0.6426861847921862 0.1620931072673476 0.8197886936338488 0.7259428080785896
0.3389948907770085 0.9733374943462074 0.12488055583634938 0.11601843057324346 0.8493963646749415
0.9382958759581072 0.06465711809509289 0.3407710864267328 0.6148505712649416 0.575592542689031
0.08332692547538556 0.10583388449229392 0.328163880269305 0.05296303140937697 0.2297008265743712
0.7900946104011258 0.5245193821285707 0.03915060642849799 0.5343313154216759 0.7800543383033545
0.304712760136993 0.3924310045432363 0.7557156759282345 0.03991689215530636 0.6761999011074157
0.11255782170392425 0.04501424779551588 0.21412123796104676 0.22663740571042357 0.9541828670472076
0.33917389387023034 0.597846950290037 0.37836180940875175 0.9006023610933086 0.5906605394187149
0.5072293921279889 0.3915111894626915 0.4589046430562642 0.8277779597041909 0.2941402669107136
0.4828105600460164 0.6490097504306179 0.5044192091500332 0.7412823451986138 0.08928888888639386
0.5102405403790992 0.8125304848094174 0.8355374373591042 0.10738517276178239 0.2037545227820018
0.32791873364790836 0.060740458434716094 0.5496044722857439 0.9508722848611905 0.06475807946926959
0.33114085669483395 0.7861344469300008 0.08367692962896156 0.9386521684947379 0.13831457920425105
0.8609762587325736 0.5974745881925656 0.7538145146904969 0.46173096520898604 0.4199084767562329
0.6191889126950155 0.44645077177375936 0.7547165088888297 0.5100201226040602 0.7671175921513083
0.7184689282714251 0.09622476564848093 0.921132990643698 0.03684406087013825 0.061568762436798985
0.14437427323806928 0.35046053531978205 0.952220585204992 0.5954868384166532 0.9010222457283364
0.23409529933129103 0.2654789075260542 0.2533814744482633 0.29893594544617375 0.220260456100846
0.9770929290635746 0.448647738020581 0.17854344169384384 0.6293129237578496 0.5433381334079755
0.30518163125442643 0.22203135891336256 0.6666932671089819 0.807544750840599 0.1569403734773248
0.328069934196608 0.24393132431450115 0.9244283397889068 0.959717623748375 0.8836029635207052
0.2716914280776581 0.8152432931263955 0.8005165363499434 0.48438534784868936 0.8742895336621102
0.319097387845082 0.5144891953181617 0.21870146459128537 0.23989979394371086 0.9024402935276213
0.07956368221068344 0.8353190305691964 0.45631094849854137 0.2943506727972225 0.6436767357926741
0.02985649383936151 0.014434681015039863 0.08568561100177208 0.975969975652744 0.15458677677806287
0.8080175718860068 0.806162551565032 0.7978039981056926 0.1262697942053559 0.7523791192130824
0.35203165047460205 0.5778813344100547 0.2854019640785298 0.64537469513104 0.47116586042383946
0.1927723300714267 0.7106304094231587 0.5069270928796327 0.8373799031785012 0.3998319549125713
0.6836819114458833 0.0065673658950484715 0.6274529242314835 0.4176928818735606 0.8770545006304366
0.1364026411079079 0.5549626419867678 0.48201800146057516 0.92752949414084 0.03886227527931041
0.8476316058325576 0.4166722221334933 0.6381229317847469 0.6658651245215851 0.4887143386346159
0.3731468673789685 0.7806634046403987 0.8585042474543365 0.23721341866346324 0.26592427122454443
0.8841299809382531 0.18919973692024783 0.8255531586420867 0.12652936656049363 0.4937104875397895
0.7440696416303431 0.7558392598794351 0.9464274986296508 0.15364226113914448 0.7340804608255412
0.24207545816632803 0.08540791173355433 0.927652615249185 0.9507521942101298 0.4725133647572607
0.4733818297450637 0.10503557068164016 0.15370308548466416 0.4784660305228198 0.6468799789582499
0.40819492446277594 0.9096964411796811 0.20122832982085403 0.6968338364502735 0.33239021051954687
0.690679455050343 0.3106463293056485 0.440291947231794 0.5469001209629435 0.890325140469901
0.5682863358191288 0.3029087477656275 0.9656613179012304 0.806892779677233 0.8436037804639392
0.6630038962663743 0.07613292564978857 0.386156973347088 0.6833430624170965 0.3205325810889722
0.3923474750362713 0.9937409334260834 0.3120501020323331 0.22031992248664212 0.06976938843593516
0.39967340834273024 0.9593163977336611 0.8562915594605918 0.49471208183824555 0.27220481287783516
0.6437556967339991 0.1350268318388983 0.19786064460887753 0.7891329330595263 0.2318841426181335
0.5471703867312594 0.28122006997383564 0.582698844452752 0.6967562849321967 0.7504333076734052
0.9557183458613315 0.31894481953282305 0.260998760765246 0.08514265681786248 0.2755757311736935
0.37349131606374686 0.2230816243730025 0.7886308380980768 0.4980513943064361 0.40113149677883
0.8435420336672675 0.2648070821043548 0.15085615452803636 0.794585190378266 0.6785892646290294
0.3414078591243229 0.2657041659008125 0.087669018864858 0.6248470741798716 0.6916412211150672
0.582839345464411 0.8911219066116511 0.1367990396561105 0.8109580029648288 0.31602905768003153
0.13448067515482787 0.07862299069101197 0.6587434957909664 0.8861908431836472 0.6002669155832865
0.06023260354540949 0.95713315075035 0.3421431674690707 0.37076624702408933 0.16201525645989256
0.20664183517322976 0.34503572990026277 0.9745731892666258 0.14781078740054354 0.6642691776595249
0.2650345530384437 0.27327786200258275 0.2009335128620683 0.20110438080521953 0.8305191545355307
0.5605873002881315 0.8671422884867833 0.07346480623044294 0.3138116398572184 0.16532673226458283
0.048825007656539965 0.7332248325724483 0.7386424202708569 0.890229547569379 0.7527925177610756
0.5450280677389207 0.9928875340912434 0.23619385722195108 0.26322188571981187 0.6073112809745157
0.6186502348781378 0.0776795845665691 0.9128647540418576 0.8285540041581465 0.45367142890300594
0.7347652703351822 0.5531958393695052 0.22861431603538984 0.4923329793585386 0.26771196772996375
0.050683732285825234 0.2729025095875586 0.01727108729550464 0.14937400497697828 0.3829382469910708
0.4098552462265056 0.9051967998026788 0.3816341768817283 0.7063922167402538 0.5879863569050449
0.15611892575732889 0.5678440752322332 0.025432236513840745 0.22282943460436544 0.18559432346339289
0.4156732318646178 0.3024568284873904 0.3454502866588085 0.02338446603646105 0.5778303881429881
0.07293054171358004 0.35494901106973276 0.9551302738674897 0.5642339798849666 0.24564992612525405
0.9270978268644126 0.9395373969407819 0.2708757094360812 0.03251716153437778 0.08946426376769279
0.5868315014095082 0.22815993482281594 0.5549697032879968 0.6879430125781248 0.5899322696568446
0.5764885914002017 0.8363325847013572 0.0011952931959564594 0.6947174609279868 0.5310024733581447
0.2918098622420582 0.09084635916261041 0.8162175560894912 0.7457864560113938 0.04590437058722019
0.35509987838345036 0.41760490976266385 0.896824446684953 0.6528887576739351 0.9691635633063177
0.5675260566077791 0.8558516401244208 0.5180158859553711 0.3318022570768534 0.7018226162749717
0.7199740294861824 0.9479133044012744 0.8130831395386301 0.27273656721763717 0.7483929049418122
0.42232448426961733 0.2674442285250911 0.35486892325313313 0.7970330066891526 0.001893351497018636
0.5069706702422702 0.5986989599966618 0.6841478117139338 0.9009670772939302 0.30158713238048585
0.058026793128526766 0.5233861209427144 0.20227052680428903 0.40267979721513214 0.6521141153569368
0.8568081524181294 0.39942474075747725 0.6771190958316483 0.8100578162090663 0.37737150112365736
0.8518200505092882 0.3888382913114712 0.4333766303866279 0.09062549015610843 0.7178558512885412
0.5223284111024594 0.5026546896854763 0.020760184354684297 0.8997766186344542 0.19899432800201444
0.8134026913920214 0.9452790437545487 0.7227848018783112 0.013437636767683614 0.3810831656815399
0.15483458703610553 0.11758262983771084 0.5883582758723043 0.5085171066183193 0.9898013826921589
0.9697291739877462 0.9705693915294391 0.19801722344072237 0.535188838102571 0.3173702582415079
0.15118071922589138 0.6289800432411392 0.13018917029105437 0.9931665566314213 0.383916595419032
0.7255390978273794 0.46763000131220533 0.13157997294608914 0.4844348668951579 0.40595153518374305
0.7195117639434692 0.8225789728348774 0.5872007193900766 0.34199397152914046 0.9206684324656393
0.5489378521533163 0.7441836468715515 0.8484347281902208 0.8742058830912397 0.05630567326953273
0.8088580185475627 0.7571394353804717 0.1571114211354947 0.9286688892692303 0.18825532435957104
0.8770206665194148 0.7613040279408123 0.7546167079779337 0.8337032292374684 0.10562231527032173
0.8817002563534565 0.16901550163384782 0.5483731628888131 0.46466232757233283 0.5671135580225588
0.8704857324182537 0.040461211420388166 0.5358317897796108 0.09417161914786809 0.21430763208869907
0.40319489354147475 0.36392046955996826 0.7390194201635014 0.5826243405090105 0.13112317900538717
0.21373570284146948 0.23713547271484237 0.5021753612892754 0.45698582315333525 0.8816862080558776
0.7313926885531198 0.3160883681304393 0.7368869349141112 0.8046861849497298 0.6139021916812538
0.48080249839438316 0.2384215477480066 0.13944775854405744 0.6719979848202762 0.9474546572752549
0.047097768031673204 0.13087026227884124 0.37169098709612114 0.4583795123749268 0.42625914806801257
0.7704081743238944 0.32605277730229265 0.5589363827622752 0.09840786432599458 0.6402753345227276
0.053557521287171506 0.8694005471613852 0.750221706350356 0.38886261670938993 0.09899965295052016
0.787055306499516 0.1912720782806071 0.9350314644090463 0.8066906069128574 0.4990883663043173
0.985808157703006 0.6477718290059947 0.31145704769148685 0.9682293294390137 0.030853353741575718
0.23141775253133612 0.5818439040181296 0.8670719834855483 0.13856917710778105 0.3010612658747498
0.851527611260796 0.8801046909649892 0.6530025251474232 0.6743846295100626 0.9520259075697931
0.10651375763477 0.9534367615843415 0.03227547727156588 0.28355136530879843 0.9341247440437838
0.6140661968574969 0.7851529913199855 0.7550044686846294 0.6127846641538879 0.2170792749220979
0.0471920681746093 0.7913021481337358 0.9901021288501131 0.7096024912217126 0.8626879385261629
0.035402385731564956 0.7337726944560039 0.49584976096339706 0.6784219667328418 0.3593708100160873
0.784440441492294 0.8871139833574794 0.16820692949829175 0.6640505600151155 0.18972646263457227
0.19231201839580558 0.8071823460466597 0.9615687123447066 0.5543980853521957 0.012057812358442943
0.46672889936312745 0.34769986401634 0.5784595170720988 0.5041212903424312 0.9596507589294646
0.825285166015149 0.8293327531686744 0.34275417583900747 0.21173437884854385 0.6502852196143166
0.967753790806674 0.2048081735862377 0.16520363083354106 0.4711087885960845 0.0414658878385844
0.798017927690199 0.5483426284498918 0.02123948177246826 0.7275366626803066 0.6810183058936922
0.7224685012066168 0.7795174479575407 0.2406498330531157 0.9462187517645897 0.37891825733642526
0.24968674338766794 0.6447482701097412 0.27778201001239133 0.046410626424411405 0.8469582974363767
0.6721913554640683 0.5256312278915487 0.3036592336315379 0.13114507271045583 0.5817181227553953
0.8744618234808992 0.6875918720313442 0.7680887159047008 0.3835335540961383 0.6583888542515036
0.7745628859664331 0.947826937391513 0.6168528757752747 0.16207560051255532 0.16317724694766245
0.18207176302164663 0.09185420948261125 0.8486521469178893 0.5676803685925884 0.8699903311693179
0.611817490423553 0.20272147321310174 0.7419457919651781 0.49635003005396194 0.16743113702721724
0.11969753696497898 0.14021581492711854 0.08712889206281305 0.8847453399985603 0.5640186576915291
0.597502276022753 0.7842901102891756 0.8134769461625003 0.9392337811541949 0.20783996901894342
0.18911520635100965 0.4545610152915095 0.7897343464053358 0.04762098222677935 0.2598523722172186
0.19523525803865183 0.76901217127483 0.2561297065189849 0.9503236743503923 0.41678884988262643
0.4363917809386426 0.7784500577736578 0.11521797357296104 0.8758305742228487 0.5371753480832173
0.048526432545972886 0.4945153713957051 0.8626224545725885 0.2815553980543919 0.8338928615222588
0.9806163987467937 0.1088181361006324 0.9281911983244984 0.8025927605063367 0.6129314809713092
0.7221796092193615 0.41919233555089086 0.4060736034761617 0.5352955129710819 0.06359897744197507
0.8784648370960435 0.0774115496146679 0.39469771000550835 0.4972648625333038 0.3648970481981071
0.42813019186246426 0.9112961993076082 0.5006877735960871 0.8259439905865434 0.6290382979090725
0.6180310693410873 0.37850557418599384 0.8900184409657987 0.08432563129068127 0.02294171368717568
0.9874346573824556 0.40091230046889637 0.8810605967384252 0.9838190096551368 0.6552320335804808
0.4119198182485254 0.2184206508166866 0.06871485568091229 0.08732746058438601 0.34943195424492723
0.6897395141583397 0.012035208604937564 0.021359637980997825 0.22851910773039785 0.8926613860712433
0.5743150808243166 0.23788051365078144 0.9571571681423372 0.5050458860517941 0.12694854536856814
0.209492620208227 0.2805882535563944 0.8972101503044277 0.23108114244988576 0.44216566543053193
0.6634842098122784 0.18824554971022234 0.9992135303250498 0.22894160827706778 0.6424383561453261
0.22519237592813812 0.07277494739934887 0.7805796380717083 0.9717006767977053 0.5789449678525603
0.7404626460071424 0.8850771685063995 0.863841044568617 0.19614785271793833 0.5508876758632457
0.3726719623676237 0.32690245588670475 0.6244961979757636 0.08614662550222896 0.03762072144182682
0.7575234442421567 0.15725281634098232 0.39336197499227765 0.4451096498963337 0.998288291777345
0.33374929743403925 0.8422074683012303 0.9165462381177852 0.3049328424750829 0.9151736917713268
0.3920892807807492 0.21467971322887847 0.12157421526093848 0.35744221964406864 0.5756986681579347
0.832654341909035 0.24528317991146387 0.1439764462366434 0.3059139284753317 0.261639715656271
0.07720960258341403 0.04489837392761087 0.2861132041763279 0.8424825664774004 0.022015620341714115
0.21019338971448698 0.5504571078101377 0.31260960813755356 0.6983668886205391 0.6271918928977253
0.8188990319568454 0.4158842808525932 0.5119979312240786 0.5680026628525376 0.19881557937917804
0.12691097481234437 0.45034106936068186 0.5188185742428925 0.4093222624683227 0.8904430172816679
0.7793300447150688 0.022594436761569026 0.35998529568108906 0.6211118783597824 0.8896728530589294
0.21520651721575612 0.6211785857914598 0.25568048221618933 0.8145908265162957 0.6691053500360824
0.14145372465089456 0.9405349436221562 0.09114450420436015 0.07425406149481384 0.13575788108334452
0.802657030323206 0.3754010815716049 0.9706886923258468 0.6305853651822635 0.78984975494055
0.4561593502600172 0.8764200838563783 0.305414332502041 0.3222324982284992 0.591128472169984
0.7702955989698301 0.48753139361477993 0.3901544883764836 0.8929586384593959 0.5187414982474005
0.1433585367974204 0.42864150472879325 0.47503231440690297 0.8501278181184762 0.19710499776166668
0.8179620269698272 0.7936085097645932 0.91144724274991 0.20087637315983053 0.9873278248997178
0.5087865778266089 0.19194660403663955 0.16939228616263013 0.07706300944041711 0.8990609984257943
0.3767073459565432 0.6249966185458584 0.6993750771229954 0.6474959680167166 0.0650285122123121
0.6531510684807169 0.07356130749025647 0.07756290623140716 0.3276291281226058 0.14797913014191133
0.40592832342165885 0.7408499184174266 0.7325040005337797 0.5044158017576115 0.7652212829496513
0.005540384879639704 0.0174288231991081 0.8530950053505639 0.30850263220154894 0.36025969278975856
0.278080881418024 0.5790669491295463 0.39619338454492603 0.7170756261434734 0.7141936139003044
0.6964669336825735 0.5215669797334097 0.2990005964212824 0.3517263396482021 0.7466926479414918
0.36086304937494906 0.11457809574370748 0.505650502577776 0.2252490562515782 0.3950190094869962
0.6082068740084624 0.5632777760975032 0.9973975743982437 0.586778104491162 0.39572083572712946
0.8668159272887632 0.1089918293532306 0.5835445852641529 0.20002227366652714 0.8856357156793854
0.46831482194006746 0.8181754527065352 0.08410851641948258 0.6252168781742848 0.9125362352557103
0.12747146053174563 0.6362117224268161 0.41230103045288236 0.5343195981819719 0.6592728123225879
0.4529508368952626 0.710646831504123 0.33341511977893323 0.5404749467000755 0.5839583696510124
0.5421283292453372 0.7926619239365033 0.2997264029407246 0.4317107752963638 0.7418431495121124
0.7495768515151419 0.19994161921274312 0.03441173530899455 0.43276821135216914 0.5357235017359461
0.7687425585664981 0.17275146230567284 0.009193626430552548 0.102746519987442 0.38279117346748215
0.2733764325829606 0.43313767988532315 0.6406659269440811 0.5109603878187947 0.2989996263124858
0.8396989265283592 0.026240647997557653 0.19210040212311308 0.1855331393654085 0.3966581197182337
0.27092972156843476 0.9283700717391317 0.7115496447418959 0.1843012684071038 0.9568355476551095
0.19083467960845257 0.4592404878178279 0.1434493526700843 0.021716287279079927 0.5063123160419477
0.6509864173731518 0.1966587713486535 0.6157164417571027 0.2778871685748089 0.2294443176391323
0.34188387301326695 0.3037235616184748 0.36984647028294193 0.7139770813644362 0.37750994027155704
0.6510534663860044 0.9124490009098069 0.5051883831573698 0.22698443300723348 0.5892073648093935
0.3471209929431017 0.7679886643741369 0.9855973962525907 0.38218163966304597 0.16807588135013174
0.09337051504319138 0.6749631075478816 0.20015265092994428 0.06366711835592065 0.08057755262518684
0.07099271952723529 0.8917892460161555 0.5621662701136637 0.9145530007349782 0.6608483988637592
0.38519206988532595 0.2648174096058591 0.8057058644082559 0.34287438033773154 0.8202565108359782
0.4379424745655395 0.7350479947220695 0.6093104481398495 0.9254196286645476 0.9518068117877851
0.41788977997705523 0.6692112685168888 0.9558684512928718 0.6191130803370186 0.1231076256023067
0.6721054622203095 0.19704431118600207 0.9018922609598201 0.3706868043609427 0.1917859748634313
0.21903295622292607 0.9131641352003567 0.45752712329066614 0.8897562852462858 0.4175817546881849
0.2519198082264448 0.835611422423611 0.850161429102887 0.7142659536814159 0.4310386586296663
0.023242306784402755 0.6099006175556067 0.11331080676661476 0.9841619672165471 0.9881732256508465
0.4816482597527203 0.4521693706707415 0.6305500181357391 0.4253529294664251 0.059454026816125105
0.7934206653686582 0.0734993838910204 0.5907795741005275 0.8713404897838956 0.46544744043295017
0.3002369649082367 0.3810863633063952 0.9828681098874381 0.21743089036309404 0.19952960535745423
0.8711366242216598 0.7357908161090428 0.648573391722164 0.40787524574612544 0.48366674714434665
0.3895622265646014 0.7477115767375271 0.08760886979934601 0.03033120355897967 0.7908241773365747
0.29316762167414023 0.6444818623552976 0.4176585338246067 0.44712852438158557 0.24811878951955846
0.6234559440382582 0.41579104300184955 0.3759596363919532 0.8237479993602744 0.35168845724733777
0.287925462646483 0.8836268047163276 0.28082397669298464 0.4006519382444148 0.19465252343814587
0.8318790839317104 0.15830794844172147 0.03440214119922469 0.8492368137739388 0.557328838999316
0.8545740161911097 0.012168621741302177 0.63281455963329 0.6436416505017474 0.7364059202485616
0.22773098957620863 0.016232544538970717 0.8539913568056295 0.044498419733060124 0.16650299380088684
0.23011624319543078 0.9888387589105089 0.04195194654955792 0.5130273261209157 0.1319690387663186
0.7748839013691682 0.9227164042705042 0.71724575677513 0.6290150701972468 0.3049759333516171
0.6663289373772239 0.40410511104356694 0.6699581728771802 0.1805547070189264 0.35163017677995134
0.8192933212109972 0.9124319312057162 0.1558204254324963 0.09110444905658932 0.363041947003222
0.9305726026346275 0.6925740902760746 0.34824334557321757 0.07553696572290058 0.38019493246189406
0.28980523709538 0.9141800347505205 0.9632520502312251 0.6066754916242679 0.6091969432938249
0.5716121432796657 0.33207510724507205 0.963082134144902 0.003533448544866258 0.5254970708095668
0.9599337124810874 0.6884337734344848 0.15407854919550434 0.7944754449768465 0.8460456089938229
0.664795337578637 0.8197057686357259 0.25769967078217193 0.7000159991973844 0.014760742753215816
0.6489272074757162 0.9624032152288176 0.4947548736415608 0.8598191718202449 0.49924446196507744
0.20087300269585062 0.47852038104423567 0.6577029755118429 0.7196610938711797 0.4944708203335568
0.5194281367906377 0.4761129471506451 0.9258978411057743 0.004281330827857754 0.8919590083106622
0.09697037590391 0.8996250221551961 0.5482906433765836 0.5907717065806363 0.0582103907183954
0.6225532454407865 0.4706523447999704 0.5734116568987854 0.46509707098679387 0.14446781029370537
0.340913029333081 0.5130530459514576 0.01997044324381725 0.24194399256016785 0.9160205664994485
0.9836413226254731 0.029960819660279636 0.6743551209388153 0.8223173585791701 0.15360423757958852
0.16909623045683264 0.14647950155764555 0.18271038543560525 0.6129706259180673 0.1662503990245343
0.7808721665552877 0.8726772058301204 0.7632154447886711 0.6618680736867033 0.5385759640340732
0.4305550446728873 0.8887529732646499 0.0005599940534134484 0.7795285350463446 0.0856930180813531
0.26985055812940795 0.9143087158793012 0.11788254508809892 0.5265701527163184 0.060176041589445006
0.8510178337660461 0.9984397126830036 0.8713827719684382 0.2597577151646301 0.7565435130167785
0.33991531344873194 0.8660849479636106 0.8362811882344374 0.5620123830165863 0.6796612495461063
0.8564027018149939 0.6388006632502613 0.5872282625124118 0.3667512844523939 0.8183157196952324
0.9546181917803513 0.4393008972229058 0.01141898056452928 0.6329053590064064 0.8689005746485421
0.8776935807806834 0.2709691113485603 0.7147715628808047 0.5551160980818168 0.23831153621038736
0.44869631117317943 0.29761760035658613 0.9715856433268967 0.30609292076990746 0.23347511226097872
0.45615634875159305 0.058272347479732645 0.18901588108236522 0.7939401064665117 0.38644343715648033
0.7478208676712169 0.6683094408751802 0.546653229179876 0.24706833206901546 0.10398210208777392
0.2928772655391627 0.0353214476767848 0.6890739186532605 0.65065566325922 0.534026234147272
0.5834348151133696 0.3010435331033726 0.1201588202366366 0.17467036395329572 0.7791087984623976
0.08486586922022199 0.6559584774039184 0.3266598412844759 0.4060169171042025 0.6130076255082846
0.17031611614122155 0.26139733864809733 0.311957513803762 0.5533117102224753 0.8772504192677567
0.5328171302389024 0.5109003812246232 0.5743617144914316 0.1307643040148201 0.24723402078456758
0.7963140997148586 0.7544354018298902 0.2738523578718123 0.23035274138998918 0.883550723008461
0.13381585283141284 0.007557087223355574 0.41148589013991776 0.11269225730429588 0.9945014891334443
0.7919953378456677 0.6758135716392152 0.8407174484801776 0.046778867581288464 0.6810385066366932
0.19613164064254585 0.2024724004894417 0.24644844877937067 0.954279258541008 0.6638934203651782
0.680622999595468 0.6059461953191536 0.9286815359041086 0.638632190835082 0.03217814493229176
0.7666687554698167 0.6611775248769882 0.6059505276980788 0.5641446304144848 0.7581326766739629
0.6814554569911463 0.2745422520536841 0.2621010791166549 0.9339099596772547 0.8559593862963162
0.8939520729621466 0.642764929336423 0.9950180414453298 0.6514551403925171 0.8485848886694273
0.36414102906538004 0.6239966105494136 0.42729947185449035 0.23262488868710907 0.030166200950728528
0.8186889701345006 0.6916302854533525 0.6910886706449957 0.34890804730709524 0.6759422039107675
0.2605737419350559 0.3344387793454372 0.6675450915262835 0.1221832939167139 0.05035001331612232
0.4618879046496366 0.18901567272575792 0.17285104540587026 0.12147194174356724 0.5755985484009808
0.4927214675274778 0.5271593393645618 0.3318192530652718 0.6552653978633386 0.2996072057801342
0.8924117524286771 0.8615674275467015 0.3499707610811855 0.18422976738990937 0.8090168381895453
0.7259888275204499 0.7854029247088328 0.8873400157235317 0.22897062181562855 0.9451426938552961
0.929559151823438 0.3583789110986185 0.037539454892805524 0.16228875824986277 0.9965477375205612
0.038237386611213564 0.9367554023453039 0.16875286664806033 0.8154461224352993 0.8237334929898386
0.19335198818286414 0.21418640891652718 0.5375224077603217 0.025630496171631267 0.8598909766479137
0.6629179034014712 0.9724447214239198 0.14289187794111036 0.8488743200648096 0.6681377352255343
0.2833876415572193 0.10232228878310934 0.017853325255543173 0.5461917495553084 0.8134690131614863
0.8533992717156332 0.2771169380594304 0.13822627626367767 0.6668975825908023 0.802655663137305
0.7315054539033096 0.7395879856532418 0.9337103516845641 0.15500837746494833 0.7154579535805905
0.4608154282294421 0.30033724260264527 0.6751241578950669 0.941991517314205 0.5312340828417853
0.1617555521518801 0.009168115725746384 0.7125649839055321 0.6180766370058972 0.6284479702754056
0.1832856989538072 0.5653860097261217 0.5654853219541441 0.8542129461420268 0.09449921010838191
0.44709879085756377 0.9891096579673843 0.9539487207401279 0.4187032324352955 0.201138196670969
0.30069534933956765 0.12363369217618303 0.41898572626526454 0.3867952113995532 0.49714088847735693
0.4389030049592514 0.33853497133648336 0.7652057742735692 0.7892478977903093 0.71389977870823
0.9709263552390184 0.1668736248182734 0.7588683633471969 0.7056934817024728 0.5080709553215975
0.36965602303756606 0.41093822813339764 0.7826538276878626 0.38734935595945563 0.17543238379311965
0.22452139026919737 0.912451108229219 0.04628715853142029 0.7292492441465019 0.7986892241461945
0.5649772306122764 0.9553102559990444 0.705902099116424 0.9881537235151502 0.3257749427681289
0.08377415106989305 0.8123419739355036 0.754648509303216 0.24588739464223208 0.6557782969019331
0.5422803217693178 0.03902035877551713 0.06059699415909847 0.09685857450730906 0.5168207311954901
0.35759318407883867 0.9134418405624061 0.721993714138219 0.9580313189447796 0.6244732480935092
0.4521839216181599 0.08246692727562999 0.13386343315489824 0.38025670509817344 0.35246328344679123
0.6998249852462988 0.5659245298412202 0.8880538294419256 0.11514253300635546 0.9377545648282771
0.5345929387430964 0.3804651603750152 0.39892802884244005 0.18441628708186208 0.7678913851540312
0.9749979873971938 0.2847348599685615 0.24725456174818905 0.6194087676117208 0.3412539654373662
0.559889594878633 0.373748582889603 0.008588519491391278 0.9129836267788736 0.437358501340255
0.6358160286437271 0.7275228683120518 0.05637941510323918 0.5849657098956126 0.8200241414445316
0.45600357221193155 0.17764422583452544 0.08855565971284574 0.0693316648585971 0.9236981898320656
0.3159893401211642 0.7092500169363216 0.1397990010080059 0.875580737461557 0.899578876785076
0.45410913488101445 0.43197113175163937 0.8684234866112549 0.24477165725341365 0.8407184124615745
0.0910686941296488 0.09394409402481518 0.23021355884696615 0.09951649236386606 0.8939768436975143
0.1746793536196516 0.4673430022811632 0.7614613722674449 0.8928243785367376 0.3200323271302902
0.3767102904795292 0.9402899652377811 0.40173873282637573 0.04039758235423685 0.5773455450470917
0.0878196874747259 0.3662139358429295 0.0315046591698912 0.7001097992549861 0.8893827968174033
0.8052755433150482 0.38729040228193456 0.19454211531878385 0.5190734690585095 0.8680976907045427
0.7748828213642399 0.9352672551096067 0.5158232194488618 0.29313665388087096 0.5762242451355394
0.32788257835424695 0.5895052644238935 0.5532276019044374 0.46015157669904816 0.14296316670915765
0.7447744460452181 0.5557384742083152 0.950808031021675 0.2963405256985756 0.9133287935821558
0.7008007220312128 0.14544413623954433 0.13610218260407603 0.1043832879243155 0.2815938937284149
0.6686347168844128 0.8401198900011856 0.01607954350265761 0.8447587130950287 0.32848323416086345
0.5672823071811981 0.47873328207521537 0.12665495666884596 0.1466847506323834 0.4468149288220803
0.688201812255532 0.5123619142760878 0.6968572688029668 0.6750326128148431 0.5652087692968778
0.48421801619136307 0.026793484308965887 0.2554427632863704 0.13001064348962899 0.3759928735156842
0.8686162560511447 0.08692086889664463 0.10869969279333835 0.8434791209534078 0.607082594208314
0.45734089166586633 0.035768216450643986 0.9783193120383477 0.6800248112493112 0.48894220292668744
0.6423136611345193 0.10441746156219878 0.43940439074376925 0.5348900702651671 0.4751229676814577
0.06806818034974593 0.7853262650157686 0.9173444058924701 0.15248111441748824 0.022480750507522296
0.624554692788236 0.5411744903861959 0.2744784191540336 0.033665755213035164 0.5711037412696827
0.7692346045264243 0.6178441237158787 0.6273262838506355 0.21771934058417142 0.7620207441386113
0.12995973737570032 0.40230180894889755 0.36872454529491727 0.7608612712929756 0.3749547023347475
0.8843865742958306 0.03441139374779667 0.7068660624996528 0.7356465782513962 0.07951679501147524
0.14247142237465915 0.9363484140943946 0.18133019566026176 0.7384363058958643 0.6542186624021264
0.6074913362916733 0.9926885451936773 0.1270186502028091 0.9647914911024501 0.46145598647990527
0.018321291759046177 0.35640983125827164 0.13767346168103534 0.7962037933927055 0.06013210306796468
0.22486685274033225 0.28979095738451355 0.3945985650718943 0.04856419254196476 0.7500996057708033
0.8908436437721842 0.5454816398607443 0.6028692413248438 0.09457854736208526 0.3516595622667411
0.48743503941711375 0.9801067526945819 0.27187767671790264 0.008340636761757447 0.31429533633808215
0.4140993491309557 0.36516182026256183 0.7433886721403177 0.4174862072867931 0.20628331174928805
0.6438469177343027 0.4937270590563929 0.16668110312656859 0.31054462103074776 0.29318969596468625
0.2311605377167718 0.04119912934804548 0.9619583962068426 0.05529195239357576 0.1711661036764226
0.7021623495084687 0.6182527498930495 0.2766120778658938 0.9623509887123166 0.6241798531518351
0.9556746983577425 0.5786457007632425 0.9671467496678768 0.1045873508139703 0.6555268325434266
0.7457656162952931 0.10384525269142508 0.37494403070382143 0.6366074449681168 0.05353186222431139
0.9569192269261378 0.8224005899602992 0.11028425385823326 0.6370563356420536 0.375511864394807
0.7600749544736273 0.2438298368134748 0.9981006568010757 0.5717988853723923 0.3231503178836773
0.26064590183696645 0.6677102290374841 0.8149819657488262 0.21604409874846953 0.04523397908143589
0.2062614272018638 0.2079744490079528 0.3173747970173886 0.3671474250176112 0.6410428463647565
0.05164947247257723 0.00429118261578354 0.6077797128740745 0.6465312532887522 0.8317927733103727
0.7077232674425514 0.10693547293365602 0.7402378348852308 0.38978516761854054 0.5173787248687863
0.611825782886435 0.12952083721726937 0.43986986606666 0.8850162205270969 0.07964979704537078
0.22422060316822812 0.7564836504292617 0.6522678190449522 0.8577691014294444 0.3061269217776659
0.14805369626998843 0.20625032797483756 0.945927819460982 0.4684187215680192 0.17430595025776896
0.10902970581617122 0.44764613467314907 0.4187059386569125 0.47743159102359545 0.5610502573127379
0.8743198647519898 0.5934400568335264 0.4998422686730487 0.15989825211669262 0.04985901994910691
0.5941549891136101 0.8177923254408223 0.34867948224085454 0.2458595106416932 0.27730596474991687
0.18368032014135216 0.5368373996841852 0.2788021477763649 0.6774864825486919 0.7985786060853162
0.2053563373002315 0.3503629614396859 0.4457937397162506 0.20301298183194239 0.20803289162911898
0.27468875870816933 0.8113834549519935 0.968453942938325 0.23527970774653562 0.218436072041454
0.11947133635938378 0.8748600543750581 0.51194829594237 0.9013349590299432 0.5023779123661655
0.36171814767745614 0.7989626821578152 0.14941106621840705 0.5838841870943828 0.7011016317678352
0.10912037327981639 0.9302043227977151 0.19910141375297408 0.8496379976388931 0.16810415388671973
0.8912054364478105 0.0021618597194563716 0.3560765756224372 0.6675998936881753 0.6750708687763541
0.5059636309087929 0.14240970499938344 0.8724367731027453 0.5867658015273082 0.5372697550501897
0.16766413214347953 0.16169519347794425 0.16454821772512707 0.031021166611597373 0.18933005147932802
0.5371451947101678 0.040343338767448333 0.3324315503909381 0.7799230269531595 0.436444739530365
0.5142423847123352 0.2858477225032988 0.6991181174326474 0.4242949693783168 0.2603487923333736
0.4556899507573522 0.050441035970147485 0.6234691755254815 0.07018064648885469 0.8270865465312679
0.8315802268513517 0.17743641718649328 0.10470545991889113 0.047763799678205765 0.6216020995281135
0.3412735483012316 0.7297299309969806 0.13849891233306022 0.48919196415498434 0.44365700076278625
0.1789396877070477 0.6020689476524062 0.37996368310310735 0.2746738073448318 0.30443910138113894
0.5452339578311669 0.8682749512247735 0.5511296475163402 0.498500568879921 0.9572615867941017
0.906970982895312 0.5827292116198125 0.14286595524385304 0.45457527175990853 0.8169300837668654
0.8819328271480679 0.46377350919935667 0.4606728897587832 0.484796629062864 0.21044959691854692
0.31159884514050706 0.9036608515598339 0.14234195900268964 0.7404919380072639 0.9764332022260951
0.5181925473266575 0.6826323023701834 0.2436874915514755 0.40463422461137755 0.8142470527209619
0.2890420025979732 0.09821440279809457 0.5487478255484233 0.5635587487412477 0.13496206089142293
0.6510187781590746 0.6282925235007512 0.8604356056491663 0.6737619230427643 0.21600326344151854
0.7678338087169555 0.8207550854379465 0.3511778974627884 0.5716983799659106 0.7843825680154741
0.9036010833186752 0.042750087925267244 0.7152547531179062 0.9596997396574152 0.38862567353736643
0.5603318609053052 0.38413747165864787 0.3551984041459404 0.48752197789687346 0.8439146865653105
0.7664638811948744 0.11470386538917787 0.7761040753021692 0.4867324514078628 0.3426337301363619
0.12904497660555758 0.011922806900023564 0.8357542343962503 0.4458355687053489 0.3807113015683852
0.8673156932415905 0.14531137992996856 0.7293880136040738 0.4574022128410792 0.11576339661618151
0.9635008239527364 0.6255230466305026 0.24413845796025324 0.8888005531409524 0.0038065651938108402
0.5391118725377115 0.3158047838389977 0.9644702454522543 0.3423547129510369 0.9160904465437393
0.9150839127123775 0.1493666336731656 0.37190957552274895 0.30930170870898344 0.8008270842097862
0.32005353415316773 0.18405522662333818 0.8971931643602148 0.5951803459281745 0.6787742356317747
0.28573411484492517 0.30790655144431034 0.10849358304727263 0.9725271112748687 0.9240664516464442
0.5673333306020094 0.37967294485691727 0.6892429916374266 0.5935805409661742 0.16447689796650167
0.004184249742760104 0.5886126511880351 0.16785020730748235 0.7290601743681528 0.04450064679460586
0.5380400865971035 0.3234614082213685 0.8906740146503265 0.8386389462609061 0.28699801818404114
0.9015542815354245 0.9156730964435653 0.21810537033394872 0.009031374181584062 0.6478469864725431
0.3133898682521543 0.44628679496140256 0.836845069956703 0.1681848705297505 0.2659388772539172
0.05798557259240844 0.370346351448114 0.27581184546242377 0.2526508657889166 0.8253701678675378
0.0032494199996672135 0.8729145451227255 0.5545909106367289 0.6232285440305393 0.7630610187999894
0.8208265808068337 0.7482580347537255 0.6913877438286217 0.11169163832584794 0.9379942167071412
0.6815788166077029 0.08790400990290004 0.44645296346402974 0.9235017200551794 0.4822342501770053
0.050210023628067924 0.15626449194924952 0.151349752128755 0.8322078236682132 0.7198707697123602
0.03878083402680588 0.4425463659122537 0.49099222066934023 0.3591963735659336 0.7918831416389474
0.0904289203532953 0.3695646592901183 0.8154516534802042 0.36865787351095625 0.42415047293125363
0.7170414115175269 0.4746146375653988 0.0053947100182279994 0.9195870049339151 0.11335300404104942
0.40797778919262606 0.6162222517179454 0.22723467735159886 0.6813170891296577 0.9924452959405575
0.7082119813203086 0.5316158024548777 0.9181360720353045 0.8452181233696439 0.12000447283878235
0.7017394786425554 0.8754284981095407 0.6160030119534905 0.5602473686660379 0.9124515796474385
0.2773092373393572 0.1939525084120598 0.8961311968494897 0.08713345548142093 0.13174230685849564
0.2525693406224472 0.0671114002816885 0.6166773267006866 0.9700492804314169 0.05638040534210009
0.8133919200462622 0.02752564847672412 0.8874989416838834 0.4846436980330595 0.1112179354556333
0.2342099342311692 0.9044364336986801 0.46786341909019147 0.0870071012521253 0.1526497066124618
0.6198367261330644 0.5810190789159111 0.4436454522572808 0.840015732772392 0.1236536547539383
0.39258918385684594 0.7374225790760701 0.6251112618721523 0.18439814440239466 0.7645855394231541
0.5645503347749241 0.17408463294061916 0.5561067563378305 0.4830748766235802 0.0764821972080918
0.2930139785770356 0.4337214745196918 0.3989478628877442 0.40432000028249504 0.684173653458474
0.4765044118863687 0.05314226872584549 0.09108440959236563 0.4659355248996706 0.9052728241394632
0.13257771808321994 0.9226395007651617 0.660822162205204 0.9424160718542713 0.5036724166189963
0.21981990730912004 0.6137996442966572 0.7236050510146528 0.24154196731821453 0.2784746482809243
0.12935566214992333 0.2247591942613627 0.8001320130853223 0.1605625386394841 0.6459022598461478
0.22026603117232468 0.4135804609750182 0.017766882077671187 0.6325550501882583 0.22909575190028542
0.47695005094520204 0.5766347742690795 0.8818035778131517 0.5998629359525595 0.9492767652497148
0.6442104753532518 0.7067101160633017 0.9445501708143553 0.8384278005924384 0.09951569597679155
0.4250535369392545 0.7969220524846748 0.6028584378129759 0.3043165267246869 0.21789338033112404
0.6232820390618315 0.34663858330463515 0.7586722608965996 0.5075325870886092 0.5657837842103927
0.40401212092245353 0.4471019039787689 0.38347132318475596 0.8741808856285199 0.07288956754787401
0.06390746222810739 0.0739834162662727 0.32508134906668396 0.027221083059849605 0.4180176533903227
0.37670963508837263 0.13885689743569252 0.1929366303176152 0.1717001071552271 0.22043304058809898
0.6620051577181958 0.36330178495179855 0.026067069071565085 0.217640194942896 0.7085137011457083
0.6383316350329871 0.07235353918614618 0.6601786082284551 0.376433614532384 0.20812271301055096
0.2761355223244656 0.15256778330576914 0.31263866152827713 0.7456373866534329 0.16229729916088675
0.3787428994711899 0.009082331032273516 0.28096644763280987 0.176936125318518 0.06162014563732354
0.08603745800099116 0.3581781186116729 0.8249371688267059 0.43176578726427794 0.5660050493472453
0.9254638425141236 0.06834837289768514 0.14062143532827576 0.6527761643739026 0.06304724338780243
0.4848585672153891 0.7278437584678411 0.5078507132299018 0.6388354726004805 0.31324126623971393
0.44417289027172113 0.49386196477054023 0.595011024887363 0.5217509921947248 0.8412889615849691
0.45519066496321525 0.7053658227124697 0.04761685726998344 0.38476681511971955 0.02358859159641824
0.7911718346322201 0.1053577898338417 0.4710216108026454 0.5448348189838785 0.8990524629002884
0.07074461750385119 0.39628123759862366 0.9331400358029532 0.7937470684076994 0.9020798105412362
0.925204232513575 0.0596585253196118 0.15019473015639562 0.9967440869736525 0.6247487780955969
0.6665845544731221 0.13765647250121493 0.041397920481926365 0.25495379327072987 0.4174076982720778
0.44759576762577236 0.46673126176856927 0.1154014731575217 0.4888852793411085 0.1630871394891822
0.8773746969202925 0.28302132237221966 0.04158534610207287 0.012163710539340067 0.5225257306934289
0.6860645804380802 0.05404108729245982 0.5997194749077311 0.7026923413758943 0.4956886385535486
0.468875673108861 0.8132737183805256 0.8460491497815683 0.31281212359879595 0.04406880553111936
0.7815082442720817 0.873115302912733 0.9017698292825793 0.36253503063410564 0.05657991390353345
0.6969989553784339 0.5231612371454135 0.3521562330149973 0.39130166276086487 0.1663470580571651
0.7413274103572207 0.9868901349025563 0.6689501633473159 0.5382689464654101 0.3743273298208821
0.6417393642024641 0.23031427162892304 0.5551553809458653 0.3804290506064453 0.5611368966790741
0.64990450658523 0.4850609782870504 0.8828589471700564 0.01876689701478018 0.004616540044613537
0.2052521876241291 0.21342140768071494 0.037450554787306634 0.10297968938289925 0.7151760539746194
0.48691193120279697 0.32349903590569185 0.34921658035407066 0.6949775183691215 0.26947911905303024
0.02565975275156518 0.22976043442702976 0.012785554752306694 0.5280395151646845 0.060035488619396116
0.07187113710959436 0.8013527251454138 0.3751180441622207 0.87367357412544 0.9744698745150466
0.9383499729301629 0.3152335822817841 0.07448970063910332 0.12142967764626678 0.1716342398257994
0.12318586609940896 0.9106143147676132 0.2353683503070968 0.2250840389369153 0.40681566578761064
0.9992809915146608 0.6875820955189125 0.4091472079837162 0.39757001322975516 0.07147809512616343
0.2572365348946293 0.602530522656394 0.6152517682306502 0.9853082201700772 0.45623230976413454
0.20801674802677694 0.465299689697959 0.4445784004328798 0.8258123643971962 0.7038507868731216
0.24918963904142255 0.795820712900383 0.8306358221961118 0.2767493835124615 0.04834150008021887
0.9521611797082554 0.7255081293184302 0.34847003976391144 0.33197599840952086 0.6812622903235673
0.20700886365864946 0.4202965392256829 0.8672855400002222 0.021115939704361986 0.4249144263621174
0.9302384557248167 0.0318424998405894 0.7866786574700632 0.7736879224313826 0.9235654933759064
0.16032445271787377 0.2994369006428954 0.07454625348282251 0.5603318990723494 0.1338415942831389
0.7224375684886524 0.060489901602437834 0.38131172756802245 0.9679416113447297 0.7896220768596441
0.00940892064172727 0.19227619793853867 0.39399670034621626 0.1408143242918628 0.14557445018557635
0.43575989245724056 0.04091047451153473 0.9680461951924756 0.011791190986087718 0.4861095369886771
0.7021433000575322 0.5308490985407007 0.6733236202180092 0.44711363928641856 0.7397397512058722
0.159384951885848 0.8505823779842526 0.5893405078915883 0.056405544772959115 0.25638406447336426
0.9062626155580105 0.08824153799307621 0.7776709128231929 0.6596813727003896 0.4583620181189093
0.35215359839904004 0.32936900369876454 0.3373739215018996 0.8130642667892906 0.8055477147676882
0.6157321586786313 0.9301978151311143 0.17893570258405134 0.7595113388113314 0.9307002715290459
0.29506464199767635 0.3331212328385589 0.2908163656548409 0.8123213597034917 0.9727481205931588
0.2015451728376485 0.42588141497214416 0.6406763722455089 0.0662448668802631 0.20846240322096055
0.9870089857947026 0.045932262583998185 0.48083264402383274 0.6892946638216076 0.6328393620470053
0.1894182555642394 0.5830573881223555 0.7360914994040243 0.9059393887676425 0.7130390143255284
0.5188003750053548 0.22944728793117564 0.919668901458697 0.8804674579263221 0.15050718437431398
0.013803626509804157 0.7903994518400587 0.29529030191410033 0.8466277156030895 0.07984880838728736
0.5112347787476358 0.6724836417608424 0.9693846207480445 0.8262989590846199 0.43936073226553074
0.9222464191131041 0.34601468066217644 0.4133665658187251 0.09623942620866499 0.20056310297175017
0.27441168883452993 0.6766891401147188 0.8312978232630017 0.6449512697468509 0.050841013877605756
0.6776336699118527 0.893784918423464 0.641147004459213 0.7079023063723302 0.115516624051067
0.9112210808897919 0.5921980943614601 0.30177301975332715 0.6403501639111624 0.587547571628344
0.5950553227288106 0.7287166109557363 0.9210362236944812 0.012726152368140675 0.9176948490325975
0.25348053097936596 0.05664283419856908 0.5468647021625838 0.5097754953634679 0.9248096803300955
0.26912447232267567 0.5146895800047174 0.28088522673825655 0.9637990515101772 0.28696736404304735
0.999263184064033 0.3211783563047387 0.43389115245602694 0.6655725417590024 0.35075149261910643
0.8590871680577031 0.8558480857719949 0.1641072612953045 0.6140369570817221 0.7348686277710101
0.40098316134579826 0.31090192979581355 0.400056588828937 0.22700456794831614 0.3833490221858139
0.8653635129343537 0.4063432010303245 0.08702531080195242 0.028926867340853812 0.6441055042561539
0.11383590208535743 0.008319646439176487 0.560642162184807 0.3202466524616101 0.39526349850098275
0.36391186788122054 0.8985817029657535 0.6161460379544881 0.16864480466836929 0.1352624842258947
0.5247346744929104 0.8770800046879202 0.49266297201939635 0.010550264295706824 0.5766102190700302
0.16214057981242136 0.4455060440908558 0.9873805772287022 0.9988037974624894 0.29429673420547275
0.134091218207135 0.008944607374904545 0.09191287812085958 0.32434772207427576 0.13305051546529012
0.41401728960315975 0.653849315579296 0.28366151875352896 0.5167486574863801 0.45533821762442017
0.47110413676264684 0.24759207736187472 0.042499659808900137 0.018015609876591343 0.2516478592129546
0.563799186831639 0.21458306733303723 0.9110029183796605 0.9371419448262864 0.6309718475533531
0.37840477240043346 0.8093432273430223 0.7958673030838433 0.32060329738238214 0.8873229334911329
0.3324167682385538 0.6211570244550398 0.6499404111885952 0.16870494934694324 0.815828060362149
0.7138033119690435 0.2926011539936152 0.5451607083469576 0.9351168513315187 0.35203424920738113
0.1798004092196518 0.4085005971054029 0.35227694579109015 0.8508690651891605 0.57746714564945
0.8982339753968791 0.766867329288179 0.015353435174405683 0.004898233917964623 0.37948221696602535
0.35598854690953585 0.9819378487639265 0.01536286224259431 0.192288052421973 0.9739332314279516
0.42265641071572135 0.18153250851582903 0.9025177671392111 0.025845852867340424 0.8609577410142866
0.36098081862677756 0.6552966112948024 0.43666578450416393 0.5260093529305515 0.5490819565366434
0.8555516862777169 0.7829022517924012 0.5097295799200077 0.32161104130047535 0.4584104295128043
0.5537647977265742 0.36451450450170986 0.03559116405452223 0.7674383364932651 0.8365504496761693
0.6232132337729742 0.7385521781035337 0.49041334705992856 0.6424352992490275 0.3250109887913063
0.9993064065402756 0.937196441231921 0.2110843753278998 0.3397916988456743 0.5435756433879758
0.6781942772134546 0.9044754296985323 0.033211243805987056 0.7113375543294455 0.1319880951564858
0.04511579305947733 0.6980507539920329 0.14340663880230398 0.22923123164725245 0.06301625596386662
0.05081221124590818 0.9409042640320421 0.8333194627821714 0.6750788408653209 0.4877499854420341
0.2774306260983792 0.610782276570275 0.33558401265461335 0.176485039482716 0.3059924927228803
0.9620702929301868 0.16155880087690033 0.8663830312736607 0.8061607224409391 0.7890153121997328
0.8035384883204825 0.4031272731473555 0.021220295157603486 0.8933723353004327 0.10613738630441727
0.27557479747324387 0.5431079102951898 0.9080948704690623 0.9811097522799989 0.1125937033803237
0.5527778468059991 0.5803444226221471 0.9325901254157116 0.053098900480502365 0.3713445925401905
0.9741611167943836 0.39503154046419864 0.5311364408067689 0.9772122355483395 0.40290366876202266
0.39993127781589033 0.2612076405232884 0.16026692926758346 0.7682051003638964 0.002711412978904426
0.8631855572223477 0.5148344471677083 0.87956752122576 0.4935159671919457 0.509647479721922
0.8273842756312173 0.9681577455531954 0.06157083393265683 0.7337493785921966 0.32957470142810963
0.8475905464203279 0.46734277351582953 0.435965062942108 0.25658050828494405 0.03609054666104616
0.2909246676267063 0.4632651660037773 0.5264046280999551 0.03584204812805569 0.09842857770852498
0.6725220863238811 0.07759148355415901 0.16121924263829468 0.4957926126090778 0.39895743369444114
0.3379294304066427 0.8863188224554222 0.32976118695458734 0.4380405208648046 0.0047599928082616705
0.01338725061849011 0.4757173815219631 0.14102726611033267 0.693385586012906 0.36530890948759975
0.5685836398918326 0.8434423257912073 0.6405975937430786 0.33777557651367873 0.7513229715787267
0.5117528910569334 0.8612612518192488 0.8764610592384862 0.6865106120812682 0.5000623504818796
0.8908357719287947 0.7971501934698901 0.3751632116485032 0.8159803973146565 0.20236289232204585
0.06570965489588809 0.893209899685403 0.0214568179159228 0.7767091905029576 0.46968784078886006
0.6219281119826312 0.2245502824140111 0.45731951961277506 0.41887594807561457 0.2709029719634717
0.9490988558263326 0.9980762007065898 0.5114271272353009 0.579641680772491 0.32531395551814934
0.1269155018869631 0.9804804489828519 0.9036764763763316 0.3149992100139124 0.14943877008142548
0.9601166247436485 0.41163838626517 0.898225054027866 0.47039950950003695 0.13922486652083366
0.626303985592008 0.2646191404946877 0.728604129170759 0.19667246620442003 0.9319248696258913
0.8562186789282025 0.7385949669395548 0.8523210164497695 0.7061091876913124 0.11115933394736777
0.7816890212529046 0.853781637279595 0.49081879078409296 0.8310007877454247 0.20979348111426055
0.8874410531359156 0.13539323858196628 0.9951329997038855 0.29340958904335057 0.4604631935946176
0.1285958516826714 0.10169516232818421 0.09489533316772913 0.4953653786183633 0.7653871255888427
0.28468527544703304 0.6216588031122896 0.5839716581433877 0.09218716876193755 0.42528095615331574
0.6189449649857336 0.6208741543269658 0.8840685091905496 0.0329720606190268 0.47597892548622833
0.6250408770851452 0.05190153969879696 0.9621624877272672 0.8299040791586505 0.6465348874007233
0.24059210888459515 0.5925781389075935 0.6670725557762031 0.9845824103371692 0.13614167313702563
0.4088420186758689 0.5056838323790775 0.5453578611337707 0.5456829520015971 0.7019296875403711
0.09658343627417942 0.46196206774115667 0.286887573193899 0.6435752012717757 0.5420411066599836
0.50060886199658 0.8932646796890314 0.22748993911451287 0.59538154416742 0.29482081317066444
0.513557452952078 0.8048466418436058 0.60130459889815 0.608686721995816 0.04584073848306003
0.2923576865482551 0.182113952243954 0.7347417034569036 0.8569800601606147 0.59986777277313
0.4401868696348543 0.7027219660414985 0.9935691714209135 0.6817094194690403 0.536238387771916
0.7736191771137769 0.28423423433197836 0.6651448006612857 0.1000555039761607 0.06017520393722109
0.19894909752258216 0.3450887712099009 0.16397240564045223 0.7125255489545479 0.8001355231865878
0.5432456440365044 0.6257084409321764 0.886952253125214 0.3692515661251451 0.649623427873518
0.23018134112828614 0.773729958115798 0.37952885024710625 0.15607145724375293 0.11534989944971996
0.23240765587067935 0.687483022717581 0.3502210488804842 0.6798734118233764 0.38163044157972326
0.13371394880224718 0.06658449025473168 0.9834628715041435 0.9175521330175657 0.8314665401147745
0.8333090149219108 0.48250750996685354 0.287787101077566 0.17112213350179595 0.875455582418141
0.05129945654898105 0.853682506917405 0.5897833853305728 0.9157885288932053 0.08251715487937739
0.48786521275673356 0.11204138133306496 0.5259998613732223 0.07271415892384936 0.6832892087406633
0.37373201901067066 0.010157154744785513 0.5689638948615642 0.0676824819301417 0.5841891119582068
0.03580544629548399 0.018300615831678635 0.6610987530684969 0.5019632913104919 0.5873251930596056
0.8968989592393448 0.740199087897803 0.49211755360543896 0.9282229361514015 0.7849975318155116
0.03806850427675623 0.9101309011326767 0.7612549726836163 0.47581596638431545 0.6464085407873178
0.3290176122862096 0.890294273565414 0.40819939875469724 0.3678597863387688 0.8501083057331134
0.7967355860809622 0.26014354947946505 0.1254976086727444 0.1301247448761681 0.18545718674740552
0.7514733066310836 0.10352464181479526 0.992919434888364 0.8497586615750483 0.9389331801095379
0.26083680096127293 0.11765779470906568 0.3817767906341344 0.3704675266749884 0.4534155537450353
0.5031227531630611 0.04026204533928901 0.5070667538013555 0.6096088898677572 0.7662544112445172
0.3465585149667124 0.3308498902672886 0.11867622576144676 0.8360480212518593 0.6779916822785118
0.7116727045267535 0.863544049726532 0.08733002563027636 0.8541998351348657 0.28131425143460764
0.8099316026836936 0.3297848431771315 0.5336023808223525 0.981593932734149 0.6515384704152145
0.6949336761282863 0.006587616527153228 0.30922927017219304 0.457571652955428 0.9710048666276446
0.4355663155494196 0.9102619303941454 0.04233024039979938 0.982079295346853 0.9546020097581548
0.34631744309115864 0.22782837671023137 0.43817106912548986 0.4957615392890856 0.9487722977831525
0.5417241052736623 0.5990745925061124 0.9054015085606854 0.1055399171092064 0.6259145877586003
0.8922360651658044 0.9695287423349329 0.48708629140693926 0.797889032712603 0.9002262375849003
0.27321808891047994 0.08145500984863363 0.0009980642981330945 0.19588922246082163 0.992148950365951
0.015720505323280065 0.8605378286987421 0.09591427688737253 0.012521462376457015 0.01242253264319404
0.38518359348752385 0.9250980075195541 0.27550109053294325 0.5630644995613358 0.13467002895546254
0.5884137157271995 0.513778148457187 0.9787284166997479 0.878758611571358 0.28394203001787055
0.5718764544157839 0.13915973401060422 0.11745460923572093 0.39799338039241294 0.7784159080336003
0.24847081866760845 0.6370466757793593 0.06091746068955861 0.12435406601508725 0.26564136270992134
0.6707390107690994 0.013536839583721538 0.8018104654034621 0.27713323682076263 0.021625199292669595
0.1383625917604221 0.39577259780016316 0.7811691410934722 0.7772820634220754 0.24918457108836822
0.4895754857186815 0.13642693419394203 0.6529740414342934 0.37949918107211233 0.48564132884631916
0.4833532357750868 0.5353492321432389 0.01920519905439899 0.9635261493666633 0.8479006684916904
0.8177666991240425 0.7971865885093931 0.3610738088222828 0.7468042301808319 0.4194912982263608
0.976909866361486 0.6539113159618962 0.440401783592834 0.6426061166709672 0.03724316284218676
0.6794411242968266 0.9218707818195521 0.7556272392182689 0.6127208770187317 0.14788025602335064
0.7183061431716076 0.8322416483819443 0.13648098572245693 0.7424012263905602 0.8054017264208103
0.6651081104849762 0.3122571361118739 0.7930276629108876 0.9622522316569767 0.9192440856618734
0.04351833962361085 0.5236970028092142 0.765393154779468 0.22707279255785429 0.4665481818949083
0.37303879647936744 0.3192541260526267 0.24537662897985058 0.3975755910311818 0.4111595898897431
0.7092054925022587 0.6830860057819421 0.9024749510450393 0.7763491361552114 0.21498566508205186
0.2404514366662226 0.3261173992899127 0.4797671833600432 0.5551755694536293 0.07041199461291225
0.5115171705754133 0.4966569494800558 0.42186496967583487 0.43314305669603337 0.8354778718130847
0.47626919609929697 0.9693236054123571 0.7016509784980317 0.6550113724871681 0.8213685040380937
0.4792914749739513 0.18058824100277648 0.7316691235403372 0.8816440638655982 0.5959001361398627
0.8776188819036407 0.26320387820529834 0.5841432756888827 0.6043946369918367 0.2202010640997324
0.46556338016926724 0.14116660880849363 0.029258494803346746 0.9447151562458126 0.13862231789755164
0.3700106310758582 0.7531208009317925 0.06563127026775717 0.7404941219429052 0.6485851105762368
0.07140860386687953 0.587988105221498 0.26534258384555076 0.1745447331530241 0.5712428182584856
0.32505242601624496 0.6817350356385455 0.33141770806416326 0.9210569426130121 0.4507377675352445
0.5668174355581276 0.02672262754499055 0.38872309315995035 0.7292992238742294 0.5477317482972606
0.6590614572202314 0.4962979131048958 0.8515245843440987 0.47026251573850153 0.5823407799572714
0.9485507457166297 0.050951980682352405 0.09780849628433519 0.8068613514259374 0.5461206824924567
0.266365430576161 0.4329957495422241 0.18613156171446232 0.7142230718153242 0.7230619617416975
0.23935729734048694 0.9549328499800224 0.37991631420530414 0.6591328364563318 0.8378345355998358
0.6707063852401167 0.19466614184911557 0.1968223744399672 0.3015661179207427 0.8242249034575361
0.5232187573047988 0.6636857368221141 0.11735386722002494 0.061182007038267705 0.3583513304887267
0.6939186632410517 0.023229802738366057 0.09653925490266646 0.290778606647619 0.2630613256051598
0.3750785995462087 0.539842457316206 0.4950791617352881 0.5699147716428847 0.2863344530443196
0.3696861414759418 0.2389818058584664 0.011512863353721703 0.8979798307487301 0.1662876542989471
0.09000606745910411 0.7374690582861952 0.6498480697760561 0.0833297163347676 0.7420293609250095
0.8995763603341532 0.9079840271337888 0.2740062065215816 0.9484007519180854 0.7024306788160578
0.11430313732265729 0.6105024605204987 0.38767608559534505 0.800596609374144 0.279762718235263
0.3532129993079912 0.7543060388744492 0.7818843031237882 0.8730204429987438 0.7933748629902025
0.9928823545614505 0.2196407879335942 0.7660456082444951 0.6667961715619908 0.2543500737258092
0.8021689871537658 0.1253325255131149 0.9195211707564219 0.6836542189254018 0.3379733094037599
0.3895417466379645 0.21500918144867887 0.31989166321431295 0.6749630327003607 0.10762739792245768
0.46137519704300356 0.1899256493471052 0.884243665718956 0.3220578158139523 0.3793474743746088
0.7811339313452559 0.8401990349837751 0.7824671866735634 0.2136490922862433 0.22435044089300327
0.7364757446881306 0.35791392773730124 0.45448325590162353 0.5710288171733549 0.18841624376649868
0.025656335814055575 0.690486420555956 0.2958605902870658 0.5880647804585599 0.11851106516813825
0.6183166268948292 0.0531833673359432 0.13001948219572768 0.29203362844568526 0.5232854814938492
0.8643371424776354 0.6507710725255127 0.05159291242045594 0.8118104826892556 0.494361966782361
0.7949179566369462 0.5168372732688973 0.5496682768138613 0.8335117153329841 0.8021342754547399
0.45235431166603635 0.6028084848838812 0.2014786761447389 0.43515263181074637 0.8863013320085442
0.3988194876770824 0.72757709609381 0.10076543019015216 0.8340706289326326 0.6920905853858451
0.38050501142601756 0.8071371688859702 0.23280675811762364 0.3483951403523097 0.5347387585619864
0.6227825406142818 0.7889959039374117 0.1548040498314941 0.8638254602625742 0.25654556177691623
0.32002904793581743 0.6791428629631787 0.37284605366936907 0.5604560194064524 0.6763154050904229
0.5959267686965162 0.9693039027632205 0.6881423267918327 0.42478372365273653 0.1591127896103658
0.1332440180134935 0.07234006179591201 0.608538639028274 0.41211151129579604 0.04574061404762897
0.1337631835002021 0.04250007911492448 0.4217330720920449 0.016593906310583106 0.6480138770361921
0.02958321505563377 0.7501307282016224 0.13394309713521713 0.06083513701066834 0.2628477262187918
0.6102596286245499 0.45727973714064285 0.16750691266059548 0.9923596957438344 0.5211882215534622
0.11673296787424647 0.48292569173855515 0.9042702812384591 0.5848446298725964 0.9920332129416083
0.9691283755956223 0.20528068425498003 0.021609768328534562 0.9102628770843332 0.8710970140731751
0.1967391184256445 0.3423908546518344 0.5004269216194159 0.2732904345460102 0.16381457405038236
0.46595275837410544 0.6026876075655295 0.018487886392377084 0.9802141376177067 0.7164060012953836
0.17409164306533276 0.36383592493058126 0.8363894056084069 0.74855232528253 0.9516252154467423
0.8358842027101542 0.7515301585706777 0.3366404573883499 0.014406825295113057 0.7145846672717745
0.1030613057737324 0.663059303931297 0.6739198244183472 0.8352179957250193 0.7817047078787618
0.7773029457946599 0.3715098696085287 0.9664178283180427 0.5040619790862754 0.6287859877597272
0.1794962009489478 0.20171137411814732 0.8729164461425155 0.4133986969027098 0.5888105647455482
0.9537408457920356 0.8251247149593018 0.2715052099662364 0.20187626958070182 0.30477955138037494
0.6396997560952409 0.8688316169390933 0.8579915798677754 0.7600771738332815 0.45315410840995474
0.6916536543394332 0.24162498738810811 0.3879912726591289 0.13933220624358877 0.9769202427923909
0.07650844667737156 0.919005041164369 0.218860457606173 0.1134310306645343 0.9958096650469119
0.4047412517262954 0.9664055031489037 0.4406989216676137 0.6317680670864483 0.6276394319082403
0.23970832465490655 0.2691280739453539 0.36246035929524667 0.3627574279037291 0.5838399316120874
0.3248898099747266 0.4890318564675824 0.5628624657019007 0.3203100546564397 0.0946903090894824
0.9733472504202424 0.23089840518475968 0.7052104580634041 0.3238418574767289 0.7701653137026552
0.5076861030735125 0.5846359126644651 0.6294996334651038 0.7379576374056943 0.8205224013812878
0.30245591248939496 0.4585294593141954 0.3008386711964979 0.8239970429598067 0.08032385832533617
0.6710837021771834 0.5501229437325177 0.7259045525496794 0.16361479207582075 0.8845385566057473
0.9941150241923462 0.6598834816286236 0.6253757114544881 0.4862493639506087 0.521226678936613
0.3722948279963362 0.9696505915588663 0.785785667380716 0.7105257804976826 0.44246777459296904
0.48437181226665593 0.6892313852048614 0.5843108343075111 0.5067290228751774 0.6767218285172765
0.739369227974939 0.8835328877970385 0.545225942860759 0.23553552509656728 0.37135324779286294
0.7627455343204405 0.5723803493075751 0.4219558787124321 0.4845157863698657 0.2842177164688666
0.46811228348421297 0.7327327325345709 0.8509294809106835 0.9244170031990497 0.6747856689749813
0.4816486318652501 0.42744782061094666 0.7968835777237039 0.4789448388532106 0.42452113065388464
0.3639002766359425 0.20102913956614876 0.5834112310062258 0.3637467498019876 0.5423859654613199
0.00042528864799151744 0.10612548323657389 0.27644651434745726 0.17091365933809077 0.04153466294441821
0.2027581728603831 0.787612437627121 0.6013647001299941 0.9503741991965082 0.36189922473164216
0.6215561392433347 0.007716539700728942 0.5200865023423638 0.4556045232850009 0.31542592545445747
0.5533895320448844 0.9228343189586966 0.5998857838235506 0.889115340194773 0.6623756801429093
0.6639345460452236 0.25023364859017616 0.7717258912703505 0.38921444849663034 0.22434996885377845
0.1278095624827721 0.6323551621349796 0.989882698266197 0.6095927347994416 0.27285434990101753
0.3472451651957734 0.8231671687602973 0.23330348879310525 0.28853604708418445 0.8558400207019583
0.25554092689673447 0.1200941808100463 0.30371020506815805 0.8107914254947062 0.7800178052272002
0.8269017643689631 0.07573708916732624 0.425967117325053 0.8049533500037483 0.05648276672342212
0.016924282283152348 0.6404756246952176 0.5448012271185251 0.30095014472862824 0.5565206478828355
0.14724443857944047 0.06673917954271247 0.6375749435333071 0.9083275735739912 0.22052187208807517
0.03892154037019291 0.9496014684966001 0.29665388078072497 0.9729616479125878 0.44422535569783794
0.22469656722129083 0.1369807969818745 0.8495372418519582 0.5239274094191071 0.8219683824627829
0.20738604028583085 0.6837800131556275 0.18320790426099653 0.7925993110571473 0.3015690929933469
0.4588309329207131 0.951149064155129 0.4729765113095281 0.9435985077348291 0.5156586689925062
0.35782923021477353 0.765900666060152 0.08543674166058646 0.9440714377091031 0.15269367899821829
0.9236413235573395 0.9820851656695904 0.2399444163982979 0.5372179643815561 0.5912235477192268
0.05422971326914372 0.8791980414017959 0.35256245079615023 0.1342992461739504 0.042016522081935515
0.098829954813209 0.447469468780614 0.3787182457625963 0.6604047469752733 0.8474753019521433
0.3032400454342614 0.3855780878732752 0.003821772753643371 0.5239709484543803 0.4598775565230505
0.16772766769319714 0.24288807443826654 0.45217968825768096 0.902484157256804 0.7579933143828882
0.9382134106646156 0.5208698844016676 0.14609806073822496 0.019998568490463997 0.3815038263652756
0.6240808865855489 0.12653359535791386 0.9979606950485214 0.12085591775423543 0.9342788592033145
0.6570378010095062 0.8026598433995181 0.5032348262000423 0.6770650199668404 0.5071021758634401
0.17616287412180553 0.7900422244762577 0.6703542382677504 0.565659964841394 0.823971976572435
0.8300022234757547 0.7512887298553016 0.26256572000377265 0.9921792400542311 0.8405093107377521
0.3811936802650494 0.9423813112223779 0.8435335166347641 0.16916809275726352 0.3469879341707094
0.460631142447809 0.3885051172650008 0.733856356353867 0.20880635378513357 0.008679712781758608
0.9245470948686364 0.27445515605174564 0.5210589050282737 0.2580855129184444 0.46761137074692105
0.9729839637541724 0.7956663537091789 0.345932870235911 0.694821638046856 0.6400982287761471
0.0776041740440766 0.10919852504824312 0.9077022604347335 0.7217104738072472 0.7861975570145618
0.729158865107578 0.5327710332151124 0.27190252185384933 0.5499859986958262 0.7196489577996149
0.06003000594462715 0.003121801606811414 0.9917700156752262 0.3263272477464886 0.29442642594231205
0.06227430166625736 0.09593731819358409 0.3510680523472236 0.10595702295430054 0.5403152982919303
0.115808310489114 0.1342852786894262 0.25251761634544234 0.9578949826002914 0.4490288032308629
0.7184209924441232 0.5675559926560828 0.7789288370957632 0.6953619613629555 0.7251776856822287
0.536677970366808 0.9706655487107472 0.9414513383580682 0.9760369736888864 0.8984751203888852
0.8639367086316327 0.5927721511017532 0.4557644515555418 0.9551751022365041 0.7273306126323198
0.059986946663965424 0.4729583806887374 0.4779870700702752 0.4542832277817136 0.6980340024387142
0.8662549115574245 0.4858860645954791 0.19886569309996205 0.11493355691923068 0.4807225911854601
0.7408987357075446 0.7276660959853203 0.12726538945091437 0.9977736646058503 0.0829166374009338
0.12874758212838866 0.6280136767681862 0.3051095608468928 0.2757721428644324 0.4176333511531851
0.5134443023735641 0.5203290889449173 0.8778960441519099 0.17531734513674735 0.5159502861368636
0.8963351832930462 0.4934748791218362 0.5579721898561781 0.8686091144497067 0.733686900138652
0.3831937907547034 0.24097954964894353 0.11124380779700271 0.19306830156467192 0.8778512377078057
0.5988809580891366 0.06475070612323142 0.4858983389328926 0.42249746341728156 0.7687960883595955
0.694172577716583 0.16534303077162482 0.4757739647314305 0.4169797215321217 0.002854023974971809
0.3731619427407177 0.5974560561627046 0.6649498372749945 0.3961771608538689 0.4220119862418297
0.5629914146580602 0.44187652553078527 0.38498357671840167 0.38070417002053436 0.9184141376996184
0.17027224206025726 0.35125797292679606 0.3800815520695997 0.880798471993281 0.3751699318021321
0.46456138453762774 0.95949742955341 0.00395973210427103 0.38448645781353064 0.39150721319790993
0.4347589835938621 0.46783221848798806 0.11600000998911042 0.7122962633419232 0.8868799502686007
0.17452454985283516 0.5982120874105481 0.532778949800396 0.1676862716241403 0.631194061882516
0.18134017542358938 0.8504501868598006 0.9398308752602499 0.12915816906731425 0.7301349032572775
0.6409552770225183 0.11129782717810766 0.5756824779162174 0.6483205652254772 0.41519588764429205
0.4716156509005788 0.8629979487553622 0.49919858333608647 0.7865451380658027 0.6828801054791069
0.979338233704522 0.9016418631590335 0.8094787031979954 0.19005989250546607 0.6540967154534475
0.8100619237816822 0.9635042226389037 0.6715922590990205 0.09649394199891737 0.07538147116335703
0.12858482334348986 0.21050048107936858 0.4907121170558356 0.1044285601848779 0.7687739294917076
0.09620100555163191 0.25614631344000505 0.9025688102329044 0.16918471960880344 0.2273458317428414
0.16727631367960227 0.6884103198205402 0.14744961973573667 0.32465875890978557 0.9475294594277845
0.07187308468515963 0.04324799206692009 0.15708652518552113 0.987915068955822 0.2415375857940032
0.2646385755825612 0.9664068216155722 0.9526772895106759 0.8561972223938576 0.9491500449558159
0.32545286262572015 0.32493644934280275 0.0681907671667048 0.9593915350199356 0.08663869498511956
0.21156441560097472 0.5527419215968469 0.31474985919871423 0.876172980579578 0.9103935112053024
0.7942399906313599 0.6055890109558713 0.3749435030580688 0.5927149391395254 0.062151276685095236
0.1822664235362771 0.9805605732787284 0.7537938416855753 0.8218853531947318 0.3314584750422611
0.8123791797424572 0.5587002632982986 0.045588046284073425 0.46334935755123297 0.6041854675391685
0.28634009529146265 0.2127927873034423 0.2695320612325459 0.29973719284725786 0.8752009363818182
0.09335610051069321 0.7379659622697596 0.9246801612185578 0.3035884256978899 0.8141070915436789
0.5703803287504526 0.5349474383915159 0.37528644593252447 0.6910614821211197 0.658332546712829
0.008718518439939982 0.9325595000121033 0.4234841909973891 0.10618515634910497 0.40797988620858894
0.6907175305533534 0.180727878206295 0.0741127172611501 0.8779267901176828 0.4313178155968257
0.3764879270213308 0.1846020758881971 0.06500016201408043 0.03868580446311909 0.7306996320911285
0.9826473457848687 0.10876351080630886 0.08865063513450944 0.1477019822629505 0.18791079494368212
0.009465396790138136 0.5421007128280441 0.10408302449703011 0.0031011251403029183 0.9601501085625794
0.7630492295810345 0.877402389675975 0.36582156879204986 0.49209903621175355 0.4837097612320872
0.6971529038624272 0.7213087442496638 0.6490458249153539 0.5117995240942734 0.05699811053934467
0.6735446086010302 0.51638578384768 0.15576385028564554 0.3542761752228706 0.6789445977745875
0.1950096014739029 0.2422363712758181 0.9756502622533115 0.14299701392214914 0.968722321754939
0.4624041122234974 0.4008598344565686 0.19432336895474178 0.6643411978515458 0.8965099664776538
0.423689745504076 0.2652886235307197 0.16355685916131213 0.31541144846988356 0.9429694775084921
0.2600745944351006 0.8445563697333667 0.9659638163450834 0.5189082822262696 0.3437172860767267
0.48816477498870625 0.44393368125541466 0.6731662143999814 0.2633280445737307 0.5766675927078109
0.4687132080779154 0.43088203274714754 0.08435191516896146 0.8515961333580423 0.5863158555234278
0.11105132222878089 0.7599703134992434 0.20673772268937463 0.7538525275235007 0.6922053472387375
0.9394038259695858 0.7611038600275967 0.7616658925022323 0.1903074040141789 0.609351992234514
0.13152730735759877 0.5103591129303353 0.34091227985945594 0.5659807301674576 0.6830762000428997
0.03192402388914939 0.7891912597965677 0.050216487121151454 0.32555964446081054 0.03308248392855173
0.14430317304901452 0.9024152163827565 0.4365964353937891 0.6863260846392866 0.6601515697742304
0.3855624634712028 0.8038860847825643 0.67861111076078 0.6547835542977893 0.43537691670330203
0.8309640066750918 0.03647491212586462 0.6973076558387373 0.8360859493474496 0.5619690154738407
0.10990399976361587 0.30201243523054966 0.19398692741016932 0.5968232112012386 0.8155377477587855
0.5719627578204108 0.23094389224321243 0.010470320739806471 0.8126243631536425 0.5163176038496424
0.7905046704995368 0.6290764040450804 0.6385581334520068 0.39402964483968306 0.8125244155399713
0.8233149893025796 0.2580264161716369 0.09694403098343718 0.9270542412863911 0.722716663940292
0.8314202795635413 0.1901140047996891 0.964246254057219 0.3898547323583781 0.4288746780479833
0.38044735010995323 0.6963845027071963 0.9876974107437468 0.6644984914692443 0.14209471286497033
0.8211110632436945 0.7765010159672646 0.9677575184226707 0.007250161301757818 0.6735025966918351
0.37124171156194585 0.19579893752800848 0.5245952097773171 0.12167186217990666 0.6420228958290051
0.09817564180254523 0.2663507348907125 0.5198536538234099 0.10302367464134332 0.2503075108909383
0.6895330181942351 0.8013019589150621 0.07887512668014207 0.32009510090454374 0.31193946842940146
0.730464402679251 0.23935394103091712 0.2981501549770176 0.8385732874236368 0.23914446892357588
0.09215949581648541 0.691576176612576 0.9508272729517678 0.17479465472296196 0.5205916336535822
0.4816675373706296 0.03794025199365336 0.4187876305470216 0.9257198618019765 0.11046376380014578
0.30387827859009897 0.68830069965229 0.8770935930040861 0.7421595659639056 0.36595270909463873
0.00032840584177107335 0.7535325969021195 0.274437124302382 0.12580999904669565 0.49000032536378735
0.712216610294511 0.37609329796207913 0.8723541631940259 0.30968158272062507 0.7462875759060797
0.3103229182271042 0.9585911847020214 0.24493716324579984 0.5177305756917443 0.35722812044800534
0.8175201261939115 0.7598682867839774 0.7064471878381441 0.5644596239805789 0.9984906901110837
0.12532931673022407 0.2134447771115009 0.40124243653897607 0.7288862796775754 0.333659731237988
0.9166403642340883 0.7697786278687676 0.7142882449740012 0.4840297103610913 0.8651765623277146
0.08513298216537446 0.13601465537830348 0.4725423491232401 0.5063855836521617 0.9349136949227264
0.816525258380193 0.17256223414196648 0.7698136779253638 0.7024501162653425 0.38580256656890777
0.4770641615575244 0.007270778229193642 0.010445862689877683 0.14051088127334832 0.6856007080975997
0.46009950596982396 0.08848477588247339 0.2598088611641035 0.0730198269350264 0.1628098875159285
0.483122859478743 0.024924831252293167 0.11404733706621262 0.2418686844431439 0.4721632874041838
0.8064711252051469 0.2039890419217424 0.14544199613786246 0.8128988488906578 0.14064042456765313
0.06874083569138756 0.1880804565615941 0.1640853327706181 0.7274531277306417 0.16560368044031593
0.10274673366377063 0.5256514430711072 0.1789554948023726 0.9909448483737846 0.3834196060565985
0.02347138771562418 0.47310569056747853 0.21553058117879798 0.7838063002241282 0.12980460110518355
0.1400471475808016 0.6283100611079826 0.5735159099797601 0.2139595535750094 0.2808945752939318
0.6494774137668501 0.46414964330923547 0.22339729270033115 0.19942253803309717 0.39825277885266686
0.3242267535943739 0.5223473444000204 0.6067540007239612 0.8167401876888482 0.5756598103964129
0.23027164183636484 0.12977673421532077 0.5793027582515875 0.6489061311289962 0.5706704334267035
0.8473133534731287 0.09049979829969979 0.08650640823874756 0.21094439918829033 0.8687765954349992
0.4754359560446181 0.7398950905324132 0.331621746224517 0.734761970011033 0.027374017205104018
0.6149701527826474 0.0287247774839251 0.5997199076070938 0.33789510743539974 0.23791465037312587
0.37279289078372624 0.43699380768092844 0.7399082787884338 0.1306992959169061 0.6062399923217875
0.5210290090150104 0.43267040531266787 0.39020742816130205 0.7778548511449578 0.9380911727553228
0.6659787154224287 0.576107390092508 0.2118679925069037 0.13331229834303926 0.5669354105616677
0.4321130526353688 0.22662648190782042 0.6193548619873641 0.9453123138114565 0.6699727625699584
0.803348254297353 0.33116244806605355 0.30066871156382524 0.09941793621252826 0.11944913552537217
0.3752590886997126 0.48466693815750816 0.0697862734689263 0.08145984470802192 0.8152313243866945
0.3343106054309096 0.9281880460296773 0.9840230461428129 0.6066641676257523 0.25034648652118896
0.23340919263299686 0.9951626244363933 0.9610915709115483 0.3327859029553406 0.03727741998821654
0.047996372298907075 0.05772451062334649 0.8615903750794353 0.21077387932991853 0.557846769686291
0.038391519511426386 0.35057105072838357 0.047035353116615 0.34316212348242126 0.6836778374933405
0.9343498113113505 0.7691151150446017 0.6412778021589108 0.5552273749701508 0.3668372945160665
0.32553016451531136 0.11783487577129126 0.46681889546989697 0.009318364474542262 0.9259654568109354
0.09830668742406456 0.4067431709383521 0.2213557445089923 0.1666929322496148 0.14726250317612266
0.8570065058363097 0.04851159119478443 0.3022582788753072 0.7997146779793181 0.5956895990888799
0.11750712285665954 0.064567485126234 0.6106629387266889 0.34943405558738627 0.01940262776395607
0.8688158167068433 0.38418654840534505 0.13127104587729543 0.4070735098560726 0.13587228486758574
0.4486312396930783 0.012571398170807213 0.25490636458551275 0.10882801998964009 0.2189533689443821
0.5370186664750342 0.847959160152927 0.2118062436813415 0.4757726702946983 0.7413729850057594
0.9457174724749339 0.40554990301602467 0.7655296254874898 0.2587583013941288 0.20766215642892594
0.6101371885639206 0.2148836686426442 0.9092154461686502 0.5623253617126445 0.8887251254094309
0.9075625106722286 0.282727518094373 0.3569684532917118 0.39381915177511195 0.5452137660107865
0.10652984284482825 0.6756474843902323 0.21678136172796325 0.42998493276830496 0.626072595281883
0.641822932233876 0.5985937349252463 0.06731900681463143 0.7357413240990032 0.11155990406373062
0.7284055960444688 0.9827556514202384 0.8066622108365188 0.6025809450414922 0.5957325747084798
0.9567443396805404 0.8796738422305757 0.7737840540390051 0.3683011208092982 0.6205579281300693
0.057129704106055335 0.8163771178446438 0.9593678357291515 0.3251618304735747 0.13392702633320408
0.9743753952268048 0.9549805264858181 0.7931659593212905 0.9059306457719059 0.6908628520115113
0.8386524554559999 0.6297460681110678 0.4933396306953669 0.029251660273624913 0.05966170040766039
0.5264100033729049 0.9645671971232347 0.07630765176262899 0.917661730661114 0.21023627319589888
0.747986295571812 0.012367468287558414 0.7129762502973649 0.6990418550570844 0.6261175575107613
0.6811463030325351 0.45917210665704633 0.4306509491692453 0.9403695576649933 0.4483911687253025
0.7102538926123662 0.6757917156555153 0.3055003615839139 0.5752121704321546 0.5177292304509128
0.13947937474740357 0.9526374713989388 0.24024334666069946 0.6776219632533088 0.016055849554650448
0.7681922049670429 0.44982713015999753 0.2895311465591289 0.652010867777678 0.09939245198353908
0.8620697650401579 0.4151174350709972 0.2402921386545921 0.012675463612136895 0.9998837337771425
0.7850030097435501 0.9233787248205254 0.34197918269405614 0.7195788781292245 0.5955595710653714
0.6321179164168076 0.7427311208313625 0.5354805294685492 0.9023806136724275 0.16020709338055394
0.06350685955822588 0.589728523163941 0.9369439281445223 0.5150102549553119 0.9755906886619773
0.8788677453681927 0.6769056176737681 0.48140173187643487 0.5160292163460981 0.7771254149750239
0.6803895279949449 0.38901610799682607 0.35831170706305826 0.7613826965113766 0.5969148087023296
0.7076100016352806 0.9511308823575365 0.6159292560700954 0.5630552829399855 0.49964466140136043
0.09690943267796548 0.18958613006280012 0.11683881529922102 0.6489125906764432 0.2539547388352683
0.5005464109692589 0.5985275599162554 0.6716069314406424 0.1330869456322854 0.325998462377898
0.7587629537340975 0.589526876440037 0.8479736890588233 0.8735909363772074 0.07037767278919571
0.4089075381162517 0.8303329079899572 0.13444335937667673 0.4160669861470604 0.08178282458352781
0.9840845736154789 0.6239314928029299 0.058530320189144946 0.7911967761468225 0.4815420808017503
0.057931508050927505 0.5485650342198551 0.06819309696385945 0.10478425016163873 0.573672255877193
0.8484390567752026 0.470236772417609 0.24807493451718798 0.5505724158662291 0.37951396188983766
0.3433312289066712 0.43032618935643807 0.5412352174010399 0.7484087616226242 0.19726030731575406
0.6163058172489996 0.1543539876196517 0.047152388312226456 0.8722570025748754 0.46498231253062594
0.7320005758530715 0.8216354386606793 0.08838911814558059 0.2795422670599853 0.5798604428356855
0.4617461123863673 0.412540198960505 0.14572762506474024 0.6597764997767672 0.2813923722214918
0.7680717307445794 0.11938441113190312 0.4915346265207521 0.2549352613395326 0.15988128134399793
0.8876250249744235 0.15060358681035613 0.8789349536248847 0.084935644731705 0.590281221575108
0.6886632836138828 0.6573903413115785 0.6131695164311517 0.5478601727547228 0.32638247552498345
0.5202307195076299 0.8181861220428035 0.34348263683839064 0.9275368774185379 0.1755419521234498
0.6131984530384703 0.7032708075717657 0.21359614562195572 0.8686519311951332 0.02180606959489151
0.9524810273046999 0.2736899348883477 0.3535069682723675 0.7994601477574983 0.2218102380423591
0.1205216488572387 0.7710055353566372 0.47931945366533335 0.566179315270485 0.40160558681877423
0.2631307533777937 0.06944382910374292 0.5169237156223407 0.9792920207132464 0.5505778254285421
0.5899322551475593 0.5001259387694453 0.21560964536725613 0.5549761803610942 0.5465333779316649
0.9311386338035683 0.34224663994403814 0.8342037597287729 0.6877992220527998 0.902463102457477
0.5569661667658923 0.9777548030841471 0.9789468470210186 0.4383428751598709 0.8360226839104856
0.8614234148527993 0.05230299706670538 0.7005399862771936 0.10715981275160891 0.27323071938353416
0.7833582301569403 0.8881638579696528 0.8424045807838875 0.2498809645595108 0.18013778944907222
0.08985840469252582 0.02021660634145861 0.5169846730510552 0.48733622395330234 0.7607825772750142
0.8552793465021301 0.5083709121289989 0.3076913503043536 0.46909878975752006 0.2408395492785762
0.36534686512844883 0.8406268610085353 0.9210131931863639 0.8268606083284545 0.3804825708712598
0.7223095291823811 0.03764914320542534 0.8855451230531823 0.20309234759445538 0.740709737598796
0.21933110889563567 0.17465845081398834 0.8120167602522548 0.6672394648687953 0.5825560168022422
0.7797003212407146 0.6266499584356863 0.4144302731444738 0.6929358793666114 0.36107124393778856
0.12473488107602593 0.9676065240291022 0.9780698256263379 0.86888554667328 0.7083967655948932
0.3020545781659607 0.42600394078016557 0.72730223023429 0.7058121296294763 0.24248590709874296
0.8813233903918551 0.7789653670651734 0.4951352520595985 0.8555532078341536 0.9442274020905778
0.03890087278180365 0.5727223869890451 0.06986439111148113 0.8821435109885751 0.03170533718188506
0.9696616902392442 0.8781282988632725 0.9263890209577149 0.2727405308097999 0.6076167796750299
0.9035541010304234 0.3939300998437478 0.8258808808604919 0.094663270864494 0.32205412941104505
0.010066534813994332 0.4013567318988047 0.39164852492035174 0.02436568638775105 0.24238544886968627
0.8757609831048696 0.6852261473903595 0.27621613781878884 0.3528262229580311 0.6401890227590737
0.05195659751291637 0.5718336685787273 0.9410317821775301 0.26368527757839144 0.6868486369505097
0.9400663345805382 0.6214633874889371 0.014303171448873275 0.3079569447080446 0.334898352115934
0.2535095197995856 0.6171608062962869 0.9500664544147998 0.9538806771602043 0.9944399301805258
0.7641493112576211 0.5417201771292911 0.4636517576731034 0.11501200111193388 0.24883741858699915
0.01748479867412378 0.2863852247598895 0.4471340036004742 0.7545260585469024 0.7240167628809031
0.04743340296213894 0.29785591654841614 0.67086867630162 0.5189246652401034 0.507014166754885
0.577679782784503 0.3531897771840061 0.8775123958693156 0.8258637906308068 0.6354058510386424
0.8412224048352394 0.17662642416270102 0.05164615908862158 0.2485770965508799 0.4747769283688089
0.22694110985332683 0.4868371683004574 0.45492323845881943 0.24005386298286824 0.8038058928200411
0.19733447958204775 0.10112414186031438 0.3697496024732362 0.607759374400178 0.11597116356125237
0.6716757995744115 0.8126600003095995 0.32505771761059377 0.5153909619621948 0.002295435018358827
0.7271634431811349 0.982689428212112 0.7993721806854822 0.13352785856391503 0.31213569605634006
0.5365903960779155 0.19678687098461833 0.21389746977797508 0.678889142618756 0.6071420022966054
0.439008765023401 0.36219210754093456 0.8772198751501779 0.08104442017291447 0.9804299645467948
0.24564150654390493 0.6568315312947467 0.8816309129372748 0.120571120181444 0.9508497129157407
0.21428180428065025 0.0651180800421789 0.5664197177020891 0.8980917881503601 0.24158509089745472
0.5594456708317918 0.5689833991946979 0.5825283476570444 0.46470241284225966 0.9607150511621663
0.09072096700177146 0.7093219071692518 0.6379191814661065 0.16188016576877384 0.3010941546717203
0.6832393778938363 0.5997015266269191 0.6338012295778966 0.35133172859948403 0.9783145611018098
0.8878836368101279 0.2461672332901187 0.07957087273105101 0.6241516016291334 0.8791617710278381
0.9370464105428374 0.6808948000581501 0.8836036377487383 0.6689460036802912 0.34485047972754845
0.6554680312549943 0.2600993008137461 0.34896351347381216 0.7333162079723131 0.8936656409002687
0.8779026390401014 0.6621170048371429 0.4897032573698634 0.3834686637786593 0.023372587941024148
0.7523751712498216 0.30802603547656215 0.36198001869559615 0.44662399305543565 0.9090482016130393
0.08346371477326664 0.4435852252784991 0.8682727305715413 0.6764024195813632 0.7532803608020648
0.6017245695550807 0.32780123854284127 0.6152192990365213 0.4030428128725977 0.06511512870886282
0.7805958238232455 0.24941238040993952 0.9664284466718212 0.8327620901179953 0.43462778336590435
0.5357183484312722 0.04544728436227985 0.49084056454342606 0.7402151101861542 0.8707180082516927
0.2609109888617568 0.6036615244866173 0.6495852187170765 0.7628865491491539 0.34762822903214163
0.7917693290756855 0.3255068410226719 0.04497185749595656 0.9986014611971472 0.6742590894145406
0.6025136099990718 0.5839009905888061 0.24686364856743703 0.9205862253355099 0.8157054644211685
0.32718011599838515 0.6706323604016787 0.26152422429129185 0.15505392881327174 0.7108158270414977
0.9306886891779608 0.012964297566695593 0.6356117838426008 0.7456445244617681 0.05329878132784138
0.16736853668121376 0.5774398894462942 0.876001355904873 0.676192258474652 0.43325775872904215
0.6830320670946717 0.7973892948400405 0.8887814099112843 0.02678279193958233 0.9111235503261204
0.8960587264294575 0.5724708185545838 0.8012000957791979 0.9281833016910992 0.4887116664515785
0.9719159871203055 0.9365908555824873 0.12105293115361737 0.1775461967373274 0.1151973442905262
0.8619408505922992 0.18734374275058174 0.012349331411441788 0.030168951569690572 0.7750285184218398
0.1086689669916111 0.8742229178538208 0.9209436394471144 0.613180254636673 0.4835999645045779
0.9118107875774011 0.04151543871134189 0.7983409910847286 0.42730152308353875 0.15539240053159498
0.31902322039421294 0.2224215325615735 0.13990208895212797 0.8928911331325632 0.7622526661784088
0.0357711789205829 0.02457764913360916 0.9512703167535925 0.6612860781772217 0.8664901754891995
0.6311484894921197 0.15547964242800183 0.4006109333678112 0.5643176023200288 0.4071112492157578
0.2855952832435801 0.8591822637943491 0.7010767897355745 0.07730646968444987 0.48200507432435824
0.15514481652079348 0.49151422907835873 0.8313740926691755 0.07947051798812699 0.22043444581293126
0.5375957496828795 0.4178667460504657 0.06895751292451635 0.7783657583822428 0.37402688790462646
0.08104415482780236 0.8610030741526276 0.3903340563199581 0.6374162555827668 0.4186336532213668
0.44774612241171696 0.17149727270494053 0.21714098672541005 0.21563771647712504 0.622778011116869
0.02513147208827149 0.016889378868457094 0.5460569647279375 0.4374341557736081 0.10385704469664991
0.4484465410488453 0.3773567173501773 0.43189474453268595 0.20332492405916192 0.05343746452686715
0.6799537065909692 0.5603550057190609 0.7807265996234782 0.18552318290034908 0.354671439512377
0.3672247348427742 0.6935510434640311 0.3336172011625237 0.11579757110274136 0.26309796850301925
0.8899800131794094 0.8670642576365474 0.7723229552356623 0.2232554397852431 0.13904666088256235
0.3428525872657343 0.5917931892164628 0.9711527909252484 0.2673494482988701 0.39642449700197635
0.9547328918715409 0.024034036034254247 0.9105644118516828 0.077130061394864 0.4927848495238484
0.13741346907694107 0.7474270545100757 0.9938446687606344 0.9084261476622675 0.10318440613408719
0.6688119082105048 0.5291575445052122 0.7861399726961426 0.002030157448604908 0.6522429311037948
0.34767012570817946 0.643825983365371 0.011051937784040788 0.712110206609858 0.8015028277211227
0.4645835294989227 0.10005256819576769 0.09975121965472833 0.7057012221369956 0.544631004458543
0.92105267440053 0.6747764282236686 0.2596290385670782 0.64394951182963 0.7806174088183281
0.4052989457649112 0.8238533357695152 0.0769094227065863 0.3103252863909476 0.7228009462780652
0.7806036470233877 0.1861217662172806 0.5829962047421879 0.6866332942199407 0.7464023777039029
0.9196242322090069 0.18989611008328988 0.25512161137314304 0.5296829378205025 0.6078013925450895
0.24804857189721674 0.8832927409719254 0.4368109190497673 0.6018699040974359 0.22271597448126923
0.09238486617124753 0.9104837348241293 0.4651206653185247 0.06480614795326078 0.9280793570694726
0.01572946331481262 0.19514431203057414 0.6228458096038899 0.5053952293067243 0.6433825506412914
0.456450098070025 0.224885543717381 0.2893810728942323 0.9437262513245812 0.2304786931301479
0.2812655558750443 0.8934444711984405 0.430519931784178 0.06367525363861715 0.9053544385262173
0.9086694527115978 0.5630556593895908 0.5638084215871739 0.6572589595123743 0.18850490835132194
0.9264414025306599 0.3418799060400911 0.798072036459511 0.5193512274733371 0.7337043586335945
0.46477100644193337 0.8904199792811599 0.9583531013536762 0.9649613458737756 0.15190351679691627
0.9652250394406796 0.2493341507844693 0.47543495020425774 0.13127968148843938 0.7818182107201208
0.0925199050111225 0.5478422322932919 0.580216184422959 0.414299794950732 0.8160142531355346
0.6172801570535088 0.2756778751208918 0.43899352610996123 0.8332626657025256 0.709797882451851
0.3389334279882893 0.5483994245905968 0.23493598863894938 0.1742960885950523 0.5657776634773282
0.3898134348389932 0.5372414931054035 0.859505509680872 0.44008422542776315 0.9937902269980038
0.28646428879034214 0.0650198216760004 0.8541377766929134 0.8733179237541684 0.9334619152036985
0.16381488992867133 0.636201598780557 0.08048280106127326 0.9038952331972636 0.25801850720981534
0.4281580649165735 0.17529053856926324 0.7754336569782091 0.8339198233772781 0.4078223962422074
0.04813276871880445 0.5884455666585573 0.6455888414515399 0.1226615680528681 0.8323550120307391
0.08907124385895593 0.6054434159245903 0.29989095028538415 0.49703186915652775 0.49573821223879644
0.04775870279409933 0.8158189348856296 0.5101663496479008 0.9177308525878886 0.4855415626357964
0.26778668614059853 0.7217015632877912 0.48763786182857494 0.5541420392110143 0.9236295425527553
0.6098514109673423 0.6422267536296874 0.12214200124519414 0.2706182393322213 0.1804725682948236
0.646764899735863 0.9317981721357266 0.2609884799872755 0.7788842875536656 0.4591917414321326
0.07597180957839411 0.9531366191020573 0.6367906656792472 0.8416534319702778 0.011783667880873483
0.2137469411258599 0.4745154051403522 0.6096200531307845 0.3606669954354197 0.6817784422161131
0.26343891967654764 0.6099903501245916 0.6961169011917798 0.9039545402088544 0.14844846275552936
0.4911343782542458 0.7664134381431772 0.279955984062667 0.8441125721525058 0.9431346021881202
0.43852923825559986 0.33622818574784696 0.12537133044937732 0.2989644811814848 0.6438945058052967
0.2348446022562516 0.7386934512430234 0.18954043790245934 0.5067803370026406 0.5940360465978972
0.8185556314940444 0.41764596161796763 0.20227192981665343 0.03013130494856886 0.5385388211119649
0.05399483783685466 0.7384716635849597 0.5436943944669693 0.5451060484015688 0.38934766146915933
0.5772934883134843 0.297863278766866 0.30189773549134 0.1055817904862526 0.9257056375805132
0.9567224270120585 0.2719614924551881 0.7724132643264809 0.07799028425084387 0.8732222458962688
0.030502807500883633 0.8353834445660869 0.5096341100956246 0.027268545461129445 0.4592766400398077
0.02687517477487611 0.46482822828686854 0.785387706194592 0.47239401603380093 0.11596564806130194
0.8118024095854935 0.7245984975263752 0.4007533580315443 0.38389663509184435 0.4927481025507586
0.74641759412296 0.47575490183314917 0.0273251577066288 0.6982847539627377 0.2532760823677882
0.6648651880681744 0.35213196209700204 0.883487392576044 0.4155392053946999 0.22173507549101612
0.7421953274720084 0.43265308999043584 0.8320442334796 0.07925772443313994 0.6027481291828632
0.23600629084158198 0.40650686621311427 0.8566709363919895 0.21280857136201048 0.3764669573245687
0.6627380032661391 0.4860791093047876 0.6884437864384061 0.5090090109538706 0.9626708452645064
0.2100894260062489 0.8448231799131504 0.692283222544079 0.7914516027656753 0.8953530919210396
0.27129163647044674 0.8845289463712122 0.14620627321101531 0.8800167209673346 0.6017173592043789
0.46468734933403477 0.4173673003396625 0.43958292817111977 0.447433827272807 0.7282050020281186
0.8954637609679927 0.0028151324154025437 0.7998856122106976 0.496504992432798 0.08786437939638392
0.42239154424066494 0.26734788047397506 0.022559208777458872 0.7465932351959594 0.023871072507988922
0.3171341331224926 0.06869446653238453 0.07365273830187369 0.9026783950810482 0.6987535745348871
0.5323037193483774 0.49675464457396123 0.8796300040095592 0.8104397056431715 0.9369614565791949
0.7504070409524349 0.17592469605532002 0.7877321437989205 0.3763167797111817 0.5058818308856785
0.7609488683483376 0.8655005410622988 0.638598857271407 0.8400096059804361 0.01911263304973687
0.5717258468328446 0.16990777863040873 0.6127557177594071 0.4756544891063921 0.017735799482647918
0.7487680485256589 0.25643491434085974 0.4031514355034129 0.4195831204962246 0.769900447090883
0.4135386371649096 0.6428584334393778 0.05848193704468352 0.9083712048953889 0.8418918302187306
0.8672508708990249 0.4308646731564617 0.15081011025435886 0.420065672998025 0.3209627385553756
0.2741815145050237 0.2045466009182143 0.010118217260829065 0.702821290452931 0.5356633771633998
0.27364622631918556 0.0422024909416463 0.8628443099470636 0.05299017580650789 0.07942975571694688
0.5268742331309054 0.3382068233812391 0.3761764787990526 0.3752149460361397 0.06890472765899591
0.6068715470365726 0.30143811813212673 0.7368662324985497 0.31973747502044136 0.6503801046341817
0.26080403313981415 0.33606930523512135 0.4853351175207117 0.5991104827770543 0.6358609486295062
0.11001846464995513 0.08920937999077905 0.7671458866384872 0.5081645492291327 0.4015620698176863
0.5245013573339532 0.9929499586714666 0.7369177338216356 0.41167239833192093 0.04046698634335244
0.7541952608357922 0.5532054465095225 0.3909368450800518 0.21136720893782657 0.7408926407829751
0.04956035866850239 0.6651129903441947 0.4230649729770085 0.2755621144156216 0.6397079526436781
0.17181349995995 0.14206584105364917 0.9761267352080735 0.5853671085194505 0.37214566159357076
0.07782256625969941 0.8299461651982539 0.44895617116634023 0.3313866485457898 0.31883969370712684
0.07791834919574325 0.38886426179694555 0.13328626218802497 0.949602204371536 0.138271563873952
0.8256403354595632 0.7478599278875029 0.013651106387573164 0.6864778964448331 0.7466414822765569
0.7801335555403871 0.09946843240225878 0.4754150677153709 0.6976116516771464 0.026667939950232755
0.9826652585159378 0.19160933274957004 0.880309219073001 0.8169739861843679 0.41776647287216584
0.48123297819192157 0.5879187942531908 0.027881518882397094 0.09509043263133843 0.74028812371893
0.682593143235266 0.8714784247737813 0.4104701089500211 0.286598918113812 0.9109330328922398
0.6037280321098701 0.7107862631498398 0.3415475712078997 0.679998292251691 0.7333231199334221
0.6259907197633494 0.04906032563769713 0.3573340766563291 0.7265099475567625 0.18607393956989482
0.48314062455745654 0.9460932622469932 0.1250924014918917 0.39094021591632155 0.7832704957288835
0.004391703738267361 0.9421670578559569 0.6023414885540621 0.9767118805397326 0.5480777770862735
0.9808491583719323 0.026690266975323396 0.15704963581326925 0.31467044233030184 0.4956823511677554
0.9197547592293461 0.8596255441964213 0.8072246918417963 0.6829668757879884 0.47655723375091286
0.9784076646393484 0.119477718524573 0.4686219254019286 0.7085479928551668 0.8924722289968999
0.12109522086822022 0.46501997446394916 0.2780986763330616 0.5844706729647823 0.9686670152160963
0.7522545943992978 0.5322111811000217 0.9504422450149664 0.15564946472164398 0.5560029887926261
0.47505115345913806 0.7338784111562062 0.34897030751093094 0.583495577807314 0.20533775305094015
0.89397811922489 0.48981188138386855 0.5019380720656089 0.9911561679862656 0.17952239434525208
0.39069066290399923 0.8620153920240753 0.075597438150793 0.2539301297795813 0.7001447177593286
0.2371851772392446 0.16600689773092603 0.4136685383249413 0.12343581380377944 0.4556931012505082
0.2808088515126924 0.749497275147012 0.778962915698546 0.3876622459209733 0.9358235798741127
0.7391087776689831 0.09585544135880786 0.35861801356204814 0.9694631859896958 0.3953209852594265
0.7148948299600323 0.44587083107941805 0.7797597218457638 0.49389074848169967 0.26341090722969474
0.024146855896332586 0.6215247417218311 0.9604308668348793 0.8236662851012694 0.9304970194885716
0.7878536318641497 0.20902132011800267 0.04601842246292942 0.42023264817928263 0.21873475748492766
0.901272050337546 0.5071951831687073 0.39408297077125287 0.7186191585814717 0.9811721708022433
0.43797688257599154 0.7681709171394537 0.6263072232506155 0.37463722975494285 0.5334848763765246
0.6069063194628327 0.15116630868301018 0.02213526612934702 0.4466204228624093 0.40735476131540693
0.9422971110597012 0.3934314829840274 0.7668167479203081 0.25317496478105617 0.24550501599461072
0.4506232193255927 0.8721099996045164 0.7403748834362844 0.9042182752320471 0.7004393567969258
0.6124680474837109 0.09484765196796263 0.8232161325228132 0.5760122278711801 0.024215282689951656
0.35263047668821423 0.0692702017172967 0.16944728650433716 0.34692293704826827 0.3430047249776369
0.2283292716402603 0.9579697178700536 0.8966745844908353 0.7296425479379581 0.44269282543148236
0.16340333570209398 0.2912182444737861 0.3832464711408523 0.1963918868768999 0.6232914333783567
0.7412318812106555 0.5386346031931903 0.49212324223895465 0.21210809132993502 0.3403378641299668
0.6316760612635876 0.6321261639063056 0.5943531313087633 0.9957904349045197 0.1451638035709888
0.6874967989420064 0.3382813690113732 0.32966062184189826 0.22127004694658214 0.2592612225140102
0.2016320171360121 0.6409834327906887 0.8855384364312149 0.5918815000154847 0.744079920247567
0.5187559421581723 0.14192270163604803 0.10813738634461878 0.3221989535801141 0.9905007829659475
0.6009074513667108 0.13381711134889573 0.04926883963535744 0.011297777443707635 0.8080401853196849
0.26756212841044946 0.31878513656891705 0.5712128044804857 0.2090611877586297 0.1293782687168592
0.284026454885147 0.9660512136803309 0.5657565152748046 0.23865727861063424 0.7777085622777212
0.6034164868598041 0.9168623381958049 0.14421389195768708 0.5214604009870926 0.8975587233345835
0.704908661205071 0.9017448343534358 0.20525203820074878 0.8158971795331261 0.42364062017266213
0.8666206321551946 0.5703812254428294 0.8906631675968505 0.7177050011162396 0.6822755589075999
0.7313726085997353 0.9537226012402166 0.648389874517827 0.9053695592458304 0.2678615359283988
0.7875219991278726 0.4353098044782774 0.9565241530602718 0.8389963281316232 0.49286999558566724
0.4052291831223257 0.38176203846726464 0.8157766374724262 0.591597235930666 0.7594203620965951
0.6182079702350952 0.9726545864983832 0.9874820666623331 0.7171622057753961 0.36812610367030874
0.7237524166635628 0.32143243737872906 0.4056655527394867 0.6959604742076999 0.918309209167299
0.3320565573777835 0.08254785877283943 0.7602601358008894 0.8737433543940998 0.9606167458855379
0.08514251033033704 0.49400165677775054 0.0653059346726711 0.3266832619416091 0.4213854634750601
0.10667960086744932 0.5739657146394702 0.5531223340607234 0.5526940226008382 0.5443841717026394
0.2267839732143192 0.3237427822911534 0.3576357374702168 0.7120656219674951 0.3368715598154698
0.43274807803373494 0.9228296641153907 0.19802600610935572 0.4207395026623567 0.3514554425321834
0.516564332004687 0.8832391820246064 0.7612678517579865 0.22705575050150517 0.7078283464216324
0.7707870145974457 0.21582108069242212 0.7584030377493353 0.04181756457292207 0.35485727352225427
0.8562707548143118 0.8795373804944921 0.8611406179979553 0.05826273216746247 0.12763885824807442
0.9867459261058841 0.06283347838773778 0.2962743975840024 0.28965313677948346 0.48781207948345395
0.7864704968358083 0.11964022482376424 0.5383516150669074 0.8224270941551634 0.5021815416607194
0.6738526405115605 0.03792888717224008 0.9664919469974522 0.20247804626018917 0.5530501239026931
0.18657415096411645 0.5559460142264602 0.26567082528943153 0.2641120622929537 0.0023354503294907847
0.2878523734761754 0.33667850461536986 0.10572220358025208 0.6743483970610116 0.6387720104418199
0.24033127427405776 0.44645937302189 0.4360991770223407 0.0691389199658149 0.9305390194192603
0.3256872920209186 0.6371463603027175 0.7197933812311919 0.3148282044773377 0.27152212929480235
0.2434813826323291 0.9379185411808076 0.36380352421323325 0.7682774661105709 0.7325775232188428
0.1905923981415344 0.9458656028834728 0.33971506958646214 0.8854697467441358 0.24418515290263076
0.8967753935106549 0.7470381084636941 0.5063279856266347 0.4991206656149205 0.1799005368981259
0.27862677802861247 0.18338340349966753 0.42830472183756674 0.36237380644227035 0.557050825506895
0.827360256342063 0.9653120947152454 0.4946315346239599 0.9418051930923838 0.9188677083384102
0.42003662270824405 0.607300236453277 0.0983374875223757 0.5936546462393272 0.7544898205073249
0.054420927713140665 0.05151750127055843 0.5495029662855024 0.3364855858469823 0.39237197478732344
0.31446901801538385 0.5457849298472026 0.7064510659756267 0.512481083530866 0.9085153367118215
0.7304111030573662 0.14670595211534854 0.8720790887651647 0.5240924271117234 0.062386122395458043
0.9175880510253229 0.323024296591388 0.7849145114616976 0.887035133735882 0.32943130782638097
0.37981063560140504 0.5649875443467559 0.7505069067619629 0.7397457661032149 0.3322331946162578
0.4338036103779942 0.007848634772187557 0.6734228954688601 0.3892301235489688 0.2893726322420035
0.32267409839467265 0.150087199614527 0.19850703117627266 0.4140959506840616 0.29714987797685233
0.767208811921142 0.2936617987553932 0.41285776253853335 0.22709787496394673 0.10648587331569903
0.6736400388273408 0.45387939674047006 0.5270612054025863 0.9092530538716377 0.6096584016825604
0.6338405496921796 0.662305744360014 0.8739549596839317 0.8284449523537792 0.619942655308952
0.8617617288770476 0.8795299239524282 0.6022709663978641 0.08101293366702045 0.22416434323646584
0.6777836199457555 0.735848117675054 0.9252053868976521 0.7968013438101825 0.14801541967395004
0.6854188754548788 0.7854713148677124 0.6561789274412455 0.09885334832174109 0.5649598192796196
0.18246233282412183 0.4940705142081503 0.8573612417421738 0.4670650594935547 0.6381291781139511
0.012698876774318246 0.08806584288252128 0.10044298924549255 0.6927218725331366 0.5961930893227778
0.644506295737466 0.0624543053344595 0.06542298583464179 0.25927617532176717 0.8983882043251443
0.6054392959220375 0.4336952172055166 0.019000534413547432 0.6118306769966784 0.02590932726680162
0.19585875512262352 0.018644477881637922 0.23714944205850164 0.3656720518911024 0.5800059937774731
0.19399152607046044 0.7939111659353585 0.6372483443262286 0.6692647132789438 0.9523953711275864
0.047312049981823034 0.3741206426382798 0.5516857467535242 0.8848780923854489 0.675777107434377
0.6486354124433242 0.6537154257766914 0.5596138907295269 0.7825489924092907 0.5301578931290655
0.2560007886436304 0.34825818896672345 0.6397666566999084 0.7114857763974044 0.8357198565110756
0.18164802580576156 0.7874310226443898 0.9835761922242061 0.8461139983097279 0.5529660746461932
0.8435929880769446 0.9706490400195344 0.6993194008010878 0.7662242317605731 0.31711224374006775
0.5680920842840369 0.9026328884055865 0.9381398849039398 0.3689423827440813 0.7286943601201721
0.6044363880400245 0.7713877229182872 0.927912206561482 0.6269316729911665 0.6290208180017661
0.7565740605415668 0.8506538494002515 0.14966841629820327 0.9336968919280375 0.5561027478593062
0.19188962445920799 0.9142248196198709 0.5486606323020271 0.852680683756118 0.10287954491803519
0.14462501092740943 0.09171922199275795 0.47958605288806755 0.36589106932535187 0.08312560907745026
0.49115318654134177 0.599124498133176 0.8713989996626214 0.6688679140975995 0.6922685301267177
0.37391621891079097 0.16951163389812351 0.713088611463302 0.9365535813452829 0.19043060206572693
0.4431423475730132 0.5113822364869994 0.2422716001929992 0.6876272325845497 0.1743749972563271
0.558883968530781 0.5519866101669388 0.6638256512687819 0.7506760844375391 0.008717177041499546
0.5419714132014014 0.4930121805362436 0.10897012342368362 0.4876055713714025 0.9782891913677443
0.4218583860310735 0.07749095608879475 0.5290542137214526 0.2147070575038189 0.008045851573734275
0.5926012595701637 0.21124998035350162 0.43785894567346917 0.5511134339325018 0.24686624230134258
0.4873836767772558 0.19650585354612427 0.7369230466225061 0.7641481634753945 0.12411537935665773
0.4004733527321611 0.43807244499131015 0.48660154301006686 0.8695245755709988 0.2740243838728368
0.8840991229786412 0.8698326573952023 0.4168151219249333 0.3338165337366096 0.5587259005350548
0.9080987677836262 0.055591894004571096 0.060512203494570316 0.8653041052333669 0.3370313844064736
0.32148491035002935 0.8461251494130311 0.5162212219286771 0.753394354452808 0.26705415398469834
0.14045549680131064 0.2249034422644165 0.11340534936291946 0.8686645216734774 0.7784649438178519
0.06207955849997615 0.5098781566490682 0.8117208182650972 0.7052086967967705 0.12390381394383276
0.2356312819691494 0.0019000734143341802 0.7900128198180913 0.9263573150722769 0.7570736360614168
0.9627323752073628 0.1298003926531086 0.19755335534094032 0.8587414146934711 0.6240262776511417
0.721409879890375 0.17374302236858674 0.5156178398030946 0.12183839032220967 0.6893317650568732
0.1337384722625884 0.6485598085505803 0.6082458667881905 0.29079530179180324 0.15734181863620933
0.6667967915339914 0.1824163578349337 0.8289776505974682 0.7391813907319443 0.8019588822705935
0.14346988335374533 0.7337097763664284 0.8888194779693501 0.15521587882931565 0.2661456454226203
0.5076416378949629 0.004296033203594063 0.04080416598511294 0.11471336420214018 0.6976700272890349
0.37787983023597804 0.04260977216417561 0.7519377538700319 0.5778124836422125 0.1607584262742614
0.058346233654823165 0.7175584301004546 0.6047841550021336 0.7788824710415009 0.823815554001446
0.9905116658477965 0.37500003629305223 0.4113317686829113 0.49163198116287876 0.29021852182311925
0.16290067888173876 0.022892120482628786 0.7318888462518142 0.10706612369329205 0.572348295473979
0.2624173124979118 0.48463498329336463 0.24588678803385933 0.337779958179274 0.46477953832624763
0.17577913801462808 0.15461208984770503 0.09739981568471068 0.6784748233985745 0.08324794128514379
0.0019056322901506162 0.8539759433352693 0.8689625537892639 0.7756948166926042 0.48084405499923366
0.2801282176017569 0.5532232321068306 0.14330025318837292 0.578579863310816 0.01926385085823501
0.27345779464700004 0.5625293436329425 0.8362359404140186 0.9268697969244136 0.817393067686653
0.8201214986731574 0.0518607254822514 0.1463891993768559 0.12113047017120782 0.784570002102214
0.7658402986275021 0.036153620956123955 0.3227920585517535 0.8442309990541543 0.7489840093169401
0.25815735694718567 0.6855051845676893 0.2063632841683256 0.6171530936414913 0.3944188670375056
0.3731209714854278 0.3845457820612145 0.19705937737340817 0.31109115318779557 0.25718351676217655
0.8182080122818614 0.31892516830350426 0.5763751871478945 0.19208242300368783 0.3245070748803238
0.6634436065158972 0.18101377702351062 0.29725826410095757 0.39406076184560246 0.8094220132693449
0.8422710303128289 0.5684111484634701 0.10568283961596536 0.9989471100169163 0.4809786626570032
0.48562431093798164 0.15815941704033176 0.4116879646128587 0.885946693639905 0.36792016389789495
0.8417855576704784 0.8039619632325825 0.1333869650163596 0.10297003842516672 0.7414935043087014
0.690955767569661 0.6584027700707937 0.522618232875726 0.0491848403604912 0.3972062891979784
0.5749945049708255 0.8439026476725697 0.270569381171472 0.34410000273795294 0.8816756951660363
0.10967809080039581 0.12575004369689058 0.15772603714820244 0.5250070791545584 0.461594435349305
0.23061262863592602 0.803391427472999 0.2747871063181049 0.662471314830788 0.4296985704422932
0.7685130143541489 0.3611602322909736 0.5373639342961296 0.33163137312041435 0.9752885969765064
0.35153048019391 0.5079104857775752 0.37128639539886166 0.816731333803738 0.4335166023925763
0.2974933911993425 0.3439034905513001 0.9234822449050836 0.9877775728003133 0.7865277561010805
0.5781272070668728 0.5635946035827704 0.15126972269041306 0.7890195207894661 0.8633736477071042
0.14690833848323048 0.2993492605313419 0.6567663604734026 0.6645391547846203 0.3153921027958607
0.5886951442504897 0.5461008491480855 0.2551797401817184 0.9540538689453377 0.47414858148617245
0.7159294975371225 0.2711772160654372 0.14431484876280587 0.377917340130801 0.9958102258939668
0.8246908877237087 0.48651282894457637 0.7813383627239077 0.35338786984499193 0.7151287190998655
0.09804889192947053 0.46781263007084484 0.5495025290258715 0.5469363622844701 0.1265250727746713
0.7390780840689191 0.733412154459233 0.4049481851244403 0.7858776802775771 0.6456729931701467
0.932300046551909 0.10164358013858699 0.6356811860621122 0.5036993237587757 0.8408953113750309
0.14579873106714447 0.9613864959368411 0.7573735668648974 0.7814656435553143 0.30266701804304497
0.6618144608474162 0.27173142977755094 0.17671889228789273 0.19100477478493583 0.8670079407623503
0.12286154155786777 0.029473499952515025 0.9877127787931417 0.9704480429231291 0.9238916143125091
0.21302142333733387 0.9039710834239156 0.371073229746435 0.07362227266217769 0.7408377632552937
0.8823983383517909 0.1838333688404319 0.663682768868726 0.3333773127976417 0.2906139314960816
0.2832340060412969 0.36481102923725617 0.8022110888213194 0.46437716417649677 0.4255102608353951
0.842253174942923 0.08331497910014396 0.680433898470355 0.845684516592793 0.7713525759404495
0.7992709909066962 0.06252843117577389 0.3498042870411301 0.03024948858382459 0.018068958965917314
0.4167080351262309 0.459748338655495 0.6347750586450003 0.9581164600856403 0.4157171298654948
0.13011830081821563 0.8979076094117634 0.29463351275551863 0.799223817358608 0.006086467698628528
0.19207749000825725 0.28228887300077643 0.5920855059037823 0.9743665255434498 0.8761679371456321
0.11980745747937838 0.004758309419919504 0.9375648270054537 0.868298231901434 0.7481087594361322
0.7129588764443626 0.965860602743748 0.03326186499730621 0.41082808506850643 0.06181779130947462
0.1851181016550485 0.6837100695094672 0.19824266353928455 0.527093605796808 0.21172324916288976
0.7136850435975952 0.5274952325573493 0.42286503922530716 0.45960995424617956 0.47762554534578583
0.2722505053302141 0.8577934107024199 0.8798110212092679 0.019192085361208533 0.5504430509065018
0.39275896652878495 0.3491902925527942 0.16206739529600678 0.3282593473563369 0.49814449720996823
0.06994354717594442 0.8324889681041118 0.6273156165151293 0.0710397128115754 0.40847279002776105
0.869582796335027 0.5186294662583892 0.7433831675097317 0.17089761246833401 0.6811866104705666
0.7211281509369604 0.028198135135823144 0.31480109820887503 0.408073446338758 0.4998177706382878
0.46778134415646955 0.20600867124863398 0.18135179519764277 0.9663710272652162 0.11250337667720689
0.08672198329743164 0.5544668231142639 0.7759950135374444 0.5588136585599531 0.9590613711779542
0.48119906152178127 0.6755739237243206 0.8144301140829623 0.026203869117883305 0.9344634383240987
0.9555872682486485 0.8291722923822612 0.10912967685106212 0.3977826416734551 0.7873369737653568
0.5704457554332292 0.1249901048344364 0.8619487257541893 0.04148446135484751 0.030960375463846224
0.7260609586841147 0.03262980028327045 0.8299243821701362 0.9744927521085782 0.09781430702285965
0.48385807940257064 0.3529166548633842 0.9854042857730593 0.24982674526256032 0.9032612987727122
0.06086777245323949 0.972536486640581 0.05374287148131052 0.9683917903766913 0.3108188655048987
0.6549498452360496 0.8831417232701577 0.3468122561276401 0.6982310372293457 0.8005362530652141
0.7105417364523876 0.9768191328019169 0.7178894613008514 0.9969891650133046 0.3970110097670838
0.448897804845233 0.583599032006337 0.7033050176836845 0.9735547036754999 0.5856575485087725
0.8806355906607573 0.8275302808040634 0.09032157589872492 0.5005811473846941 0.33497627182035405
0.9601611040609337 0.5853097698000531 0.5807104171444138 0.10222373361276005 0.8348382921673029
0.9985045270181387 0.920145672458189 0.02513228336191564 0.01920544173021166 0.43353534733051347
0.8967393891318322 0.94524383744199 0.05691179679868241 0.6609275278611124 0.33486359683709666
0.23980784501028007 0.34881008037893035 0.6166124311726742 0.700570555722411 0.6485955903128012
0.7886021155978008 0.38382773506468715 0.9449344061458352 0.39164217180742744 0.0024523277067202143
0.7923404014009947 0.6148820334451308 0.33773324209090516 0.0441022854370946 0.5176515659200724
0.6579783309780333 0.6973245279194819 0.4724567110905691 0.038679242179090356 0.16197925843155014
0.34735284107298026 0.10025325531334228 0.8147787346452606 0.5263551964231125 0.9174497335001705
0.24168282728622337 0.590857551079637 0.17634545362576093 0.28017998925312937 0.5605490548180788
0.5080815394683935 0.4278292633453551 0.43230099910495334 0.5032317300397502 0.6336607002512917
0.26957905243376756 0.10260586458681953 0.7932103189859443 0.3761027224456611 0.013179156736658038
0.25116420402626927 0.7215493505788727 0.7896534061040202 0.5560601496735277 0.5804274411114749
0.558189352855345 0.3321246464367801 0.16716622219239108 0.735342784330182 0.8842653041931657
0.036808874820526305 0.8092385445232065 0.3747286185078571 0.8446794599561716 0.8055481787115913
0.7771981488364742 0.39194030295799864 0.421975061698185 0.10690424677656885 0.6299724246959358
0.4254950479676489 0.041747720326532956 0.5521733198530645 0.9655050469605503 0.8338608826416694
0.21116155503471257 0.6949789379791924 0.16975842488489 0.2652232348081589 0.5802242520549183
0.5079012185854485 0.6039967416175474 0.9640569093206633 0.3130383231458581 0.3337048393318053
0.9108212270683327 0.19251330247701137 0.25475169511483986 0.04872201516339947 0.19509338359003592
0.9537000702155378 0.5141286324311183 0.1602094997774992 0.6591964019451898 0.2713951454813007
0.8229422131607318 0.051894235921244536 0.36139448656149886 0.7529141760871958 0.3410562326514808
0.26824885259847076 0.7658656062241246 0.4740104143115579 0.04178561341085041 0.018185037922468394
0.7409189324492487 0.7772261410252685 0.11651831508162103 0.5491892245321974 0.6251399279223837
0.9187415139659936 0.4132394225221018 0.29165895467711234 0.8073376571091282 0.23899942295416043
0.015737108924289256 0.8507818396542326 0.9682131519322222 0.7986290918147769 0.9837022793143506
0.6037591497967322 0.5087113444053424 0.21996157842865383 0.8744146962318651 0.01923193414188018
0.3513037840167287 0.4458228607258654 0.7156890250167965 0.6737780609487287 0.5669252059233753
0.6928470771761323 0.3802152034691304 0.9609146763004636 0.22274537375558423 0.4145824527195101
0.7073884138499715 0.44357773425101843 0.851468723455995 0.8931261956569272 0.8687757908022447
0.2633490702621317 0.49405506334126825 0.8328220254201398 0.36371604358660203 0.03920155322894159
0.013845804842576914 0.4264054927326427 0.04386327728697914 0.7805859948726989 0.7315905526020515
0.1671869378923042 0.755206498840424 0.024507552978471625 0.7383519094159781 0.8767552608434351
0.41568101147522407 0.059324401476294586 0.5655368401481525 0.38359940513898894 0.03400917635690248
0.9603320306494038 0.43591056757869207 0.18848932241741423 0.2320767216808438 0.7895478361357516
0.9361555935485596 0.40359179160245573 0.7397155367300788 0.7977337569991135 0.6508896021830362
0.24161350657555658 0.029546466443935326 0.8886767033442374 0.22354409490376825 0.8327901135884045
0.010451617502436616 0.8613326794416951 0.9096205710157532 0.4511600080875783 0.3376173173145136
0.5188368208702648 0.501830207768517 0.04712467376601115 0.6602584093369003 0.9370249012446668
0.2843551374162895 0.9119527293870652 0.9425487451661763 0.8974512457283382 0.835935934561437
0.27104157019399233 0.7788930401776306 0.8251468258778247 0.11168452975455712 0.36404178586505986
0.7877943115261418 0.19491808984229864 0.6938131435990664 0.7881018035156498 0.8029757966960709
0.34925538137790524 0.4317402695235002 0.058715887020504676 0.18605289255459634 0.7422430537570787
0.3610978126348493 0.7049971355943212 0.40445983470254987 0.6505073872626972 0.6951494535212095
0.24058546255624214 0.3885307083501509 0.9936648441485653 0.5139624933877645 0.6921353079148792
0.6543461315688247 0.9228847597722901 0.24563212894066855 0.5291806302556055 0.0860520330274891
0.9146759468356852 0.2691800892768522 0.16465511820315715 0.8214225916993088 0.1744733187574452
0.5786453177232465 0.40683835345758623 0.6874259014545611 0.3495762966720538 0.44227825642913143
0.8595497687525706 0.7067076119932088 0.3038043619291042 0.6760802966751562 0.04627723794929761
0.47077534724344217 0.12270797695574587 0.9041230228474814 0.013894624972503045 0.08307502327006921
0.5494763692865888 0.9024262498898341 0.2212677128980587 0.89175544538582 0.6048399399078528
0.22356290150104385 0.675167165573384 0.37766007173725347 0.4669328333993139 0.4275624864993044
0.7413325128085807 0.837114429736584 0.10205008732223408 0.6828775471224253 0.7265601848150224
0.49283702074461366 0.7256841195913178 0.9811393856384582 0.3684712046680071 0.42495853603684475
0.8453703966826535 0.2252759766593626 0.525035716942227 0.1513395238775812 0.5250385173122487
0.932993961219296 0.43792772175159045 0.5085709621662811 0.2780682135599214 0.23222085333147013
0.854060477567032 0.21938399164237343 0.0009107041417480977 0.3449745991889578 0.73961763073472
0.7391429718172172 0.6473192571237583 0.5456012360990986 0.455922628970274 0.46582753734874505
0.20032327774459147 0.37106972964829454 0.44432251792007127 0.4327215516246493 0.8610995849133352
0.033781321300283995 0.7656774731499982 0.10717431334797878 0.2906883679528838 0.3619550975292676
0.02459117467904215 0.6703425131566302 0.07189408813507414 0.6152330687838041 0.20358391233562512
0.9169513488080964 0.465489287974559 0.5680895166871901 0.6582294641766421 0.2823824640627627
0.525898569089336 0.30832881964950976 0.036905194039890454 0.8396937004637522 0.9805737880288256
0.44766499241180735 0.6743185693969346 0.9247741697300578 0.2915234270747953 0.8863747962509302
0.949183744072562 0.4247439808704664 0.7399647145765014 0.6063860966912132 0.5815544152834592
0.6498822098598835 0.17594157912719055 0.16320650586927166 0.3734277583212193 0.2529389325685203
0.33540185524329647 0.43954993207239645 0.21780548051145243 0.6379696386735706 0.0948270871739767
0.8746171292175724 0.0383617944611212 0.28479906842362124 0.36553513327835896 0.49066889888107257
0.322203983110917 0.6782075725888926 0.9651378999952498 0.2950382296178179 0.798742397341851
0.75199893793833 0.41702279166331635 0.5109673982580436 0.10220737259005486 0.1971716093672483
0.5956394457831232 0.7654485392605119 0.6151702899952713 0.2404212359395057 0.42397893861152747
0.5650958541639282 0.8490806032703296 0.050278662812347386 0.41897054851144566 0.32475158274306315
0.44819009332354565 0.8346925687113885 0.16340578517671855 0.21357917585157504 0.8794757129165808
0.9986292644285685 0.9172580048872684 0.5047584441764241 0.7813184633934699 0.17153756726621472
0.5547433872990143 0.38537259525755063 0.9191338566419897 0.9653194581092017 0.5223611929152373
0.004055608392040222 0.8660177945079465 0.16295301081204794 0.5603640131402854 0.9526103846632485
0.685333456419886 0.24593185552644525 0.780586632456465 0.1266186066440772 0.2408650220673172
0.07718452975378343 0.3484610741693336 0.7651351108085965 0.4016496287767648 0.4896604997087878
0.9217006098399635 0.9077456836326497 0.3223941446641284 0.01911518706172388 0.22918515429039243
0.14920585595948832 0.4827768272176409 0.9359410254340024 0.49585309401451316 0.1727109323054744
0.11825074699815352 0.43805432843254843 0.6548868875885415 0.5937120421965032 0.4347343543507246
0.13843988747743807 0.4522916034675134 0.7674920295139647 0.8471598307865296 0.07535870887193552
0.908639386888202 0.5113085291531234 0.7131842396028656 0.011625566792463626 0.6294453409611578
0.6215892463187882 0.9536151836247988 0.20902490644834926 0.2921135287464881 0.11554059780492287
0.30179474911455895 0.0979003452894246 0.764273796392981 0.0379471850091615 0.30260293774422586
0.7130786295850791 0.07618634874916541 0.9135039429931557 0.6130721210145957 0.41900793231871436
0.26204586633243854 0.8441034629952121 0.8157119253109902 0.36530851837199607 0.7176200407758081
0.5990250217001225 0.6250433489283155 0.47868921911273554 0.5388083565677615 0.6448199286092369
0.1597167941953832 0.3483999138746253 0.2936223019532772 0.7966405015484526 0.6782222442924226
0.36873819051000445 0.8399789185982521 0.8009145900645986 0.38407670142085315 0.5748882269205159
0.6212920112411032 0.6388317800364149 0.781761276164464 0.9238320961785945 0.07914356541637302
0.2167911359779442 0.7904191823435612 0.023074632696995945 0.2055611201401495 0.9965633400250823
0.36200096195625464 0.5297530211109941 0.1415678217184374 0.29343973379935084 0.23024908054048676
0.23844643800596688 0.8193181307417966 0.796914884440346 0.9568754585643529 0.02649455905140896
0.10039089787667788 0.10533177496036428 0.8468423986919786 0.46401974144249447 0.8629968517582165
0.06153296901769689 0.33104719032392016 0.0017853598888076805 0.9552049590487327 0.43777354283061365
0.9613708871785052 0.4460864414162784 0.9472124912658849 0.5261823379722912 0.5938348397723029
0.9174229340247345 0.5950382464122116 0.46602148086069883 0.49917126002559464 0.3487020976424129
0.7994120948490948 0.4759510771510719 0.5701312158258155 0.7487628274565956 0.6030947441328454
0.5684647395857528 0.3020020123412783 0.21338804909863918 0.7413208895956127 0.7168610320023717
0.02740620520314696 0.2868831553695679 0.8393695352541704 0.6425436567248154 0.1192305614021184
0.1643106606788849 0.312584553742725 0.5542449014989587 0.5918561248211449 0.9428766952066631
0.5135162666537171 0.6798713717532623 0.008077077128108234 0.6786110707445506 0.757427827656313
0.8502883689120037 0.1299984623941085 0.5801222326004141 0.37354011027482414 0.3576100859696728
0.6797945133955479 0.039748632450048005 0.268585378811637 0.9005637099024049 0.5121474774051106
0.19498236003092018 0.23538446057528484 0.12359766988005749 0.8555414554263387 0.9476453573316409
0.1854997669799886 0.29976077968851744 0.6894722795211681 0.6540616938091057 0.45634941344406954
0.03855994158778042 0.9647975700305443 0.9060988524777357 0.907200330334101 0.5453965504258189
0.35685556674303665 0.5979126507287663 0.31515937527431614 0.4899571920118201 0.46014169543780703
0.46828856244225125 0.5083446142235835 0.33571820624323123 0.25176839333783685 0.8732216459210959
0.718797009544497 0.9921253018825794 0.4499102003843518 0.780609290291163 0.3115438312987153
0.8412725258759972 0.20420771066543486 0.8233375112752792 0.511757132248142 0.11082027921954296
0.6219467383927457 0.238672428593673 0.5349712374696788 0.32469433177281615 0.008773339083241516
0.3132071128890017 0.5253174976611038 0.02882611585199757 0.20242049558949016 0.16640480947553782
0.6840368022942573 0.6685776521521013 0.8674776872555047 0.7491857714257895 0.8868857359510748
0.942165739104613 0.34691270539322683 0.13948283306854492 0.5360005245774484 0.7457327912636958
0.1419242420359179 0.3802475722179197 0.4462638676801317 0.6186755844357069 0.4875515564544882
0.8022830913187792 0.045618595727626055 0.3674315428026106 0.08211125456549684 0.04487458141538225
0.5724606246257321 0.4426078938438164 0.663710638852087 0.8987495665491968 0.3498528919182162
0.627377008774931 0.3300963719143438 0.7896878439066236 0.6972457768041663 0.6521488137326203
0.6009773881096523 0.44638000293984037 0.6288667931091426 0.28611670174960036 0.48261350837129624
0.47360464514185563 0.019649691491511523 0.9065235928557877 0.6061580120398177 0.1703111054682459
0.6179321024419033 0.6363627013389475 0.8705412230877629 0.014525416627407806 0.8799455086184153
0.5378419123574129 0.7441517600500696 0.1572962496264203 0.2681553720836407 0.709112592268862
0.7186657991987456 0.45569665521482094 0.05674615607869049 0.20551738382888995 0.03692200266090451
0.6989142575503341 0.9521596694635823 0.2988915780196446 0.1240931962135472 0.7741676366874358
0.03684230626219165 0.4884234328921587 0.8758517596772225 0.07304435345748728 0.8805308510979788
0.8109012909578958 0.4281547839414447 0.9433177150728786 0.2141740788676214 0.35544822155067424
0.8629487748309965 0.8586268330917114 0.8129201018676872 0.40510387472136167 0.1260987479934249
0.8521050738628394 0.0003237502195811981 0.7377063830980792 0.09971356263339204 0.36431101357268214
0.8590246377680446 0.8280791072664756 0.009858303787356082 0.5148652873749079 0.08166862700659239
0.426121578376372 0.5566977688957326 0.4136204947943053 0.058121758498656195 0.18800180159527646
0.05414453186521517 0.8662500851210689 0.6574119649669959 0.6962938939012001 0.1463962503983277
0.10957594238574819 0.02632940274163642 0.4169468466808379 0.5002925350590801 0.28342563416450417
0.6371809175717673 0.09566476322001649 0.027280921288511117 0.20618065794056706 0.04194681652031351
0.9837224998458951 0.5324765409182383 0.21836373895541694 0.5002013868102004 0.1551953303303678
0.818357591644715 0.16035621647197096 0.012472780728330246 0.838399988347276 0.40685935345497204
0.762599602763339 0.5651586344627901 0.2786706801605623 0.5554082468477293 0.8018790092768265
0.6769776236880188 0.1699271066722282 0.014648829362845728 0.3783324700276426 0.26798568909835985
0.5617525709246414 0.14073820403779425 0.8217928706312215 0.3446178237283972 0.5801795742353006
0.016498899032051484 0.7275402613369418 0.44260650468655616 0.5952138431802999 0.6537521147976537
0.6339236971068601 0.23958813800175938 0.6734941605212951 0.34811534658289645 0.018721961883754745
0.42612499765313216 0.7762090182679726 0.13296354534143695 0.35916087096546456 0.7637436238844878
0.9222496640869209 0.9307578280605777 0.3358200746072787 0.409344580111469 0.6886895652040478
0.9102040079212805 0.27332423228242597 0.20940642929595654 0.8343433573931989 0.5486582486553883
0.7376632368617139 0.9966682473466548 0.25016129800464537 0.18548159259274655 0.2913879344566549
0.8630141410876065 0.33002260167906516 0.943561144577164 0.23622767842527825 0.33193906497954406
0.6535739010896797 0.17617744037735128 0.423462561398539 0.7588766391261963 0.49143742976369365
0.32534106358696957 0.44295685193285594 0.09241632863931704 0.0357952809090476 0.15211225541226148
0.01788437068708637 0.9146849455611379 0.13824333978976766 0.09161605270453699 0.82591033789388
0.4726840777163088 0.03528619848295045 0.943711862861862 0.4351847716972663 0.23407689816077093
0.9164635658418581 0.19712758182440338 0.5107538053096381 0.21646667792411822 0.8585061233275376
0.1295775905211789 0.7076991297000434 0.017250082531690247 0.8776848946138618 0.5762275051846142
0.6040600855674221 0.7470811437318865 0.27624045274851594 0.8866364257741902 0.03668649803109947
0.09316972085581499 0.9287953429502168 0.25447116980129925 0.7263711591182649 0.6838468867391935
0.11154730698161908 0.05081298213699359 0.24924714817793825 0.8557921551609406 0.7748344436889907
0.26302893259045623 0.35449680279029694 0.24737542853566796 0.29415668990118604 0.4833948002078031
0.6049091902734617 0.11293952840142563 0.03727425817538166 0.024195969031236997 0.2746343689982058
0.33913762479210907 0.9963752367164931 0.37485453911399647 0.0383575462440886 0.49956574586057745
0.8863647809129376 0.6887624285033767 0.19002960041886874 0.503597466367057 0.6965787519156376
0.4533144159830298 0.26623969332014463 0.45857402644574363 0.4827096264945867 0.3605106354491667
0.7189307474951739 0.6838545298310628 0.9152020418993195 0.2645664107875936 0.48107634359786744
0.15189388573677898 0.8284227449104383 0.2659081887710748 0.9195485533183416 0.6562153554077853
0.42320145507894036 0.2844097365010314 0.6584345336748867 0.5152420269019088 0.4304574961947677
0.13234983875625528 0.9678767370568976 0.21612306081132393 0.3695415207044752 0.3043880686397742
0.9317522164570547 0.323117359760826 0.3105309943140817 0.18863018925724662 0.5984833386074715
0.44428341630929824 0.16568541220347655 0.8752315765529081 0.6523492939405264 0.05087642471267273
0.33325208701076614 0.6700247461829922 0.014577717940602697 0.7386453882894588 0.948676134061345
0.5104406242511563 0.2596972995210287 0.32661352389086873 0.34300006775848224 0.0011443092373072394
0.6518104841471802 0.28596536571591313 0.285517843587202 0.5701244103420484 0.3961060399567008
0.7464069895638582 0.13739977855018148 0.13480838509829374 0.3657887320577322 0.42337806017910906
0.44887451393923505 0.719698801856256 0.4565681031636142 0.1561473832250202 0.2744450209819277
0.07344485352552466 0.35102834237564995 0.7175927090351465 0.20773728113483547 0.12508877657694628
0.8642882102612703 0.5964119448893774 0.7861423031810537 0.777962996292328 0.7156902784951286
0.8253045775404204 0.7780123218998409 0.7697846925686462 0.1272263050260456 0.5257090809091879
0.4856547380544438 0.7701498478967849 0.7267098757080003 0.5595694480523401 0.4855556856991041
0.4713486178129359 0.6282033428742819 0.898915016080325 0.7279102081183951 0.18381182156737175
0.9259073420334076 0.2620566790361172 0.9709387974793892 0.4780212944465635 0.4546363635568633
0.8707154254461843 0.9511537218446304 0.1214972640928832 0.12728204639139806 0.9717261547632944
0.27383292652088675 0.07243065851938923 0.4577727543790461 0.5159603910825687 0.8685648738815361
0.8864298391295676 0.36031149554132935 0.9657636094597204 0.637234264189962 0.37935421900608934
0.9014817433028537 0.08392264350067191 0.26376575210127484 0.7474630303863531 0.06607488330795153
0.37195183362321316 0.15671112196917214 0.873861688116511 0.9180788147268476 0.9752322023537799
0.9295868448426697 0.8189055112187281 0.600244840613157 0.9931991350084702 0.23860252848143926
0.8692037399401227 0.6202123375385659 0.9142466533607593 0.5447265602659646 0.21880372562993655
0.5054337689594972 0.9856498478725484 0.0394760617801424 0.6566677023096152 0.08327102133634234
0.9008961406152727 0.2081617046710308 0.49293094189569464 0.5495649829625028 0.7299985451846396
0.25499673877541096 0.14121568303656207 0.6700135297456025 0.243557228217679 0.28671496558797704
0.066709202190955 0.2952161067627658 0.691842258418823 0.13680095507273038 0.7051841044788046
0.9691678329603739 0.2962924856538537 0.7929958461213825 0.6820722579352377 0.364072737959219
0.5065902012053526 0.24315062076050709 0.16678558112670527 0.9992569171754565 0.6961848701868165
0.4816310158239039 0.4299024509506517 0.6898086091063992 0.7998353259580466 0.9488207131551182
0.17566841048466753 0.9245558957563311 0.11945585484644905 0.17233428707034626 0.1635714073849749
0.5656802983560814 0.7790992272093018 0.15014442382685622 0.38683866012453916 0.19865189337604594
0.6577364844698843 0.09491794425776712 0.2182755917293534 0.06385067269124067 0.560463182446674
0.5735305033804042 0.2983616704573514 0.8398874370939717 0.42254306698746824 0.8677691807998341
0.6065083223482639 0.27120627952489784 0.30348743893013685 0.01677860079007687 0.5675333576315195
0.15681335291549192 0.11558800779806189 0.24131606153542262 0.20388349749912693 0.5620189518751932
0.9734932391420512 0.7844716427469902 0.8489475083597703 0.6975952374848579 0.6333564919432868
0.5507508470315947 0.4789019652909311 0.38509354423259323 0.4986621980098762 0.7184290416466859
0.2354092253240877 0.25397742531090406 0.5875607362797065 0.6071923638040874 0.9198396690898467
0.07864327423441442 0.1265625843823559 0.4823429339846418 0.9525596152110151 0.9294841838010137
0.19907993373094468 0.011565158215197324 0.012163898387069216 0.39670834185736714 0.9543257005619834
0.8334585044569963 0.35971591668174974 0.8465191009960915 0.35713720459620546 0.2910980379005065
0.020278335389526947 0.778533393515218 0.596400066868009 0.28191607427165777 0.9477448787953752
0.6352141895362495 0.4408440090850638 0.44374203267659607 0.6159401996401991 0.8948574787467058
0.8253934546624047 0.004393585888403773 0.5257867711179944 0.27828023230669463 0.09871407214944561
0.2534677424973337 0.19172494407648555 0.9392835271659206 0.873539912617779 0.44238345793073575
0.8375424525272378 0.08886530586665176 0.5468220163805426 0.6443210248159205 0.9201626042942226
0.10043749902748234 0.29040943779960915 0.7564170156373995 0.8245898399125252 0.42504809553145284
0.5362997538611172 0.5464709676661434 0.846185480819484 0.7857697348865955 0.2678207790445314
0.7100671238581033 0.1350083930570577 0.8994539274699064 0.676281995734222 0.2121950847611912
0.2275420821364944 0.8024425389258222 0.30502631756400134 0.3224030992719188 0.31174456762785785
0.12764765837556336 0.35402526043565763 0.9312181586959313 0.31432627304474137 0.32170930158809796
0.05797932257657146 0.9462806968557056 0.13807015474799478 0.025966343840022832 0.31770281613297147
0.6918757008119155 0.9099100093801497 0.6416738903228209 0.4303681050342305 0.1992476014624216
0.3303795644536175 0.6156861413571034 0.14054121492604688 0.7934289371211697 0.008038240958564535
0.06907082558913702 0.05414449618098194 0.9675683106384001 0.3618320061614876 0.06911791322359795
0.2977850736216837 0.9870155449268997 0.8102017440101326 0.28920517368561205 0.23018201776996883
0.6319915998252191 0.4183682862061684 0.38202319257042494 0.9513080493999686 0.9036776180926755
0.7331367926320109 0.7199976095975533 0.723652196732566 0.928903179855862 0.7062531794548511
0.20297074325128817 0.07855635094682933 0.24814498363410264 0.10493928601914071 0.5199822738872096
0.384200255029868 0.7328345646050651 0.6164501366754712 0.1245150851583885 0.2179360576903575
0.5364601031533118 0.5179533393241937 0.5454429289311712 0.3289642432964027 0.7307209905207284
0.8814483994075899 0.9508752015189252 0.11075100305906338 0.9498475133095209 0.5062930499327418
0.11430668367012975 0.9952492713360466 0.18301083925684647 0.40728006660547356 0.6454614446567071
0.8645169712701598 0.5131013665452255 0.8327676199470684 0.6792863286842435 0.010599741292247722
0.11663581930236377 0.9302510195573681 0.85968329133004 0.4267037492399176 0.6816653651241378
0.25763147534712383 0.30443404646164596 0.5157872708922274 0.9284096361818731 0.8211794575586114
0.9186527730316086 0.43558641834656797 0.23547484846259492 0.5226817521831372 0.626614736622848
0.9519002861245781 0.2949561599351145 0.8915746145942507 0.5493881239552872 0.2085740042976011
0.9834803924727535 0.7474041230288263 0.38562946900351214 0.9659036151117191 0.6472763351133143
0.303935937066821 0.11856604111514912 0.523003108273437 0.46498974634153134 0.8604264373502668
0.4640632849699574 0.9005622024427119 0.5118332369555784 0.3628186693022054 0.8497609550121137
0.5161423437912492 0.7013638704149042 0.11356014150224802 0.9263528018929041 0.7056689743766469
0.17778712238118755 0.011831240131407794 0.15755143628547286 0.36904840758976043 0.5268384790824803
0.4598714107051227 0.8368303166132989 0.810648532998839 0.0653604376682837 0.4601758856180047
0.3777580490996799 0.10935696282617247 0.4275228259201366 0.672606098028813 0.7258775600826339
0.49537346052516706 0.8998770207918966 0.5030223540537144 0.15248487044751746 0.04885467143805888
0.13582274289117624 0.17127898230942273 0.06836253596800146 0.9120425263405033 0.674306423388827
0.14276596014912224 0.6328710973693735 0.7245013690059607 0.2795242544725177 0.4655880156072729
0.08017465378913957 0.9986374190644018 0.03651085991673486 0.84556169999825 0.2992615496426304
0.353316128415364 0.6244320689794965 0.7050011363512527 0.9236595403090935 0.23770660000432386
0.5230313009150978 0.7041700367279313 0.7889424698839239 0.39199819521275525 0.6757437006679048
0.12278120144133631 0.910717573467436 0.36725870576977393 0.9020857127673947 0.5885373373983528
0.4468436213485685 0.43651772714023174 0.14408353067342117 0.9529589182827625 0.8606427439043706
0.9623199216841564 0.47259863158165394 0.706889939395507 0.19681687078842147 0.7882430452413727
0.28230943280251575 0.09502995257802571 0.9828128625171092 0.9307863730194279 0.6009510553035865
0.9012590380761257 0.61215353606997 0.696790123198277 0.598196389368903 0.48357202829501544
0.5920924441810883 0.9265365161129177 0.14882696250700955 0.45451763694398273 0.6185203475869568
0.4613912352016132 0.10516318002752145 0.8437775787867983 0.92159442247098 0.542303524744911
0.4226919182887905 0.7175931578438937 0.7639718872769314 0.7772688820873449 0.7535866303839694
0.8523741286007502 0.7313826939754282 0.9488500749465889 0.5883113953884627 0.4796930262240655
0.5125271888144781 0.3989129904326777 0.2950406410194194 0.9563479331806202 0.45918539835628613
0.5811066698594867 0.7094175855278726 0.25012622179846833 0.7895340057646657 0.6745861146327526
0.34433941724508943 0.8846551147826699 0.8983268430186103 0.3786124234899201 0.18581956176032344
0.18552074587937029 0.2888286404941326 0.8590865220802998 0.8596626704298699 0.10820047918125064
0.7239472027523464 0.8113943314027192 0.9547552335289318 0.8121613618613596 0.8140402569750693
0.9018393018376237 0.1887533610390023 0.008448369977066106 0.14660470477030274 0.7242863746860306
0.5158832330618149 0.114053660612778 0.382498727913119 0.698797414612199 0.3391346706225672
0.4723360093334945 0.7616891844750749 0.6289513543719816 0.7399894301190865 0.9855596412217933
0.4530187200113893 0.3000752150911433 0.5782943649326495 0.9243151558502795 0.20012429611039262
0.2599410260777999 0.6165835448309227 0.4789892655878504 0.6152768523698243 0.9039503082961858
0.4992463314981288 0.16548903532908232 0.44794613074764844 0.8930561708119293 0.850950945855947
0.5014407384944907 0.5286128168841416 0.20674799800179755 0.9833610894862314 0.9297777990529479
0.6439706159208047 0.9452639751825772 0.641781143171526 0.7147552837142878 0.7293812038417288
0.20996789601196897 0.8969734725817385 0.33240597271494476 0.25947153389088884 0.05871263257617687
0.6879282931715581 0.20144025439765 0.9746610397493848 0.3535670100059648 0.3660099548600706
0.8512499410183201 0.5007507563000729 0.37126377928996634 0.6940547960482751 0.760044301020189
0.15285756884457813 0.7953296642319323 0.31352716979845097 0.9747747585465782 0.6680206774630219
0.9624609442989186 0.7661523536138419 0.8354075583648021 0.1976748089896484 0.017811738656191234
0.5646613844734442 0.6378003022118894 0.38923971198947827 0.983340857450632 0.7909230514743572
0.7775025763527778 0.21482881811950383 0.15365971093549058 0.25192968725692155 0.9598215584293464
0.13684168935130325 0.46625178741931284 0.5063812120988104 0.6744090324336036 0.8178346385190867
0.9338711053415144 0.10175684291154186 0.9388603158736945 0.28444995200179135 0.9366990368893614
0.9083541174732018 0.11096028077673692 0.6201543013058344 0.7717099436109387 0.016833393403029806
0.35861069018392155 0.8403110889225709 0.1715722327884487 0.3401436595458994 0.7327471108712916
0.7502034731146574 0.9105038458427209 0.5548726298662324 0.1523496626524431 0.5378300450406467
0.35440442535645245 0.5622991597513805 0.32576877575514573 0.8613022228606819 0.7698387194948622
0.6916739826380239 0.8124756819280132 0.6611596755804001 0.022104979490707333 0.08520212613233791
0.014837566911065414 0.671789740552722 0.8255103836884198 0.2913994923127836 0.8780056733549837
0.8928438180729805 0.868691598211443 0.5359331349103067 0.6394768465836842 0.3647790791237562
0.9067606776822661 0.15859183558916268 0.7329427165621155 0.8376062681597769 0.7446561349973506
0.7472439110181033 0.014321090319210916 0.06439538382834586 0.7961484898094385 0.32754899774029733
0.6603338395246595 0.6699736030728464 0.27434396200119426 0.3575927888232886 0.7211504577437806
0.2739010058986594 0.9805170579828589 0.2784548843410579 0.3635224431946127 0.8437612959906204
0.30149606230603776 0.19122259184736068 0.7916498094521667 0.4445303640481705 0.16599487147669445
0.7307299363101388 0.6848054080001285 0.8392637145516635 0.06421353826408482 0.48882352847015853
0.8207305591922962 0.31050765171054595 0.23394175831676056 0.803299472937065 0.20928002233109166
0.4789555373374611 0.5384611406537042 0.10176506874289415 0.8818440422429228 0.224277569553467
0.2898258122805246 0.5121175743920017 0.1972672669476525 0.28012867119985074 0.1627455454766913
0.24797314123932046 0.8458105940732056 0.6739479705798921 0.4468367585289832 0.9188774249129307
0.6896000461619296 0.7051917206187117 0.899445416572099 0.15963273224988173 0.8544042127281316
0.1563423736066838 0.3611673599502454 0.503782024096246 0.030745458446177265 0.043882780357590634
0.16416099787469707 0.6918250269480941 0.6199921429626395 0.7601177130161202 0.6692022075113545
0.24495571421073714 0.1251547482226023 0.45568469617785323 0.23418672076150082 0.3346857501761956
0.5336403822805491 0.75143420089885 0.9045278599668767 0.7595312019927591 0.880311459065533
0.28034021274719423 0.04792728683078873 0.9253901426969405 0.7357915728833069 0.5216997800949469
0.6613758352188348 0.7122794212595027 0.08317290402121791 0.9007538559442845 0.6193240041421804
0.9037399613956234 0.5642276557306454 0.8645297175149406 0.7287676287993254 0.9546358806424227
0.7084847695475277 0.43003836753677427 0.9130443438623647 0.8316627475113586 0.8267227887110464
0.03876425187119903 0.19273102681249543 0.20985821038409214 0.16221844310687505 0.5938152977383112
0.06072852254033623 0.7486165839581626 0.3491667049100402 0.9202436984111773 0.06332967832789105
0.690400694742193 0.4968143338048806 0.023953485693181897 0.1706162823169024 0.27844306236469196
0.12822433291306023 0.8376918886670108 0.23146937838185733 0.11282482827328377 0.7765465048123823
0.4027347165386662 0.8098336599684015 0.7524553418088931 0.30204102969347113 0.5694439255795245
0.27830964533409497 0.22016072850483703 0.8644965319543344 0.10638725259791182 0.2630342492766884
0.7943150524768291 0.4454095738731618 0.19818620927446662 0.850242053884743 0.21971379434070482
0.18925597300373198 0.9500750893124175 0.5970453186855733 0.9867029003051248 0.6873128523527713
0.31498569195412207 0.16009957403560504 0.06457853826558657 0.587763068381789 0.36725372110401167
0.03306533281099133 0.35192648739973675 0.3464149152828033 0.29291417376896167 0.08925969639654929
0.16649997515103143 0.8755551334087107 0.25618584877155803 0.08889621776467094 0.9729739426343932
0.46123042910971346 0.23956129640453672 0.029101057059259694 0.8363889989987902 0.8305051447635151
0.3135134915877906 0.1773807305618751 0.4774254849280083 0.029507761156046586 0.7462608921103429
0.5728223463400949 0.38238754431944466 0.8583585128921907 0.6479992290857614 0.005207068666509773
0.3090086420691055 0.6471045014777107 0.2867580764758886 0.8876353489593953 0.0861157993770989
0.7976178846534109 0.394665611424462 0.5388040034440225 0.6301891722903443 0.3332636003297169
0.5554246570501026 0.17012470785387845 0.31926674381564657 0.11790953665240544 0.23245048702707516
0.2594727272763435 0.3375751944419778 0.9588903584718039 0.019604327988403836 0.2854566192681919
0.008454710720503078 0.9709263734122477 0.09135637835265176 0.3396388482487339 0.503260755541836
0.8849396806688831 0.7070943944070464 0.6709313019825117 0.8289048611855139 0.611443377648078
0.6717123860763299 0.8234513617783417 0.9990614830688977 0.11616011660343417 0.4909205755087216
0.6116708879361307 0.8803054560172089 0.5355738394377216 0.2304934493326738 0.4689452670712947
0.6791672297133837 0.835971974033407 0.7199011360579054 0.48339033320368885 0.6856456870423453
0.46983197113023245 0.6519650029021408 0.6107472672001036 0.34933695062940107 0.41276197997348407
0.6255009347611947 0.1853275526312167 0.015068867715923528 0.8686414642002457 0.19253592929133412
0.7315710045318677 0.10610900364542908 0.42764608937508186 0.7686914927195282 0.2690839092001194
0.7868467218573632 0.3001785923076762 0.6535503509409432 0.2263759671816291 0.27663927370114527
0.21006209257583053 0.8205845493443141 0.2199573346067687 0.018630030664054886 0.41378550913353607
0.3750252991631928 0.09680391867138083 0.515199961741679 0.4842845168019885 0.9173750493688411
0.42333076230927136 0.5147112896863248 0.4038225638878342 0.14099460826309174 0.28941926130520734
0.9013036311783482 0.8142621213281577 0.7994496142207969 0.04942634985603089 0.970102310848462
0.25611604324956083 0.1609939302532738 0.6521609974740663 0.905738758871892 0.9127661651639701
0.37524615805592276 0.6849553139057565 0.44547126962944783 0.7810000188204717 0.0512932930212171
0.3564576531445519 0.21463744124064665 0.8730480442324355 0.2549975531746571 0.6623358879515887
0.884481616484631 0.8988407090907377 0.37842405737789353 0.7041753214206506 0.6321115498627333
0.9071700680136295 0.7972675832758044 0.8386424127528087 0.7666639911555189 0.42055187624575496
0.11754161523492124 0.7216078127823865 0.4783561102646213 0.778657513559054 0.7168321756995127
0.3511373429592649 0.07152059097296692 0.4416648491220049 0.6853438193137122 0.0561515283298154
0.9207839146959809 0.8583931910949338 0.2025698853927782 0.9310168065049558 0.3545653356024481
0.9472689758140532 0.05921625808435316 0.8110917972575229 0.7116155288251239 0.3315681033210143
0.5578566569662796 0.9993338424254284 0.9970454362792468 0.2486493737034129 0.30366928048573183
0.28749018704532825 0.19124860233545793 0.49303890199027733 0.08085675897743405 0.35624550238497876
0.13441693788369458 0.3461141001610628 0.48808293071608877 0.10733460790431226 0.19037770948769517
0.874810026702867 0.8834371357895207 0.8714149735824047 0.0749091072133865 0.10938029281825934
0.03817319587563239 0.11581194459352906 0.5684029005146365 0.13218054106908272 0.05011721846004091
0.6807268672291102 0.5933457504589693 0.7792310412627715 0.42431507302607396 0.9719618275938581
0.10014372117286863 0.632107877051722 0.4635930357037037 0.4697836174720552 0.12112827107055668
0.4081638892758539 0.8392477998802003 0.348626272422387 0.3509796334659038 0.486403422687524
0.3157479711193495 0.4991740393525157 0.05589050479906055 0.6828611829397987 0.1954342792811763
0.0007130871704483788 0.027641390898124674 0.44930470969706826 0.1673513218239574 0.5492072920373915
0.4450041160964957 0.9225258703344662 0.4661330570415262 0.6471885236699225 0.17185496893737717
0.8814812317362416 0.4885700678206577 0.5475749498944746 0.1654593707746761 0.18525093033160234
0.15130448458519685 0.42450218101940584 0.0805235193047017 0.31313410697916033 0.706841065954519
0.6676806793166413 0.9329740980023313 0.8366769155164928 0.0644478250705326 0.9364446625291825
0.6185025528485438 0.8881388787038957 0.053354511450615316 0.09428470329877126 0.9149273018457923
0.18713156007757448 0.5104187258586317 0.7404547897037447 0.5089460331252332 0.9337286160832367
0.05841120074390216 0.2605519530786169 0.804423018971868 0.5495032538741746 0.47842674990364664
0.8448363531283171 0.31823729380400734 0.16236192564625307 0.08132816316364722 0.9211253937160706
0.5298343793356307 0.857271722730473 0.10938574967160608 0.010730302337072506 0.09604332009356065
0.10164162616418393 0.6532306617475938 0.08324944105247267 0.7192787675315557 0.853144406896982
0.4539419630482907 0.11812569258323757 0.4737373461738128 0.627308364159318 0.13413046211662083
0.07336795152271158 0.2808945334154215 0.5317701171071719 0.37049831889699836 0.7967000658623089
0.9599290502995573 0.07639296497180281 0.6053773890656735 0.39240647298660014 0.4697238033235508
0.8547539048969468 0.1967634701530474 0.7238073799751883 0.37299802134259663 0.09029808831971176
0.3976856307648007 0.020369952284168713 0.11332279435797932 0.8554110740953581 0.8098460913636114
0.8574280526575991 0.9963145640167104 0.27346329152182935 0.23959731832896003 0.08962995891208425
0.5227344815929603 0.18357527601368595 0.19020557434232743 0.5261759460444897 0.9326646919889463
0.5741378778220395 0.0651455711025769 0.13426400823467732 0.10006023671622544 0.2619081192301397
0.34147762263109593 0.2493522660183175 0.5606203129140902 0.4707392294648258 0.531060371619037
0.858176880598781 0.9842062461454145 0.524452397013117 0.3678398349714599 0.07186287229996213
0.7650703592109795 0.4863533213963884 0.787630494260651 0.5032395911556307 0.3331605126602194
0.9136557084492631 0.6884701075986802 0.5962823048882648 0.4230071705515773 0.6494615595832578
0.6468357589449582 0.8683880839485582 0.38168948980929696 0.43613731182163396 0.10447032913387999
0.34526510625023044 0.09514417835338274 0.018248368928035053 0.8184573103601371 0.08018088559033398
0.6850061199441473 0.10024028826021891 0.21292806461937397 0.11589117145574668 0.060690313613523506
0.06218090385198749 0.14373692384430337 0.9292998138917468 0.8726191330211353 0.7864925004239366
0.24115379433667117 0.5928167371161305 0.7130847448128648 0.9038386548218448 0.4189066327773264
0.43360889198030694 0.2400119261115481 0.5399666603787253 0.2769024063767497 0.7806023304553188
0.8291068629124482 0.15788566672467252 0.19344681267323116 0.4045570462396626 0.2986113565912173
0.6597716561498775 0.2201242072159041 0.8706285108057107 0.4033563942845836 0.4744351531063695
0.4275459136955748 0.941664071274671 0.27650321083592155 0.7896859262413639 0.7212242233027801
0.6492788455385188 0.3962468267356284 0.5099713506428316 0.625300514127221 0.1273093028383363
0.7685454377090122 0.22184017872613193 0.110273104949557 0.939693301899967 0.8482587868669481
0.9092088967665806 0.38363852192301473 0.0598781543141802 0.037793036641259437 0.672877580193629
0.10804835427126769 0.1868737633566081 0.6773042829602064 0.2834780779354259 0.7891214159725463
0.5713145330638706 0.2983639566947959 0.7515177147758306 0.11904047302612042 0.011866609383509141
0.624477956744183 0.3371143851344003 0.7343757399476939 0.780353003137883 0.7605437597351632
0.9280869422094227 0.1016269239563683 0.40549869495513835 0.6838928984896062 0.10196458816950438
0.024346835720440718 0.7038118750662959 0.24828422362515068 0.02089385043150771 0.8101463315466725
0.48053388307735023 0.19393160541880616 0.44894954406742127 0.04132914981649416 0.9559334796618604
0.8575681913111017 0.46049955047025304 0.9647897752797163 0.8717470187077025 0.8025099202618305
0.4599413450868246 0.4232730150939825 0.39010078312954 0.771964282329164 0.46166764299635643
0.1448395212708713 0.8597118628637458 0.5924308666805781 0.32284373702934754 0.5980696937395482
0.31892822240209584 0.04093228820195116 0.9730713784175433 0.5879978374900552 0.8894707627211782
0.24808226179416182 0.7199586865376995 0.16682754607195227 0.5120010386478346 0.8530421972743862
0.263925296092667 0.31915599282701757 0.2633702760140567 0.19714788503590075 0.6625448053753228
0.6071393605544393 0.8602033095243723 0.9117768811365968 0.6670579699780746 0.8064081480688189
0.3276721466434701 0.7731311987337254 0.4116940033776385 0.6548623343811795 0.8831388601302905
0.7417906514723914 0.9501480307961361 0.006955830840767119 0.7339262404490392 0.9574792813874814
0.6075181064493439 0.5817319507407941 0.8000598486597604 0.0058417072301029105 0.37720962937671765
0.883872862754508 0.7160493383978328 0.6969166010646872 0.194518514452803 0.6968971580483604
0.5035602138798764 0.4198756129099075 0.3118639431205964 0.7837098708029703 0.5237164901401629
0.7640383225315801 0.09609057405378907 0.8754113761245202 0.32433410453802636 0.9735748915611451
0.5417891571794827 0.6187506550398226 0.7426226373766317 0.9824061802571246 0.6494655246766444
0.3802203601265679 0.18914549633516442 0.4705860574392007 0.6285330659999915 0.5457969339178332
0.916607735597587 0.054647826535061284 0.5400830217775389 0.4873609126875206 0.5570634887072023
0.19932150603544363 0.03224955212779723 0.9249478269189501 0.11183073165120694 0.015969708135826433
0.729843270661264 0.5176239107290933 0.4112138327764131 0.9728186451817087 0.5621391873351823
0.5871831294470162 0.3637203557387725 0.4597376053814627 0.10019693052693734 0.8350393405878017
0.5934760759044824 0.70288606696205 0.8951557981703903 0.6227832248304179 0.5861801347956842
0.27849805868656896 0.6371632627610324 0.876618701624597 0.7259627326731044 0.9898313497875718
0.9478110264849534 0.02776561867626326 0.2609425039642429 0.5390313030677074 0.5485417503387979
0.7808959621551996 0.08237386848546846 0.9706444881659878 0.6616767796845103 0.6527628878119778
0.3690805315702125 0.5789106237168916 0.25424227522123344 0.2651757044150893 0.06874749476389919
0.05996822205949037 0.8625088817790085 0.9956790708335669 0.3172000221775191 0.9411554866414064
0.3006345306542365 0.9121482589194525 0.07246376492352569 0.2353447362338137 0.7612938472739098
0.7971312003288866 0.5273068612410409 0.7713627486322581 0.36029273187029764 0.47377096814040753
0.002336253740247596 0.10445965619886921 0.7033940296819361 0.5624414765035824 0.8428499791556707
0.6767681481520464 0.7726162283109484 0.09616307298900117 0.460908673197029 0.3240455509105543
0.9593514577002417 0.8382211900129382 0.2726532733530044 0.880852133692051 0.6325183762003865
0.8845161346298365 0.22236327339276063 0.08713225204378361 0.08353380426003765 0.3880087416324922
0.2164956679170864 0.07467400024160986 0.9807915999268162 0.08477585026112633 0.8948480426060286
0.9085999754903531 0.5916363789956935 0.7000131193608431 0.3087618288827003 0.8310781361188989
0.36414532340922 0.393758360577247 0.7936571185710105 0.10440668872482883 0.5774787463242461
0.5684734634379104 0.22248733278105048 0.4486029081655041 0.24112729827371637 0.5879694581258763
0.1283954419134652 0.017495048420989368 0.2129122967743432 0.09213490391662627 0.25731166460337807
0.8110760734019958 0.9507589652657052 0.6162867785716419 0.7265130083257131 0.7079009949212864
0.49624866522979727 0.473410397453664 0.4397519544701224 0.6238135516188933 0.589066610799098
0.07554440482440739 0.8584691865725753 0.29790714999789614 0.3818971662062792 0.8155872478969037
0.5047126231578911 0.17785566331555946 0.5165277739828994 0.8084382596243486 0.9482741149240819
0.9857599686200698 0.9801729619556709 0.3751773528483594 0.15888728159946008 0.023854851829208656
0.1046398245004827 0.44630686668656094 0.45410085532814015 0.5839245327249889 0.13289847379807085
0.5394260086099943 0.19824486297757016 0.046032541740546384 0.6144777606600089 0.2221839187668958
0.3754949722567805 0.8537831280984077 0.8488029903504454 0.6590001243474479 0.3949455031708995
0.1846072051699763 0.56475649873477 0.09474099392568347 0.4549025314175048 0.5706436734178489
0.638697895815076 0.45988604556685986 0.32834627219947077 0.7427819613705496 0.8055740334009318
0.00030838405450228645 0.619399054128481 0.19862872072369142 0.8413768781966211 0.8268495229281102
0.01634575195872212 0.9435859140643467 0.6382469881061095 0.3729430584514869 0.32498806181894124
0.1465743355348642 0.9465721543510549 0.004136495679059826 0.5615062976339965 0.9884460421536907
0.36064237866391613 0.4271308672229227 0.09919958571373222 0.4398174518048603 0.5759615138230937
0.05434667344801691 0.6460602259728309 0.8042997279208081 0.15361762658831069 0.3628183554110108
0.4777540044767892 0.1948383775029532 0.8635720501932928 0.10634998716894373 0.061249863023989715
0.16628284559820383 0.43243048996100875 0.24021076562843524 0.9935823639422883 0.6141782736808467
0.08106985399868571 0.4927203068154724 0.7141800084581503 0.553136855520454 0.30179267761613293
0.6894920062246657 0.19365934950836639 0.44462372937328654 0.30473131764421757 0.4615460894156206
0.5201026025036356 0.2717965097337045 0.630261715070166 0.006892013796107599 0.024848675416417998
0.8229388931009044 0.8742019562913826 0.31971151652043417 0.9162290324836806 0.5279043538205528
0.9763813936762493 0.10057790661359234 0.22163252022138769 0.2556915925789123 0.7091656866418574
0.07493154851280037 0.6775760828609385 0.02775110045718754 0.22051546308373438 0.5887641506070608
0.6445434979162552 0.4139389566188878 0.9222182891514765 0.3003783889794881 0.39561694659224034
0.4102470388628725 0.5374754951553136 0.06880673672647475 0.4140174485400624 0.1598736521719446
0.7894480155402485 0.07845637805486916 0.7230178636065492 0.2013612261120814 0.7644778322317871
0.5980584500840319 0.8905161744073713 0.9928845851677475 0.4225820954042834 0.07448581645251895
0.6163595193774664 0.8969816297251655 0.20760863919484285 0.0034078524881617778 0.356594889511173
0.7548948123180967 0.5100652716072088 0.0010983335855067056 0.8365078784986935 0.7089866013049366
0.5852777209471115 0.7397189375232411 0.6517025755745258 0.33569989145565193 0.9928992187739728
0.9191735912078797 0.04394109127896051 0.03814022909439119 0.10427067321276029 0.5552266741611187
0.4933777918393849 0.33619221842701397 0.07474214841372606 0.26246016857723287 0.4775590641735139
0.8068498770119746 0.8913582456409276 0.19283929879149686 0.3999979205040546 0.205120097059026
0.6013094530941507 0.6295494704607572 0.2738609350829745 0.7569003767104936 0.9147104382091171
0.47520236462173027 0.5517124669507723 0.32157427114019177 0.4971567971388656 0.5578309393145714
0.44864977451505783 0.29618856829222817 0.804257188053907 0.13657601112831352 0.6212014338352067
0.13033768785181254 0.6069186092998833 0.9786652561228667 0.9234237085972576 0.942311740348318
0.8407371624303175 0.5169495336061518 0.6822510416366574 0.6298058910950434 0.6891433720829881
0.8551262682758947 0.21159634052271503 0.8972814896976006 0.014518059705976416 0.506224338377892
0.17284711034706968 0.2614787603722144 0.15296190747700888 0.8581239280930415 0.14192486903519508
0.6031033363504988 0.16909877939633322 0.01145413303805709 0.37898721202543995 0.5176333382283074
0.9241127544484105 0.900831099321074 0.9777775582497529 0.7428173467176895 0.7904305376580091
0.1985366295804687 0.7754220829203519 0.3830562002005913 0.7854548437844939 0.15466737118272977
0.6053640773529656 0.7333567981125615 0.44732387500440196 0.8552031640824654 0.8959805594977255
0.768227667500412 0.976287860962932 0.3489310497636522 0.38271716769385766 0.8186749715510231
0.3489289005638041 0.78838656952213 0.3821343273511275 0.7423309038606717 0.8502473298766342
0.38333659378704343 0.34831880939098747 0.1184891976109883 0.7702010242934985 0.5492031798338813
0.9664807313681695 0.5581653692537532 0.2875919274887717 0.3038046379698708 0.10617925822399876
0.12872313255252976 0.6994841628948892 0.2339290512077533 0.02556775730758254 0.51089229141257
0.5373463315165552 0.8481986067659606 0.6596855184374522 0.6565587407495949 0.7457291376079924
0.12170387695438711 0.5294699692729444 0.7253666711187176 0.14541274413285998 0.15111818137109023
0.16223723996370965 0.040284575314318394 0.21669920011939747 0.23303491378685282 0.18580757965193817
0.2773144928754254 0.5862398148627151 0.8964564479333892 0.6553689347752054 0.1460894824866822
0.020537694380976523 0.9568952348501416 0.13341658747927687 0.47537200006243363 0.5195307488757928
0.39957709511379236 0.4331980553957745 0.6556549317372482 0.8679191126985288 0.9363376672147002
0.9697395215465076 0.7569812392472257 0.8110177977419878 0.97585234503815 0.37165426344517327
0.415232469156556 0.5718736476911644 0.5281929141510991 0.37658138516603945 0.24263558209947478
0.2624372475305792 0.8531695527028722 0.037471606955671644 0.7272583005930096 0.8086993645715043
0.6233684023869963 0.5389808928136594 0.7793853713023624 0.09314410204202106 0.750436103053333
0.6909822115501474 0.0795912330128623 0.24603140727615247 0.09153392181109954 0.29788246970070364
0.11926508799483426 0.13993847031788498 0.23109736572884332 0.07843193086331102 0.45468331223400515
0.25162555606755443 0.13968236015332902 0.521744568207633 0.7623242666211291 0.3457701124521685
0.0842493960447549 0.1614619050425421 0.053968292213132374 0.5083489413948188 0.871222671197987
0.6334002958069432 0.17287122872896188 0.48862353609840603 0.36152177784289397 0.12239539426278312
0.6269189407971655 0.12625433682639975 0.38674050412523964 0.1951230335447407 0.6161375290884571
0.5207681400476584 0.9451948538998993 0.8735939069981947 0.7828031033486784 0.06665495372935692
0.8951716165433136 0.7578748125839425 0.6835539721898894 0.265715573798742 0.5313285829859612
0.019507940705387306 0.21884185802572964 0.09104993897609392 0.5506320641692134 0.21310937550753029
0.6775016477042454 0.3256711784559445 0.26468842407781157 0.4232146812199368 0.4446179235767286
0.9008783430127493 0.45320792207292315 0.2748628573739046 0.00673791499362808 0.45275496550304006
0.477533749145702 0.7608342223591379 0.4814855938892829 0.310450741008523 0.6885162805522063
0.7887583069650864 0.8444883905823889 0.12662950609610502 0.03481970142220958 0.9121615622849507
0.19511245570653446 0.8847647223214389 0.8387383215175876 0.829001656073779 0.31037711091441744
0.733702877587602 0.8382754571412275 0.4004039906211616 0.646823363414134 0.47953874423809895
0.09324546904639719 0.8689889625895765 0.06475162850712646 0.39735978595380683 0.9068504698035423
0.17913890211357275 0.5955063153431011 0.5458516733183945 0.9006604759063622 0.7550429709112789
0.40546648435750965 0.41997467685746803 0.005274775099992857 0.05197056588934024 0.3039024208606147
0.9045111253050342 0.23039321344309371 0.7227069047880623 0.6412612169438939 0.9925512473319452
0.2003468831140578 0.16228242491478928 0.6620271579624369 0.3092521416186027 0.31149120915641515
0.8955276555250112 0.555881537765979 0.819574406714776 0.5677236187124222 0.5303891316684797
0.022365026918333752 0.7977397579533342 0.9536286277588224 0.5810618877458612 0.24007216899090356
0.47954748833858596 0.2885641931484403 0.4767732709633662 0.4292310362900983 0.9261135579225688
0.6797935425216911 0.7944514142998915 0.9699893736833285 0.6754422463061359 0.8460571962657619
0.5080124580900258 0.13820063516338388 0.3333866782557847 0.5709709147306674 0.5319186801550454
0.3067234745344801 0.09123010375672291 0.6544483826398847 0.28915642478599735 0.9310973334111011
0.7724999869155239 0.7344864080983715 0.07544304795807177 0.010815487751009711 0.8815782133416086
0.969787974967692 0.4666292343372278 0.4730194828653763 0.9529830375594215 0.6081611815013183
0.2821617172044325 0.8505502149248964 0.9028253569697656 0.5247591171286303 0.9382621462755883
0.9210603557591921 0.33380393561041954 0.6172504781693305 0.9072262977626795 0.7625146086892016
0.37951875360378484 0.4816818176740817 0.784478608949263 0.971567580553268 0.48165060423097616
0.9325079175669869 0.9987706001884442 0.709879858259685 0.03971226885248791 0.739409629603679
0.3309957637341415 0.19318111184055697 0.9706380600805432 0.25483518549486395 0.03218822332583904
0.5673548328986163 0.7109583350083241 0.6196414885243031 0.08122437247509029 0.20687204253342983
0.39709287822224415 0.2287406730412873 0.2882881793340254 0.6907046367733254 0.9117467328842565
0.6596440096266089 0.9929135922076964 0.21067198527335163 0.8579867333423693 0.8574705725732061
0.7350946273164234 0.4735708386058346 0.6626470032856189 0.13974335623159828 0.7691426889503716
0.9079789294798036 0.19087918343774368 0.08119868109048567 0.23358503669954533 0.845036440707584
0.15064421681827345 0.6827018658252669 0.8713516930825177 0.19760027713251516 0.7665359292384337
0.3661395246345106 0.9035012521266108 0.8324833429286569 0.9143989875979582 0.6414020014327642
0.9579889357243716 0.2072395164399009 0.9956658306980627 0.5751028978378274 0.21799516004966912
0.7257761346864738 0.8322275394773924 0.6861471482640804 0.6771205922218557 0.25164277488672393
0.6832590805676965 0.8449622624546999 0.5320183861342384 0.6379278865827559 0.9982625564720813
0.35466106226288985 0.2674559434912026 0.9558398540825325 0.4039335790305395 0.8294891187582677
0.16390804327436126 0.9939468658327381 0.9090427301867973 0.026716352117765907 0.5630124445645106
0.2776205472645783 0.8389204806823121 0.04734788247289412 0.14890881052984084 0.6393735379722023
0.18268299676466926 0.12841363139172468 0.4680635711375928 0.7507246496247244 0.4992508943276578
0.5763041347264963 0.2152298404819626 0.4179591361920285 0.5065256695647554 0.3668831046743345
0.17449975468088164 0.3463296659907902 0.5300627320223327 0.912024606495559 0.3439521977141077
0.3707008284233597 0.45991120432253907 0.6358861148794565 0.9051453723439117 0.09914740387447996
0.15244172807390644 0.36193396314396864 0.4521486818766932 0.18539199501201475 0.16726458293214053
0.7610690108564284 0.34563014729528696 0.18843749358275474 0.03912007944482487 0.15789608754234952
0.40144600313705714 0.15237401819654772 0.9333340566117398 0.6042841983534852 0.6948617133289005
0.6905076142560115 0.722351898028732 0.1709239363240458 0.1797382807591924 0.3355610180398807
0.9554034962252645 0.9348894761252264 0.42159179341472675 0.31911074582931065 0.7233207773471135
0.01572328749547136 0.7820275473632128 0.5538901643278514 0.24295935553846282 0.8547204633904123
0.022938746316697456 0.24785965201758942 0.9397292339427181 0.552219860088622 0.4667900912106393
0.347313710406819 0.9301352952074196 0.5297027142288652 0.4174982445290004 0.3253100551278344
0.4403456987115184 0.5220718049286132 0.9707132851172464 0.9396497245773008 0.016105988874314137
0.9550644776689339 0.7668810223802546 0.8181992761974456 0.2682598940023182 0.5513406674514003
0.5957824317700706 0.6710662762777094 0.7244754818651986 0.544583428633794 0.6563242758116709
0.5098184315710644 0.804224562117506 0.49808107139266056 0.6937807409589122 0.7884814439297965
0.956693771027987 0.8002656630718977 0.24849115541623124 0.32811093839708794 0.39555330418028944
0.7452896793974707 0.07208324506186126 0.7647237467354552 0.6945070213532695 0.24154377297591234
0.7364051533751288 0.585836542072163 0.29719152146493244 0.7928704032017853 0.46969262885039
0.19734923893008272 0.6717736877559264 0.6195988403136087 0.6284169199264542 0.059779177707602105
0.6710805674268046 0.24235175255412555 0.9071796134914992 0.6070093384848154 0.15967476849441087
0.3437104495550011 0.8490254308155849 0.8884991010209426 0.33895744255428895 0.3740608636236119
0.6259058779689948 0.734395486225222 0.17639575794111317 0.16470305744410185 0.42977100728440654
0.12536473415079874 0.4488858748872523 0.5337314200641469 0.4588413975412001 0.42764653008217424
0.5562057820564217 0.3635715670661507 0.794037713741234 0.024721307458786868 0.3269784639146822
0.45411397313267565 0.06241251836652473 0.296066913663534 0.677394290793164 0.8867426338677006
0.4872889724656939 0.00753741621464088 0.9516834505480866 0.20816828899829787 0.974881868885518
0.4848875287798049 0.5332639522266881 0.5134695263944 0.9543638211279647 0.6404822617432685
0.5144338477380297 0.2879491295790102 0.5701126505418944 0.598517990829384 0.1343042095086674
0.10046353604649139 0.8341408147995806 0.3200359677407796 0.6435474371293036 0.9478719819091629
0.8092650654883948 0.5976644129865204 0.03753226414429567 0.9587471825753522 0.6209309081971086
0.6281152017684718 0.402278965202132 0.7810379934767829 0.8611880164067423 0.7756824318523708
0.08781809642235017 0.20375824415631905 0.11374110518085168 0.19351142001725874 0.032687881459150914
0.4643678013870495 0.9198090544980021 0.06649332681896292 0.22093723386027841 0.39770213243486996
0.7712743559010786 0.8381109552836388 0.10336636857764292 0.7283451276925091 0.3250645327099916
0.3254615234368443 0.2915787613320894 0.08766582887851315 0.824484703118352 0.8176045561643601
0.18829244748401153 0.9336358360208931 0.3150839868482159 0.5755304224365849 0.4652067545992302
0.4995093103222935 0.5693596214763011 0.8550015134939042 0.15148350222601825 0.11525339646199184
0.9990193628865379 0.05583820890079483 0.17727567183656778 0.9572451490566993 0.08395421678869863
0.5658596727001887 0.9995117932906262 0.24230907978058136 0.1406695560348813 0.5780770509555357
0.012096065271561596 0.3954045232695098 0.3526686101818204 0.8382194809604191 0.5578462687927739
0.7122224977746034 0.33351125381717694 0.29431937391228935 0.7851768530376221 0.966200587702029
0.6633839791396741 0.07686513983428578 0.9785333178329969 0.09508204331428893 0.5835355682529594
0.6303081448687228 0.3167334513065988 0.5203022533520351 0.8682166745288232 0.03593125492271343
0.4966200844927525 0.9166199649672676 0.40404095193802136 0.8419628748797386 0.4289935750317816
0.4619833070167608 0.8944319316053974 0.07642652354476842 0.02680470652792566 0.5327128273473202
0.486949516344763 0.00561513210340181 0.35300386121093275 0.396308771726674 0.31616482342919383
0.7453173502247564 0.8642723616552657 0.9772915524611151 0.6086248955714026 0.6138619932354085
0.23481703106722773 0.25530313340944955 0.5279590660254379 0.014946113295769337 0.9623701995927417
0.31753922975122295 0.00660990259044425 0.13698975545417535 0.9314567373052164 0.7288415277222602
0.9071164946957702 0.6944149261777994 0.14744272585349905 0.45684703229401036 0.5209384127215203
0.3255591934198169 0.5415292907744448 0.10412870271919739 0.01955847499454766 0.8858715635027705
0.9830503985805497 0.7300980150733948 0.5314887253438971 0.3152304044732738 0.2889197466599126
0.6675267819242761 0.28460391900924076 0.07959677749769511 0.7772335445874542 0.7941867554910421
0.8667942918951729 0.5841468055970244 0.13727435792003606 0.4681884341275103 0.04603335664633601
0.11551116209846157 0.2710096024357376 0.7153237164480988 0.41455507409947634 0.8595238937082149
0.5189046855464335 0.4768185623390767 0.4768605053020962 0.7641626308752983 0.664602528338933
0.40588279192815635 0.6385322905015541 0.5623960935870446 0.9684570393307733 0.5781995395803518
0.9923778775532606 0.09071390107517485 0.8493221497741126 0.10058267962113765 0.4176898259897769
0.8206481428705694 0.6374582752263048 0.2894637232626037 0.5648959297862134 0.6317393173074787
0.454083119279147 0.05744882020798259 0.28736336681603647 0.9586121421450615 0.8957477729974592
0.7056039141779714 0.30680896998841156 0.700334137019378 0.933608480804496 0.018727314954653518
0.7302749521154053 0.8459739442796882 0.7539725527665933 0.9834054252116725 0.7384094997697701
0.7069553998702854 0.30907433754769054 0.0005701385326007946 0.7852000015379175 0.4185253433149444
0.13150440513488826 0.4008054621314282 0.052521736746623526 0.08516134161014222 0.38202808107406094
0.21831070033173516 0.019641569644762602 0.17883548305530184 0.6136996879342513 0.2736092468333803
0.23558055021297097 0.20631191743635224 0.5140940808502588 0.677866186630992 0.34731541226877727
0.6462232443463782 0.7502799573222517 0.895439005758288 0.0999229934078597 0.13834076110305837
0.35483173588690187 0.3200739477987653 0.22806647619825982 0.25301805419724255 0.7527727172925861
0.11022842735688876 0.7771700691019168 0.9634021254017062 0.09194427675154904 0.7650686348581089
0.5168063842500846 0.7120401448665725 0.6463096550472559 0.9948418528801579 0.3821188205686946
0.8010881040674743 0.26977830668761227 0.005643879083531367 0.350093403523013 0.7624417478756103
0.3496139414451064 0.918480534437227 0.22990928704737468 0.6665897008858821 0.05903259915225467
0.7153367850150404 0.4503698838573965 0.24579819859534424 0.35695218681748575 0.9789618424879125
0.34022160547787883 0.48727645144866605 0.46509674046269056 0.6503280713527214 0.4159363220975616
0.25674855619655623 0.06570833316315638 0.9520233006251189 0.11998936227726886 0.5622954909325651
0.9132288663096484 0.3152329277025272 0.7001216579446927 0.7476223254541043 0.4102278108279277
0.8027058342365719 0.9528723753255415 0.19076320388032753 0.8597901083364945 0.1333977955085378
0.5630398947833906 0.6490798700597119 0.9700715862078529 0.8462757363760611 0.013423642910123434
0.37330601027849386 0.6432428144112945 0.9036018597678817 0.2608648058262638 0.09962792998265135
0.7392634377655797 0.7063414383996182 0.6623581130173652 0.11149750856503993 0.7288128210642446
0.9977208569974931 0.44339933377882434 0.45534419536032 0.07119750541064995 0.1872515250998289
0.284393064085266 0.635066778059611 0.28049506689025017 0.5146327007406176 0.18482360820536714
0.34770681033734385 0.30199179541926224 0.6584878939624891 0.861258012120134 0.8165405774183955
0.6975407502009136 0.6165174925927747 0.20972069848018215 0.6100508505337023 0.1374470878495614
0.4467906653371647 0.43935436817637463 0.8386356595451525 0.7341872199122191 0.32263087195474227
0.8425083085462544 0.6381291966685443 0.17001523243524685 0.2830573952283687 0.555246730551015
0.9917457764505111 0.6841159726281115 0.9632966661114386 0.515494122636412 0.43612752930792564
0.021174202904279515 0.12269731659596117 0.583707752707742 0.8523579654258654 0.4059895231130495
0.8787403747630897 0.25052949345435305 0.8519132595952807 0.635900861062614 0.36413898167030634
0.6325771128476134 0.8208631468785161 0.025748803193414993 0.5459125545832586 0.22623657028623712
0.2270404572386261 0.5044550199877287 0.06613516219739635 0.3550272237124298 0.6497797727242614
0.8269155211781138 0.42002789885637326 0.09253500097257772 0.03493047801879334 0.7723513938042277
0.1081898199778284 0.013823291050337305 0.9737207440410576 0.8891564732852036 0.5049334945378507
0.023315393682805885 0.5166236303857622 0.916728368044255 0.13236070481199746 0.9387621246607663
0.46162262996428816 0.7995334491564955 0.37670334314917175 0.667480987275255 0.9978939857881542
0.9347594123406587 0.3915696687202501 0.8300327798428185 0.6628680645499553 0.6885382063471587
0.9225904334974304 0.5770226116057517 0.8893441891433347 0.3156225314893839 0.11414345022383765
0.7834531632250408 0.8735322914752961 0.4661996186757257 0.1258059119018312 0.9381730052648583
0.8435232928142729 0.9689766060393897 0.026137693567195863 0.683976925317452 0.052723551775937016
0.5467567630563127 0.419532905752113 0.8918805536907521 0.00856458282659478 0.5958729118669103
0.5539932422454685 0.035021064647684175 0.5334591906710663 0.03230868224624506 0.1037685888648936
0.10017077277988273 0.5274584210884156 0.27603754642351674 0.776219739566144 0.2733508400931277
0.8394885857210146 0.6150724481673876 0.24807697328939315 0.4303103732235646 0.20485238203794764
0.4543759167899907 0.7999857485824723 0.169194696591065 0.6226356292111953 0.13030344114103531
0.827049322128413 0.5119798487595164 0.26092926883374723 0.779294756697915 0.07603016130845575
0.11156604249491486 0.3962811887343046 0.5782309705271493 0.9302724557292966 0.8188883438356777
0.8450289720600282 0.15949841812038268 0.9698094463302448 0.58248584085602 0.23773037147810783
0.04932833762484101 0.7860576625838479 0.6931928665680005 0.03534627041225202 0.8502867851726389
0.6242627098508343 0.3991602195494971 0.132164603444907 0.567569558609491 0.99422026726858
0.9078393320701547 0.4153277472076571 0.757643015465938 0.9919947474336853 0.2661430766557825
0.5942544858770126 0.3359745276274857 0.9383533828378212 0.8532635787004206 0.4410228067905688
0.2581937499861484 0.9894985601250378 0.5179381688081104 0.2673076093449931 0.24549465679445714
0.5951876419414674 0.9877994049196451 0.5702924758966161 0.8588253342695892 0.8354582850997267
0.4840501091318903 0.3596010420194944 0.4034835249083407 0.03807768746892026 0.37082755355462405
0.18131193903001797 0.7435646742875152 0.010935630297434162 0.06385388931211378 0.8489395195636501
0.21079687510893164 0.6601048571216238 0.5103396980388296 0.7498617384334629 0.07632540471291005
0.2200558669986481 0.1758610104458903 0.861042122302186 0.7388892241545958 0.6264536566016227
0.043575709375450744 0.5601529166337499 0.602725597103557 0.09478126247857088 0.16004325772366967
0.22053559110798315 0.8867394438212481 0.9629869737390537 0.3639444554648794 0.5921529215462201
0.9609409964971302 0.4318187977911646 0.5105827546039733 0.6876704610092819 0.8013846177462203
0.2928818370188502 0.8920560411269924 0.9635356388998143 0.7597335867417936 0.2979422538428279
0.17855829736526863 0.9089562125907599 0.7653382647687492 0.6291629690056814 0.051563778915326264
0.33143378852828154 0.08252618255579758 0.43595485404397905 0.08008783272844577 0.659599406331418
0.7659437960173634 0.1647738805399077 0.7787123136744323 0.2949635021480087 0.9405099975008213
0.4820717151461025 0.41710178154733724 0.3041883680618015 0.5620832952394706 0.22072541203918983
0.6402193117214943 0.7840009769661594 0.4142163898634842 0.6410711809834836 0.43127335393912125
0.20995249270920502 0.8849881207811978 0.3918977929114893 0.5725166798548117 0.4452115152917132
0.9242774857623215 0.3899834423412327 0.7180674812366559 0.6262163694294502 0.29289602646995916
0.8121668589439458 0.8949651007576068 0.6251317918229609 0.296377941215088 0.6892649819217146
0.8937243600592676 0.7775329445280496 0.19910009671237605 0.8244584949132447 0.06194831794833289
0.14730053470838356 0.4693059341731096 0.407385406523028 0.2220274707033607 0.5021590219646401
0.11867655095841023 0.2341890633308733 0.5110482540137543 0.9755161972727685 0.7746276658919653
0.7299531972764896 0.4205481484789282 0.07173176929810965 0.5151280783717309 0.7656741503106299
0.9242978290043201 0.12548203591855045 0.695096191759401 0.4445570815554454 0.39353475423073736
0.42880672382734064 0.1165183523742448 0.10676976267607152 0.9744206406810969 0.9153838674257698
0.6137979480293998 0.5908297072173362 0.187471870607273 0.7757413774517705 0.859288398671618
0.12659377456491316 0.6319894359645435 0.5780908387578454 0.22064868341912336 0.5455426728681668
0.7453754583644212 0.005726807679984236 0.7841304284944838 0.344051163572586 0.9355189224220708
0.1233897664917728 0.956106517379228 0.12151122480007204 0.3825280669586858 0.4337004838241899
0.6918734816477853 0.5840614652930495 0.7445127952210828 0.2003500500025417 0.8805061264713507
0.3026295672231898 0.3504764672227143 0.9348849179189727 0.6610158848498908 0.4657124848091586
0.5512599716753881 0.1264596364646614 0.3862834050440027 0.973984814665946 0.5351313018181615
0.229860131702462 0.7849288724957221 0.9240458044890687 0.3638381515420428 0.7056652002403024
0.43214445324230333 0.8246646834748521 0.055250805799006986 0.5664937762499028 0.5118891253692522
0.7404132427181485 0.5321889099155095 0.7610107860880316 0.6094952600717817 0.8857216113967803
0.09762881770783838 0.4032586191341234 0.8460274137303705 0.6536916862543309 0.18666304260445865
0.8288046462917887 0.39245937736228276 0.5423617326624897 0.9259320872667368 0.12414395221632857
0.16552872716386213 0.7735484386068756 0.17825719631275028 0.7820136368406544 0.2979462815134061
0.028702370236694863 0.9372264970280295 0.7892265063952812 0.8515155150664299 0.9409521464929161
0.0842657754995706 0.7360933690885114 0.8582068663589681 0.8088715273576706 0.777851523300754
0.49294850373721666 0.32494544869287145 0.9852614387639363 0.03794485689312821 0.8962377077489528
0.16113283774959364 0.1666684853452981 0.3496592569587733 0.25293767962814173 0.688903458491409
0.5808518453342096 0.3785155496955326 0.011424405874437271 0.44843366393992 0.16211270249662868
0.34426156974492617 0.6558615376883681 0.14856542597183586 0.4604555812603911 0.878399350820749
0.8484551789001549 0.9531813877470949 0.9191433138842071 0.882753300299596 0.9780200544458925
0.499324274473368 0.910020973957964 0.6216013833812685 0.33025317487000005 0.11271952981641198
0.9956660514611368 0.2094370577025927 0.9138116647659965 0.11515529129531121 0.015171433383901145
0.3660958501360715 0.885597811030958 0.16415222559075549 0.05175790679724945 0.12060688894601679
0.7415334761832371 0.5829800806473125 0.38911639386259567 0.5400946534779058 0.6476402168796168
0.8408437698543916 0.34835579296581554 0.7262749785231224 0.680861096527162 0.5662262782396097
0.16848230834573785 0.9193225700966644 0.5102931039994872 0.7241873590157647 0.2484145351049526
0.46458968504095444 0.9821135753729154 0.20856595920455356 0.29325997823194094 0.17942301982396314
0.9992931325685965 0.017210079112578547 0.9535555952359278 0.3436250244944199 0.18681472237924612
0.8625653502412218 0.596287657962991 0.5945515445586399 0.9020497467815397 0.6748365002124583
0.7438591948327713 0.07797746837282626 0.3917668499941397 0.8848613733687591 0.2335334799917247
0.8208314470278311 0.8899194790065807 0.4651905648233289 0.7724673252477507 0.7726367101429413
0.08991385733792823 0.2227362099756759 0.0058762373835601345 0.8996961257987932 0.5476606383264413
0.17343641995798065 0.6150576247905272 0.3909706660779003 0.6564491847798005 0.3231551946278033
0.22181524283476262 0.7037955264808309 0.36071388498715407 0.06567352807702498 0.21357068067216145
0.6484326067635524 0.8647417455790888 0.7772259682421955 0.04182872054244613 0.2037989539563222
0.8763349356503095 0.4765463499229924 0.4182601758847512 0.2644729516769271 0.4569302565588188
0.6595013531313847 0.7228391928867942 0.05388986846163857 0.9327002640329484 0.42207106661301486
0.8698674066676589 0.07607804270663376 0.26756864314819495 0.25181432047592 0.15222912090810614
0.743671621233667 0.9948715952037384 0.9039480972923228 0.3849142422146484 0.38018089431591284
0.4142990301576973 0.23480199778212507 0.4965576405902383 0.21597133393445822 0.4772837187006881
0.8331487261238789 0.1141223932860902 0.3518356048949576 0.2111649491932046 0.1097568367709223
0.24259064653140994 0.3965407449229077 0.8071875244716114 0.6642099787663417 0.5460072004722122
0.1260456433023256 0.06650060979188788 0.43093054748563353 0.8943358738855577 0.32106694414949954
0.7559496979577275 0.12112219834485205 0.5732710188118261 0.6093966306425117 0.37066414102301304
0.3053320886787231 0.9266978032384581 0.37208878333933393 0.36939424566937684 0.8731045682727624
0.9791041232238779 0.6088448026482907 0.12400758425417358 0.558128329989395 0.08585901466951562
0.05875134018817929 0.37470325396135984 0.948438716609596 0.7797029814102108 0.3919280897390762
0.3205286905112449 0.6253319411388998 0.6269471563883092 0.8949895237292792 0.8673910952169664
0.32930666754012816 0.04775621347681713 0.4889807848148192 0.5146263554090257 0.8405351668200255
0.7657815489462354 0.6765427791910811 0.14910218039058198 0.4485806908256229 0.8564133791205487
0.4555463068740566 0.009675237616889265 0.4794075858413235 0.5862765143622543 0.7254789256897916
0.7590156345553984 0.2184367364221137 0.9604418797737587 0.3247131783418876 0.024442768625101308
0.46750127053838797 0.7051032100636816 0.9273020732490052 0.6777654174424768 0.7205249770180896
0.6991851814436697 0.40059389244907795 0.22595198871397915 0.8602214360081696 0.6970907017962559
0.8348533304965798 0.4654673525977754 0.728206236950373 0.4893476244750574 0.468007038834095
0.7188076298880648 0.21210328114733246 0.37715281918691246 0.4419486613328676 0.6374110424532929
0.04674505457943534 0.09113383083124893 0.2092356682569657 0.8368569638695316 0.28050235772676446
0.24458240017112653 0.5450929667237449 0.4061423852220214 0.6386780255015054 0.33443785647561053
0.19130860123020255 0.7193966203650396 0.45243020099481457 0.7979700735071292 0.5259349934466412
0.3241497135051805 0.5183312965755712 0.8823646278318396 0.5143026039725793 0.8080392262395233
0.4010535037534264 0.6029262636953677 0.8519207252401385 0.22046710718991713 0.8803355692369985
0.1593988291610594 0.6788100442267195 0.9264832840860495 0.5994935699639646 0.656539460067196
0.8143024434043791 0.8764449960107703 0.16444914872805538 0.543856284537998 0.3962587953744635
0.8826033975276898 0.18151642154126724 0.42955243060471393 0.7764668613314719 0.9590319217334599
0.6641117633523929 0.2983790289707907 0.2279778327879488 0.936255341884645 0.3579537265065864
0.23581313948299965 0.31125485389910623 0.9879364094064322 0.45609438907310773 0.5609066363682192
0.7202665428477705 0.7583631306421227 0.9715825105292379 0.788682773982173 0.715051385042532
0.8047410754611565 0.7766049301666007 0.8989278841160261 0.5518110585865467 0.815158420527669
0.23239924104788923 0.04314513091358452 0.982805691420701 0.6520294479661565 0.27456689256092304
0.7205465069019644 0.6054181084405443 0.11477867122172303 0.48970612808632585 0.9954385303730304
0.9119680627474713 0.6740156393312774 0.14225040639900266 0.1722779931355628 0.9116885829516673
0.8487081856103986 0.20169652011043715 0.1370459428085845 0.5313342131959786 0.1504936504753609
0.2548481367485049 0.49192721509003545 0.013900045983902598 0.7965523103668027 0.908274289600704
0.8434860636321769 0.691477831353127 0.5953817964662904 0.3563309477539853 0.2033848731555501
0.45614465739603605 0.8986500101590418 0.8847414876360855 0.5266662944545913 0.1202547320976668
0.3138345485092072 0.5930473227543053 0.27512029574159136 0.23372934173844573 0.43147592644341326
0.22225479039450946 0.09135786092318754 0.22078034640274768 0.6883037849470207 0.024582319980772094
0.22908726603943486 0.9650259346784592 0.9745257478175312 0.9214693153375085 0.16753443860006423
0.9062527715913273 0.05504275267021297 0.26164071132784605 0.3707884224658041 0.8743591895618938
0.3300916298428982 0.9024010159241223 0.25005252763009755 0.692298539203282 0.26801721200076234
0.6899984177958151 0.5525715137009054 0.6958444476287345 0.6112311951181774 0.5828341193042536
0.16567602773712287 0.8387041627499188 0.5466917446341183 0.40133383858388527 0.12226594445219663
0.3660198159242307 0.3803888596894901 0.5357154912973034 0.4878919560341841 0.389532608430311
0.9444336381877971 0.7826238422864188 0.20377370710238818 0.5289172456954309 0.6324528281569625
0.5896792394333942 0.1784939270650686 0.0014861338171394678 0.13125460672658384 0.1744436423474971
0.7831854129468951 0.853352105327271 0.0606283198309574 0.8172900080507728 0.86163695160642
0.4333175289442376 0.18194115917316667 0.431553237438028 0.838582944689102 0.3811119825021635
0.2018995338102927 0.2405392558565106 0.5508956744473444 0.3858059861560039 0.8623540002267012
0.8992245369968329 0.4547826288866098 0.779509471031448 0.46086568091362745 0.2596433217297788
0.07090896745143138 0.7025642341604358 0.6670080611390568 0.3301324540969055 0.12071508168929557
0.1411770804406962 0.5741045346931126 0.8221801642085734 0.19115609817236323 0.58027130700576
0.16760738287473975 0.5606764991181112 0.9394248142125353 0.1832415438889453 0.14615730688327344
0.014787618599477304 0.0776716249503665 0.5475011527778705 0.2676710222542187 0.15834885457180614
0.1889673216088441 0.21766918630754983 0.05785903315067287 0.39847508098175966 0.36769134340045595
0.687046705101644 0.35349448235947756 0.20277457802208876 0.09418371352537636 0.6473428688701895
0.8133275511171428 0.10408161469213861 0.9617421939426923 0.2112883730953775 0.33287921110518337
0.15900118002552177 0.8027199036979111 0.06722801532363121 0.10582441226086226 0.3057053817956572
0.1942430656455928 0.3587911229587748 0.022662654599590715 0.9895492451601381 0.3873877043735855
0.3326775309363975 0.11808689946552298 0.992928603657159 0.34689100988355437 0.22901288743225856
0.29377674546315213 0.9871985931207813 0.7365541714104549 0.09106073834842099 0.7198396585465332
0.4004985947837074 0.43049749842281715 0.5029812229865344 0.780452223482353 0.2616445333441103
0.5452976174434475 0.2996810211536527 0.10458824203762251 0.6512470834507432 0.39719673436320135
0.5121328907398605 0.44743716270358747 0.6604752665591863 0.8544506101262522 0.2049340846446922
0.6201797995578181 0.7360513536380416 0.3329455761969039 0.6069173753835077 0.12100501249966855
0.008706095330750507 0.9000824745843757 0.6616250533293937 0.6431915309597457 0.10025365021510857
0.14470720083803668 0.5903249445187992 0.4029036672719113 0.8493576171758851 0.6173430127954821
0.17185651022132753 0.4416220437210825 0.9158548240560221 0.6007132353334468 0.10904163431181457
0.3471189100628751 0.4606307348327541 0.689600138619995 0.07000490539782489 0.936186111426643
0.9801433864646196 0.06879786219142348 0.5076957105683848 0.24084213644064245 0.48346085534432015
0.47068482304262904 0.4825999513591417 0.41961152258443213 0.584952520330831 0.24957566318262847
0.2652970480797938 0.9873355385187284 0.36897455626417264 0.8495928093642253 0.5138158065827191
0.7682642038819203 0.2561688096289888 0.7472304058416813 0.4221699841946013 0.33078110506329095
0.4783485026157519 0.18211109464863717 0.2986276602469736 0.2367251349189745 0.15015239170947836
0.6617180502425107 0.568051171223201 0.43830530558940795 0.3780757915900562 0.5126453507658384
0.4900524506434861 0.09663656444160529 0.6046092005184227 0.7572784193481348 0.7732741441584284
0.08639351255264827 0.9858594843715086 0.32065143409788566 0.03037101234606643 0.9917070440935817
0.05052818757146571 0.17595458120986984 0.40336760894936285 0.37365968040146336 0.7375974404059105
0.7860680850617937 0.9707682376777856 0.48839941370576423 0.3639131237336656 0.5018692097618449
0.6538235642508159 0.7732491464482975 0.9297115154326853 0.6757911351778674 0.692275423878687
0.6676429532542663 0.9002308056731044 0.004071653738058401 0.3801693964705781 0.5909078314712339
0.2803554872864129 0.8244301751238112 0.857113654890873 0.6709031601340154 0.5135010152794584
0.2676754699593813 0.8772978137475538 0.4312301297904191 0.9437456977338989 0.5424232257922781
0.7746607002341636 0.25396908712713706 0.19615875460433263 0.7561201288825422 0.4279715220616934
0.9812855280030018 0.3344727473899519 0.00216585268159164 0.5931504825160968 0.44578011081076585
0.06964023470916203 0.5237800057493185 0.41623026040719635 0.5364212836683883 0.36228583282114646
0.8616323767170766 0.1375268683951918 0.021550328114701256 0.8836112703307513 0.20162104471844766
0.19885967868522403 0.595048742029205 0.20648214482897598 0.8757268439663055 0.15354591783495342
0.41999752202057294 0.16272928732260006 0.8706326567088296 0.2731322559632947 0.6465893620626819
0.6306741921370588 0.8655907853106535 0.8304841303251995 0.6286689687099459 0.9779122681639081
0.7727782207385251 0.19567184824509276 0.14942757227078385 0.4039969234945522 0.6174620684998239
0.38988218091033056 0.3976287857249686 0.34126739513846416 0.922818519490932 0.9404732200416169
0.15541857306745333 0.3116533791659556 0.7379013748199758 0.09641216944005804 0.9096181295960684
0.4514448689587698 0.6773859010923269 0.3166682117624907 0.6493965434440386 0.8148382879178541
0.8917912424301564 0.28718780861805726 0.05479704700664312 0.015092570305572761 0.2986289155840822
0.4050543344420313 0.6533046584582298 0.288814396943898 0.17238020156691014 0.7914122611383182
0.3896566295063584 0.7869699671018284 0.5439805878603311 0.9607920908310204 0.3415198702053768
0.5299475692230894 0.0944015260776544 0.38033502187735346 0.8297069689476331 0.8396567184118174
0.8185657860224359 0.6634367041899253 0.2647829619924723 0.27398033509786346 0.13976150448422242
0.32786102354080504 0.9529573277238016 0.017032452090853245 0.0002552930102848183 0.5020675669943265
0.29926111629765406 0.7999566916690185 0.32757064326694385 0.04754199479969634 0.2642893223522548
0.03372909292158177 0.9356868818113588 0.5114382029957759 0.6013865411653625 0.35935505649393584
0.385248798679502 0.6976028368980549 0.7447245604446773 0.7011859471442975 0.6279327338625882
0.027517584927197247 0.048096479488097144 0.2140920570042184 0.4396253320995752 0.43408999353229716
0.9616901878815193 0.7572658648860666 0.13215951336976262 0.54871005039311 0.9056461379296695
0.314501226945357 0.710688057476664 0.017852860741832788 0.35568633380210335 0.6362703128215151
0.3810390686256042 0.35177642345346305 0.6776642207013533 0.6284116370829678 0.6787729015511471
0.7006499325459942 0.5213959104508783 0.8685722945061024 0.40904518586219096 0.8287895760539966
0.6076905607828477 0.6505474357162798 0.3894623762276458 0.38697407216931323 0.2851414640360671
0.8517625584082051 0.4156743002230855 0.07543359414739537 0.044644523732976005 0.6729612646864305
0.3003884221962475 0.7016024806775112 0.4563336739227105 0.4141855716781482 0.6645501319139547
0.6934357235674615 0.257842218689856 0.6173549727628869 0.3970362560233386 0.056653578428286666
0.13477026172605977 0.25770239441196385 0.4443009619330365 0.331970805789781 0.5777440450235045
0.7991799199063685 0.42731560630616316 0.5296700533395979 0.8849719548113961 0.935939094321555
0.8651364341909678 0.3214480446692257 0.4934742837434958 0.12248357319105863 0.730203194481048
0.4914882367992044 0.23233179228989864 0.6847089563231183 0.7600791137040691 0.61895586345172
0.06859477151988536 0.4254950949313402 0.3991697515312853 0.1671653931028112 0.8422812187639308
0.3921967685226566 0.7128471491791472 0.5103057786478807 0.21104559436401638 0.29205006460322036
0.8608566059402389 0.599185937969174 0.23916346280848577 0.9646575709552458 0.6103800522186136
0.6580439267415644 0.23797317649497818 0.035916284754450745 0.3712542228238741 0.7791942766143025
0.06937207439150661 0.2063684769784495 0.704035284196342 0.01262483620435384 0.4799714662774124
0.39802638162945125 0.2175625055922663 0.013198217952865465 0.7696811900840494 0.777006816531681
0.2309391453374855 0.619984152733813 0.4726382202605284 0.2823976024736434 0.45118330015349795
0.3876789335396644 0.5955475597172736 0.07956914192400788 0.035006773713255446 0.6490310591496027
0.4206880111528255 0.9963666185659205 0.0494336605145872 0.9881936084025329 0.4964267253620551
0.5225626452120172 0.37102092121946095 0.012246448518086539 0.4351829704815179 0.546301557725044
0.8091060969325362 0.20504967389741047 0.5895584415224139 0.49956052881103663 0.5452523375803436
0.8161802414400656 0.7033293089811982 0.9973915512492724 0.6509157116787236 0.36920349560185384
0.579750691194787 0.015557010522183612 0.8024468795117212 0.7696619042884176 0.9509887479301851
0.13501840859188496 0.8023948341083932 0.6354436569120988 0.7318679870112003 0.027240060182338932
0.966593928383149 0.4171006016993357 0.11041035611336503 0.39568534164327784 0.8367881592306219
0.45559676610747657 0.7779494676641867 0.5705155494845565 0.6415291563188504 0.5918508965913758
0.43582289501682503 0.9225608737273889 0.5596282421659698 0.08471606755664873 0.6054084144554104
0.959947391016978 0.1060693264744057 0.470809052547434 0.19184854448264232 0.10703710193839777
0.003304707345394453 0.9644434525910406 0.5706026674923317 0.8627604748740412 0.22648298476161133
0.5423249752680125 0.24729345499401767 0.7979186307245214 0.5394339759862795 0.8598213231107504
0.31154294160198115 0.8469568108654905 0.6540959569702914 0.18302762751797075 0.2530075231569743
0.5301891481575091 0.38484469507395447 0.7425120720583813 0.6335441141708976 0.4276897970122401
0.7560492736208445 0.9174828730358676 0.3652175478897054 0.8288169342462947 0.24493358658003161
0.8272204716841606 0.15420719567706787 0.9416511636814806 0.15136433913238045 0.516241604058094
0.799172309124492 0.033219406377731464 0.83406940945177 0.2052138220898856 0.3660044995831917
0.49606476248291664 0.13416627771978518 0.6827429179297655 0.8966183942903649 0.7073231209640493
0.6295113171809538 0.8996503617079266 0.9965436779644918 0.3056196509204955 0.24419701875976607
0.9501323169712084 0.9503860137295204 0.3239105155043839 0.6583684852138236 0.32259853314424336
0.5953940769334355 0.47404484273523884 0.22550608485418633 0.7123545727901522 0.5244064804425842
0.5472297293328293 0.5206532463689603 0.7662834271714848 0.21240789675757477 0.21132233686106694
0.5814096510760941 0.5911519121567241 0.40916925607883425 0.8302676857834815 0.0764218278644968
0.0778885374374737 0.4848058234265499 0.015843519247060733 0.7102437988751614 0.30211794092223243
0.873275338363582 0.32579054509032035 0.556686465595764 0.9279479301721866 0.020951389069361115
0.4892580971131355 0.9367113189296425 0.4271845423701771 0.6868197715867966 0.3120320026985537
0.7693860060606187 0.6869238015540866 0.23861699172727813 0.22125294633680503 0.5151122686752546
0.48170969854303436 0.11055163517025401 0.7444119668103332 0.8237987136672231 0.0569807236256622
0.5229602708052612 0.6976332860146126 0.4385315521021508 0.9515777784588816 0.8220048858104028
0.09931502877675613 0.895538456765816 0.4275655791086014 0.6217490376748207 0.4260019919733239
0.07148334330169104 0.2975892348470266 0.8758011377932823 0.49544531600556674 0.8399061204769763
0.8881487783794665 0.26177368734078066 0.6262119786258148 0.2623122038205081 0.7215760506636097
0.54960280423088 0.9728267858284386 0.6153608596081296 0.2337232845473841 0.8321646607406865
0.28481539973718484 0.5652136421069274 0.9677325586807557 0.5271344226171404 0.8655960543762563
0.10997385066907739 0.35593538648113554 0.0795179353754577 0.04060332945642309 0.5720069634226509
0.2870231669000586 0.5321940273693267 0.730656500173459 0.2650919071783855 0.2690067656169751
0.18789009163946313 0.19819038857684268 0.009822110349051338 0.6412046019922587 0.4238445317374453
0.044650036633305135 0.19462120083479006 0.04060637663522526 0.26000230529908364 0.7545098306080515
0.6605169548041478 0.15429951088690919 0.6363472865528811 0.28456299608525126 0.4946847675236423
0.12074911157494084 0.26220773427713295 0.02412173485894098 0.11607447687307793 0.49741923160036117
0.1792696013045496 0.18087059057938082 0.5797930329860481 0.5647737044333991 0.08183230979489953
0.9826614978944539 0.8433267052909169 0.0036260061936415067 0.9876484019588341 0.06105937606770673
0.24356890343988236 0.6654991337778726 0.2575263954956749 0.26563065896859683 0.8331085764191276
0.06950048476784954 0.37275997949051975 0.3449806291515105 0.09096390383992292 0.784304686384582
0.9229150886101732 0.7979169880022154 0.28363381454237935 0.07792552970760769 0.4913164852679307
0.5621014849862644 0.25060315774087893 0.4845189857108646 0.12399786255973955 0.7497580373388986
0.6255158648283065 0.09627407355310291 0.09640263896537771 0.22883246968640214 0.2721876481384474
0.12970320141333203 0.1047548850536617 0.44182066465233805 0.25786748318277286 0.6381596544337748
0.43820492926070487 0.8897769171060911 0.18399675562360274 0.9170770342954884 0.6976338667387867
0.1566409416503317 0.7986967283383984 0.7279640287279392 0.930611555412368 0.760315419519323
0.5202248677479064 0.938494865068934 0.10467389369162494 0.9316823995840144 0.8954869334715977
0.6181662952146988 0.16358265275032335 0.7602024312993846 0.8415449478404639 0.5080922318582829
0.9630632535678978 0.7599467289623428 0.9144314877518318 0.033242027828151666 0.18249853699498175
0.9760441359886887 0.8712991644682733 0.5277529036869499 0.1636599537542598 0.7655345399572857
0.2885279796378225 0.11616897555121364 0.45223268731417254 0.5308062159456306 0.6589639018966488
0.03378349767426936 0.4261909537323092 0.6316782457722004 0.054827563457684914 0.4854479987388586
0.41024306707684477 0.7036659237063675 0.8359109309462807 0.3005006116537672 0.8067584105629941
0.19330738529625535 0.21621506385387157 0.3642865011929469 0.6847335191425555 0.4776676861348299
0.19198353790753409 0.47605555656285403 0.6055427063909449 0.18285806810069527 0.21061340149703234
0.5855444278026983 0.612960398324711 0.16669406449226165 0.34930967208696095 0.7426097658771452
0.26302113178143416 0.6853131422220333 0.3832395830923554 0.050375123464216354 0.6619999551359015
0.38494022772059755 0.6121790491992184 0.5217454207784697 0.04833321076403929 0.9265077848629149
0.3728580922031811 0.7501625749427503 0.7904504346428114 0.08883303862361358 0.37074513315159974
0.5679442624871016 0.7526656565636113 0.2801512418271698 0.4075130358277984 0.13951516097824823
0.5927364232329813 0.9064340504450398 0.8695597814640621 0.44452396696784635 0.010665059610707961
0.7237568504784649 0.1235725449557663 0.34117243219656856 0.4871088424730985 0.38180045241597527
0.6873557817900579 0.22846142548114579 0.20662797184146375 0.944152497573122 0.12398735036271924
0.982078865913728 0.7209462303771068 0.25484074432812154 0.8995869734066697 0.7044134867831923
0.44856800435257815 0.692647235934476 0.3182387383358575 0.9664382374168948 0.19179734471058296
0.7579441502621187 0.07870443675255911 0.18598542115778016 0.6546529572731788 0.8697995835841992
0.7438044081439248 0.6790163336578157 0.0274825709036548 0.26279155890244144 0.1167270213779219
0.05586584922754689 0.9957332824476128 0.7400550130296957 0.49208262870440656 0.5366700331657085
0.2709477899717573 0.29513745391211943 0.8099620380237025 0.47582179425116866 0.7885209515215438
0.9342150349610779 0.5495593873410182 0.6860044999376606 0.3131093997333255 0.05772764170418321
0.9036897315176374 0.8412735418508874 0.03596475104846597 0.2936275175933276 0.9798680034647155
0.8878606471946633 0.9114673984183371 0.8341516977945367 0.8155164839183043 0.9017910529393613
0.9654172885900768 0.06417940313609183 0.4277731085816452 0.4770428820376552 0.2443664957392928
0.7599375189591095 0.8037096190284272 0.22859218701181716 0.2989591737719973 0.5985307981175636
0.33036598038720544 0.14669050869192712 0.19100506713590204 0.2907458242774581 0.2229956479462457
0.24055620007310108 0.6886174482002938 0.9865247940275707 0.2738517603041064 0.3482009749902961
0.9301590469039135 0.11837788041529784 0.8236782081516488 0.1498617961622054 0.42711762494719163
0.5992130058247432 0.35961960977321694 0.30527734034461085 0.8348190689114123 0.5070266585619712
0.6915827164980294 0.8902351362906806 0.5907554387836348 0.8198174372125994 0.38626962812001386
0.2752469220410223 0.7452970704746588 0.9843138426444781 0.739125684303453 0.9635916544624211
0.42582890891047076 0.5633293392511534 0.6141541924735681 0.32410263182260945 0.20559029150933283
0.8346290900812651 0.6800423335146658 0.14181748617310586 0.2892933554524816 0.6882173836529288
0.6252060820794325 0.6861595198189563 0.35951830601596946 0.9081984127724394 0.29169985642779983
0.06263604314222326 0.34045539170688666 0.9166480081375529 0.20543358276622015 0.9706437738650359
0.9791136884960095 0.3891542600646062 0.8254641590472244 0.8852796852307896 0.46335788687936985
0.8141387750515655 0.7867514816042391 0.8805022682268316 0.9149191733519206 0.7292834474178703
0.4685869412193273 0.24501365647560958 0.48950720770514333 0.728448662663855 0.7643796401154395
0.23113220107915367 0.812971197935371 0.6722393889926883 0.8209690781153962 0.30006067123084923
0.4532206187753287 0.6410381884339246 0.7943142515639453 0.07944260278320725 0.2886627273750271
0.050824946335008 0.711692378086676 0.6379915414818892 0.2955123898579053 0.3953052428485164
0.7099393068482213 0.06952946362295853 0.03512203589798124 0.46822821162871886 0.2559805887941232
0.32285142123512867 0.02260184341401883 0.10586382679184292 0.9613499179857322 0.4119583160324677
0.5358437268839897 0.1499374315951285 0.4046274509128652 0.37800798543452907 0.38166268042878837
0.8390836792438526 0.4213397062609693 0.4364413013951708 0.05250557305718184 0.46063224762528276
0.8622514876318155 0.11119636782203957 0.7731741570643804 0.5019318471399641 0.9301665017999825
0.08197378315888681 0.5853223807142968 0.3906043789436131 0.4846891013366439 0.1928612207951571
0.5512617794708883 0.7076909981216243 0.5868961737749885 0.0956879837260225 0.8303996421384485
0.2886096195938481 0.6464352237309068 0.4441141262972973 0.2798011111435045 0.3286882713408805
0.902615090848445 0.29067740258230546 0.3066891640191751 0.14700598520085417 0.2687146768889088
0.2536131667369914 0.48226348316673995 0.8105945997601851 0.4949542865261921 0.7848321910415906
0.12522416019019622 0.21723574536823276 0.10844252823567246 0.5025436393515809 0.20046427789943255
0.38435125430619554 0.5360596180737279 0.08218918362404959 0.7439993481401596 0.02400380478687769
0.24913302373928892 0.2981409374738536 0.8181328068815074 0.7000379058726366 0.0838346026536615
0.5387785293381773 0.7148688423271984 0.26894271910341305 0.45359266834200973 0.32095864668600227
0.8192179016040896 0.27610335772792194 0.4875926876878236 0.8325388187820176 0.42068374740576153
0.0012777412911278985 0.7613314340999773 0.8871084626943864 0.07761575462579795 0.45159402744287835
0.223422953361737 0.025704529928051834 0.6924545495876849 0.04461934157212599 0.24439260201767432
0.36038551391280715 0.7323928321311987 0.9450870379450602 0.2926924650932917 0.4353210877735594
0.8842211357122491 0.4643089935798367 0.8288784583229071 0.16872146949450872 0.674833536864732
0.29883270772054604 0.3227513639044799 0.5441234848157458 0.6278475711347996 0.6159744735228478
0.5603238995292277 0.4734018502506179 0.7188236273310509 0.8931912538336517 0.6678199826863659
0.737645062039523 0.6246053757778194 0.8601280915196151 0.24075988016114835 0.09925220879796681
0.15033460931825182 0.16127372658943284 0.2955284849256111 0.01889520763028718 0.022343553531602667
0.6357328217405068 0.4381418940707361 0.40676024204279715 0.9236008154431076 0.5937877965948627
0.27241059224014785 0.23166223306361555 0.9631548591028987 0.9254866017023098 0.7205045839689961
0.9101892694170446 0.8549305747866507 0.06422749238768133 0.926109787506567 0.6823714182670578
0.8112143914063477 0.24784283819515573 0.2165176656364396 0.06469150591444073 0.566170498119764
0.7528664406205222 0.45497718171993695 0.6774258639234013 0.5732214746831178 0.49553858085949987
0.6466864609822127 0.5515105913441462 0.05109517577120082 0.26792143395869306 0.9466852217253713
0.6323550918963639 0.2506710064880068 0.7371687581750522 0.8004008597803458 0.5530873609532705
0.8028389177939408 0.8774723342987324 0.7601714076635124 0.2118471442318992 0.5810940824792455
0.6435002931398657 0.6716594293836963 0.01898912644494266 0.9858450053179468 0.6142734340429853
0.5571761620840345 0.31866617988028456 0.11642340615807567 0.2663191884831231 0.05600991336699246
0.10807878100712098 0.32156143979398455 0.11552960400020462 0.6747572341648422 0.28886157767238285
0.9665316029020606 0.20158515476570193 0.8110752856593064 0.7330953771403785 0.3002539864230864
0.3906733002597049 0.5104579824417438 0.7289977405496454 0.6165647818249772 0.052688426396272026
0.4468265911465813 0.9707200626462729 0.9071435390457926 0.7320239106268703 0.6128771967326601
0.23305551494953014 0.8915821607588508 0.02935147241225966 0.8389717315001396 0.6307584683819117
0.21649283294322486 0.12296418740066473 0.053087188871648316 0.42049574194328243 0.22996855098344093
0.45878158047969364 0.4582497678036874 0.6764217129565275 0.6867700693927243 0.01257571834572413
0.07421325488747788 0.965886380145403 0.5625119822139798 0.37680169259659013 0.5765521568655265
0.24900188430571812 0.12953960119796049 0.671807687434427 0.5618383306128151 0.7910624732526166
0.5016597339501662 0.543749736465008 0.14252403472838238 0.533213868075887 0.04582606460035188
0.4476031764765954 0.6878548153973676 0.6270968672678415 0.8425387680224397 0.26442883254618055
0.8070713375355391 0.8509921638446971 0.6732935071112391 0.459889365264617 0.9516781062115833
0.666216735675507 0.031783660278552395 0.4020163260481391 0.5772992232529114 0.9012601834014066
0.606421858011559 0.450100506534271 0.6943566160321025 0.26663601528482284 0.13486292505939346
0.370743262147306 0.4046391784937823 0.4162198584142439 0.09528804315932071 0.7918722500686828
0.38224655295689247 0.9085714212946182 0.14283835085254426 0.850313763783827 0.4743594755856261
0.9980870863886157 0.937428366085367 0.9427749599514913 0.31727419699784964 0.4628838453329783
0.635584945972076 0.48054037874378075 0.35567638236077603 0.9990623473613552 0.24750087642005048
0.06731404812309028 0.5860533500079986 0.8051340834822526 0.06792505815878613 0.7607034222227682
0.18579133566222295 0.008806581464947283 0.3805046573191063 0.37178625268115195 0.6531676861150953
0.15624243071476662 0.25253261803606786 0.6212898674908504 0.5232751713248505 0.9724787040926398
0.41435225780022267 0.9214324240419001 0.3730146288995355 0.8897059498263112 0.12403927998618636
0.49400401607317956 0.565547116982786 0.7619222340808554 0.011312295645657944 0.4955399871438001
0.22706461481633833 0.8896984123492642 0.9316351638913563 0.7400419780769556 0.3091280636964464
0.8144365691457486 0.8993364018784455 0.4568171486951478 0.3416279522041912 0.11399873310931785
0.22311992328536812 0.11382525910643781 0.2768340077121152 0.8945747604095379 0.6761335710767701
0.36069228100205564 0.7417302207007377 0.7187405784094913 0.3538175842999991 0.615904408649187
0.7271031749879044 0.8504059343405592 0.4814396358751454 0.7235204790278644 0.025669623082803072
0.5796502399456327 0.060501694374113235 0.18848352039992478 0.9191949665945903 0.8573727562125958
0.6965222774913021 0.2706789277054109 0.42164455521044086 0.024449820223689578 0.10632742351439362
0.046992584505520574 0.5868129489999844 0.8215583439942888 0.030598245543652314 0.9743209424583212
0.36093201819867893 0.9584424723855761 0.4356604462582858 0.9436289330593024 0.4347146569702989
0.09492041016694297 0.3514038640879631 0.45515833435154585 0.8510269449218705 0.53275110838833
0.8580152585403846 0.3272772376158197 0.12807527175333966 0.4085042267002209 0.8246955599685547
0.29955070129549644 0.5635925232967828 0.19548586571756643 0.9772377433395836 0.3094440765402945
0.23160307288356718 0.9604272159900197 0.6105475148511932 0.9539004766955834 0.047225652931854545
0.3856672983102344 0.6105341961613006 0.03549590167107797 0.6262213597969567 0.2853159646066302
0.7204562556139125 0.7919529248235206 0.945343659882318 0.5185482070710469 0.7002166768584177
0.27350068593470345 0.5987163844984754 0.319721206081943 0.21467341887291558 0.27637362237641483
0.3442328478128871 0.7410913489266705 0.3808151699994299 0.27562484105139196 0.1756845388501328
0.9717160125184963 0.4478463672343458 0.710679270728102 0.7024444150322909 0.9740630327231875
0.6273257071436706 0.5741648265274861 0.7431565516988624 0.7320597136601363 0.6667679834746968
0.915718322594102 0.2327225697659312 0.901423351053555 0.784926534886431 0.6777534312457193
0.9993118279763902 0.20605723143171184 0.24835633536113244 0.9981872945999761 0.49621572886163723
0.6168930636182551 0.8976923998461473 0.7167524364513348 0.08665257442601892 0.4884815899192827
0.5863575396269184 0.5999395066522522 0.6825737207290636 0.5264114219396553 0.6767750842298468
0.1783310242796946 0.15315592937081635 0.7457773165448547 0.526971815899177 0.8768760026191809
0.3699248295025148 0.6588134289711465 0.3020127346997219 0.26859596555636545 0.24236651647467733
0.5874034257009435 0.7393721497103675 0.29544873407692784 0.6425020811074142 0.5008678820761836
0.8721162712219827 0.33684028127053856 0.7427285339293697 0.6664031098788847 0.2720863996149391
0.1855641450092369 0.3152038034954511 0.9893146916682102 0.7949480423441252 0.9735144268126538
0.6236965755129358 0.26508075784988827 0.34360005805668614 0.4071600770482472 0.43186637740385025
0.8487567714911722 0.5018452887117218 0.7754084188334011 0.44347704708662417 0.8191138034625628
0.8188596278726746 0.1907095736367237 0.7678357898807381 0.8449289432181173 0.8447423416926716
0.4353757115411939 0.5277513157692536 0.1948856516841977 0.38024059600954385 0.24022409179903248
0.15282027106752372 0.7567682143510165 0.9375645363243656 0.09995840724048 0.7394752618264429
0.8683841608932588 0.5879413396260504 0.7123730664228566 0.3912348283174695 0.36264727427886634
0.6362761868895561 0.9334673084930083 0.7951712381699311 0.12642220375887459 0.5126158823621523
0.5066874512115035 0.08824628003302126 0.19176381272023602 0.5946259124974173 0.6048377398883777
0.8730461439003373 0.22354977613184046 0.1948383035679988 0.6045111044231557 0.03810220359258587
0.12312187896784188 0.14802411539806415 0.7743237566233794 0.21833375855507242 0.5571720332014537
0.5547885117673675 0.9720699073506937 0.7092205319081554 0.47836795742876526 0.6600570291356093
0.6582877728322892 0.606828964946266 0.663636530608746 0.5471394355047265 0.8736258161659697
0.49912475801714073 0.8634079637554114 0.38982148136890726 0.709914874832197 0.039221488160337326
0.5195133216029677 0.36114708272732754 0.5225338999482081 0.8488768933105257 0.9017417419979074
0.8217409226057082 0.5946539993597431 0.10530549374385756 0.06723271568354527 0.21950432936122444
0.5008474408629578 0.23312237183302353 0.9840429343736071 0.45387145780221216 0.04627287901731458
0.3138241801671182 0.2773713784549995 0.056085152284122364 0.320299222215093 0.7509657986924
0.6854958757230084 0.013683239034370964 0.24762068620521094 0.23171909239421096 0.796542081029541
0.3717169436471105 0.16205773486230624 0.44183397558348714 0.9830747884734261 0.9647714598712085
0.15366059208723137 0.1900955731624322 0.6044378699093856 0.8925927994485914 0.7748304980704979
0.8436803385245266 0.44553516362109935 0.44501669701965907 0.6924633734745821 0.24129687740988648
0.8190284366910967 0.9853883244716111 0.4237236987332954 0.5348511848334213 0.45943987436772804
0.0378592719477141 0.6041159156068534 0.5803950702891382 0.35565834284622 0.12698236575873
0.8624561545819657 0.480162909948712 0.5839453331926824 0.5791628706219679 0.30075925169437057
0.5426175579674545 0.1855237559992129 0.5915733374778192 0.020763957339863026 0.06604962638741796
0.5545626798979256 0.2678251950166902 0.9192984192582944 0.9231107281764835 0.8044901821941847
0.6107908932531672 0.006315337194087944 0.15834221870458265 0.47172148027133154 0.7110625592569304
0.39329426174113524 0.16781643566119353 0.598112029761814 0.34839455674249975 0.13500360481877138
0.30948678147134145 0.21188658948967054 0.9622601977003623 0.3825879804571062 0.9367291411446448
0.46432229336601705 0.08008340965958216 0.9542013125413599 0.6972603706759282 0.2695549254069515
0.8051715743967395 0.7437151696579433 0.6584906982802141 0.1840751172374394 0.4154438431307099
0.9681295705864735 0.7838824745546124 0.05059449206443356 0.65916817081621 0.0707580274509908
0.030512574347938304 0.7588788111460545 0.4277602584399228 0.5456900780479186 0.19688021744658712
0.4572946247843731 0.04399495486593563 0.03901377280755103 0.0330617686011313 0.4194955577835833
0.7782095478546674 0.5179842400858884 0.16062728910648427 0.5732417320525567 0.7872615276615275
0.5615699717230496 0.8421523672437433 0.16403945709351375 0.7961153791571915 0.45134804199783896
0.7008157841218569 0.19813816776907833 0.7735905790485608 0.3821818692539214 0.20248151864899178
0.8427148892673674 0.7789210012365939 0.5356351607501976 0.9953249683411786 0.5704741091506166
0.009874818085096715 0.27181102552515324 0.775647760006493 0.842212566174205 0.7986760027600762
0.002591317128680548 0.605176392270212 0.7698882998962628 0.9599967165395058 0.29651450515401534
0.6947512961036255 0.6104938140777342 0.2263432313251289 0.21787305565337955 0.3818293744935246
0.17756721224565286 0.4241511001277626 0.17361144630977543 0.732474371443317 0.1446796925805044
0.6372129706795571 0.5363960752937726 0.10453706907583116 0.4889798252733901 0.894282401071368
0.10038054566702159 0.1485340121825195 0.9420393828395004 0.7766545252016676 0.19679900995638666
0.5759779819713756 0.6747412363816775 0.3897257813862459 0.24475928015127024 0.5629185600237312
0.8826451818172095 0.1776492348653249 0.14653610355340596 0.20893884144883546 0.9622223460173673
0.46468862164214697 0.30983547337997397 0.35338835879583264 0.7883211382877028 0.927935616084541
0.8873742113487049 0.7311400913192675 0.22062253569254875 0.8847033522087119 0.46147436530549935
0.1426956454781242 0.650799272453369 0.374967651485676 0.6821112454442974 0.7072198373546219
0.4937054596553352 0.6057074748139308 0.391092622957135 0.4442069870983558 0.69121233978081
0.7052000090019345 0.7692573787418757 0.915234182902772 0.013932925186040723 0.9410508133177765
0.22991563147915672 0.21730054582598868 0.48895217403267066 0.5258028724212498 0.16454605103960518
0.197176498696516 0.4084983288345735 0.9529010022762472 0.20610170694991836 0.8938709643048837
0.6933974492921327 0.6492161204414529 0.08354245112154102 0.9773782255839605 0.027756456939433183
0.22709834199721324 0.8261959113665165 0.062044483792465965 0.51957809699632 0.03825916517444483
0.5823969505102077 0.46184414275132735 0.6049636931442117 0.546249076885549 0.7416201997676465
0.7743204585899847 0.8198436879605887 0.8045419678429875 0.4718035903124842 0.3412641190946686
0.9811892600501274 0.2802206141541328 0.7516705661179034 0.9408927154442759 0.7402911373146243
0.236672299935776 0.5568487426001977 0.18730160547146957 0.41899773652684047 0.9336878602483661
0.5489604209152587 0.5414867123430249 0.1082387031044777 0.7230060487750044 0.0417970275833881
0.08834553908980547 0.2872701430846717 0.09684160524008456 0.6409232588979951 0.02843774259430032
0.607878499791346 0.7673559578706012 0.03492383180632119 0.915199078909207 0.27345687520340833
0.6129499117577313 0.5265674588551555 0.8031552737268296 0.6108750137949905 0.7194885086945209
0.5671337861254138 0.19810968242437177 0.3188189195445894 0.4456674574722914 0.474087757390639
0.12451159582222937 0.7846304932863806 0.3575755167495571 0.8598384024793075 0.9958445654906023
0.72316312607366 0.3395158501316662 0.3030916127549882 0.8158552084328725 0.4237805939292323
0.3244005727399475 0.27550302289818074 0.6947729750357748 0.15618734237266618 0.30085817177302066
0.8859731918259609 0.895843511849552 0.540030780677932 0.607135452601765 0.21555582078265434
0.5260839319972195 0.5609433358414486 0.33663753452895817 0.40847991854826193 0.340777963991164
0.09517812768698708 0.8897818678645674 0.76631564158854 0.09780451626605813 0.9570262695323225
0.4044156492965024 0.06641754865028016 0.8414541316156747 0.7663763150217313 0.9442630054362275
0.7942790437639945 0.357075447489019 0.9075428111306699 0.6270764787111388 0.9595730730740705
0.6071741170294264 0.7257186947610188 0.47682546680432747 0.922819142669026 0.5437469537225983
0.6811278840309719 0.04486190986789551 0.3297676193502713 0.7236376510964513 0.05044144778933102
0.3144199799827492 0.8123666692080568 0.000739319657054649 0.7379493935270502 0.6327445959530904
0.21810474572314353 0.09624997704864768 0.1804620094444267 0.34343586728463205 0.5903338782824267
0.38893048316022427 0.6901571173941181 0.04414113124786301 0.5608374271228077 0.9850599382887223
0.5847324766811005 0.5304670912743497 0.6978590720174973 0.6607324780699224 0.17945223008055255
0.20954919542411143 0.6657978380693215 0.9735755268111285 0.6141154918356736 0.35629950054242754
0.5283635269631177 0.2502197099357668 0.7293384956040393 0.8307750765835583 0.15826747643596173
0.5778084398730993 0.009777448004937517 0.25910151930103487 0.160676622410322 0.39732640377871253
0.6826371174451552 0.46089606650400194 0.8499375170752143 0.7652658217785331 0.3832017950977513
0.2697685943366299 0.531377278365242 0.4958041714499992 0.1112497926984638 0.032548631333224276
0.6043938384225894 0.16434200837269697 0.9748844744544921 0.5905154911948869 0.37811955142306697
0.44685009278345234 0.08553022377902686 0.36450486159223017 0.5257153885496628 0.03831852625614296
0.3444751178691948 0.9802581943645984 0.5220404156420393 0.8325395168500721 0.6314842799307848
0.9618231102483836 0.23451554501204408 0.6522384201310533 0.49698197591243665 0.8826845191002843
0.9001179164380003 0.8388804738762791 0.7010749182192465 0.34516751225289743 0.23029587422611064
0.11753583386189626 0.867589351885132 0.15911108800055496 0.009165495885645969 0.8058529848591022
0.8150947026701839 0.0531345442858594 0.3922207781350602 0.6095115946376123 0.10800277972086436
0.3228707210460854 0.040549610366401145 0.879584927353027 0.9116773866872998 0.8821824589445064
0.31815214281023463 0.5632226228385633 0.3035889194175725 0.07044451364086035 0.7947955616711189
0.7729411026469583 0.2512700192267795 0.31309244211923737 0.05495171256477127 0.8738527969336328
0.1712258812189621 0.8445679409127267 0.547914714128172 0.964979516528107 0.8321031189369469
0.5207326380424054 0.300166504542817 0.31659552496090204 0.5461884158524571 0.712958883137454
0.30882122124124356 0.13004744614872688 0.8104357976878072 0.9530421108968228 0.6094001524377984
0.010185341358822542 0.5889200424393267 0.2202781180771971 0.6474055160906965 0.060046652606013606
0.7343285090314936 0.6186612066677002 0.031104345400845168 0.4905049934950326 0.4576381610626581
0.9592291267636801 0.8087243307943192 0.5360741108886836 0.36748709906991006 0.7485094976679199
0.8684584184939144 0.1098541381891025 0.07933941979840042 0.10244278678220886 0.20091558368841245
0.9269532992457206 0.9554682481435492 0.4062604788396519 0.10936686789884298 0.019715275413033417
0.635158889832175 0.41769139343033657 0.1061619495463163 0.6600220824866534 0.13142521052644007
0.33016655802524086 0.34996960145418865 0.5998235148074329 0.9740549992489792 0.7662535636449533
0.42123544572929716 0.20729910446283273 0.546741311862752 0.6246723920766147 0.07240270423697404
0.4347362340472434 0.01108693197532662 0.55261927846368 0.3916202592673975 0.6148664407120489
0.8821176521152914 0.4578063886758281 0.7470544287848618 0.9457822123205485 0.9460950893136084
0.9842915341811379 0.6605854083648989 0.9577445492172663 0.31473811702838284 0.12087372011422814
0.31794722705221357 0.4892756957086525 0.3546392113587161 0.7755938786954125 0.0024691977896363904
0.9433672065250557 0.39927763898712854 0.9100891399436015 0.5624388992183661 0.3714438515445122
0.005167234285269107 0.2248185809519987 0.46392440862781137 0.8363088846117466 0.08338491740762144
0.40189627684002505 0.07480755135624917 0.32609641358064745 0.3535563101660466 0.8159577113749217
0.7851057236562897 0.9345006206498033 0.3516750633511895 0.18211461159379183 0.8774171242487022
0.9331753150675903 0.3264080273543918 0.057609862607568285 0.1719020069478573 0.9782630961770478
0.591376578910304 0.49797688336745016 0.7763264999800278 0.77434448824671 0.3667440928852047
0.7083031026635466 0.0651646840467126 0.5446458627498935 0.8139300433315737 0.47314013327022864
0.006467397702412669 0.9892308017195636 0.8391799318581412 0.10695316511614017 0.8972511285872584
0.6997494918540275 0.21764685596476296 0.3668845591676946 0.20124032022824812 0.017071320441346183
0.23747983264820083 0.7290347410278045 0.7125838471693593 0.23889875953346118 0.8570260394731571
0.17837208342524336 0.6697829194902889 0.18018510083081773 0.7031798177888379 0.8645704989353957
0.810544528019392 0.3510836771748713 0.25202954501439956 0.4816816583360011 0.031710856733606074
0.47642131543672506 0.2828651216678353 0.3140530508841417 0.07254598833654613 0.3172561701837133
0.38496476883137776 0.050126904863395216 0.04435027223352783 0.22696841359307784 0.22201614794298807
0.6275481577852595 0.08214377463137568 0.4423043411769364 0.44338765825219295 0.8490167050650155
0.920728584451899 0.21024857449327705 0.6325132572115789 0.2910770852517275 0.8810080150587105
0.7954308708384735 0.1649972325053637 0.2192447368731274 0.004594213345303189 0.03884624120041169
0.22438130461783612 0.4256826116529002 0.7509570213281195 0.3981909606419096 0.19034659061986614
0.09820999824434329 0.9710994242110136 0.7758107502823389 0.6569687338057209 0.7001317721583233
0.048147804885795065 0.32449365928597595 0.15670911735391724 0.43953743123998146 0.3425712380905809
0.00667971343760565 0.21707277625910992 0.8716136982765078 0.33277288595796395 0.9071118669851918
0.100169335836917 0.3489347932324477 0.3796464418288591 0.5055534501091323 0.34463008374568505
0.0806599529010299 0.24411947562681258 0.6007564748221054 0.35113483958083014 0.13268854370275085
0.23280525970608423 0.06586463632972384 0.7251239291013554 0.764004336745413 0.6263929372852202
0.5111163440744221 0.9589353045280316 0.050749701870211994 0.6260031452171996 0.5989915341865948
0.5947639953854567 0.8901990500373627 0.9266123557913157 0.9769506943574231 0.9357722477071948
0.3802739896569385 0.894662111186591 0.1733149648154486 0.06645002363500285 0.9751298348196746
0.9396385859009773 0.06151240857261597 0.2851583414379705 0.3825572716533385 0.949362468200114
0.9426224332613237 0.8294012577256586 0.6665251465295382 0.634250349596845 0.5515514115835668
0.4422451561855716 0.8768061577203583 0.5208845160411371 0.6914050965916463 0.6925224499819499
0.4640574285098281 0.11713471810107268 0.5287741188730445 0.5861340931085119 0.7712892270178048
0.6982496789307162 0.9396014960032117 0.3112429086835473 0.47639649664259087 0.9465402249399245
0.5509544520051558 0.9687969706406663 0.056781886379660196 0.7923510651339817 0.20854185686369897
0.8526861757312575 0.6162284901044129 0.4996576057896339 0.47660009955035776 0.4893279350776457
0.8480268182319897 0.4694458955589823 0.4160123411134816 0.5602372699907758 0.9207069529063404
0.9868292184726007 0.3869705053535203 0.2555727614138218 0.1504769485735048 0.5822776367108067
0.9434559104051939 0.5469510476847003 0.9404619351277684 0.6261868628387633 0.7873092146948185
0.2470818867028557 0.4593613024529122 0.09811493283560191 0.9460739586178962 0.4700156229231688
0.9840279478109109 0.6501458010552145 0.8379005594215561 0.8047630343204574 0.4176961401753194
0.9434823418999999 0.9454329441678447 0.4186164300664924 0.35976369417320864 0.9153697945988634
0.5454083546726659 0.9572175527309351 0.08512452979779295 0.29154966033904095 0.7998526360278049
0.040614143078495535 0.6620292656755632 0.542199440471811 0.09692357442393318 0.06788382351001221
0.9763123557162132 0.9241075228660851 0.11876378896417072 0.29405106016467963 0.6431285083040119
0.06366615749844284 0.8059866319188997 0.578488342567381 0.047476610448773826 0.6481962955743646
0.5712885034059917 0.014695467117653682 0.09426927981379496 0.7021129544559512 0.012450630854197842
0.5720851460917198 0.09009175423235283 0.2558508442969236 0.988217831950058 0.857891810038939
0.6143356538735317 0.8604040533713823 0.9821765530419618 0.18477805916683887 0.30391850907895424
0.4494033370779432 0.1843618818452022 0.395921544073384 0.1051065501043692 0.6360141556594565
0.5421174266877091 0.12592142806411233 0.704791035418601 0.8927204112807429 0.8894101215152501
0.24426566275890482 0.14048109319324387 0.06807421411003511 0.08291467626191273 0.1229151700254566
0.627232431544956 0.5111404751749868 0.9167462052615418 0.15398095904859177 0.6174008396797915
0.408682022312546 0.8425467264733588 0.059144962773840515 0.12449508763228645 0.5837465801917919
0.5452482964729193 0.9704795822904391 0.7828953621640201 0.47614117259557354 0.3394142983229096
0.826071673621573 0.3114620188887339 0.1502883649593273 0.16948293437520523 0.7546426393527803
0.7470482862326924 0.2826560634081964 0.5455691924994787 0.9956477474568531 0.006082034268373504
0.16216327784374085 0.39481166310544813 0.2742505314506517 0.7692454482630255 0.8876688594452932
0.8273598272251751 0.5877757209035038 0.3155894229093822 0.7653577942738029 0.9290066028479396
0.45662321815468887 0.4962043870307937 0.3776867974358207 0.20278617043200364 0.9825394267562433
0.500515244974146 0.31033148904760843 0.5683070221937018 0.9307285695753409 0.9396840832519388
0.19158933461869676 0.9023373914304655 0.043535432561061516 0.20950256668428113 0.9315490291201293
0.03472651820208206 0.07374924232578561 0.6986891730565229 0.8458622976489856 0.07304979426008773
0.6480051229085396 0.39925749081270223 0.4637857646035881 0.727085014967653 0.4193218427162527
0.2941714342675039 0.6050332353743983 0.2827243224133903 0.19954616834239125 0.9462241555247277
0.9129640801460268 0.14734702080980278 0.8499975067782823 0.7070274484820115 0.9799560666339419
0.859270476319862 0.8012222244086484 0.3506075221079723 0.5869233486986932 0.7753117982698566
0.39659878942212556 0.49799069246482763 0.37553823451685275 0.281498655690965 0.9579882654040703
0.7545475314880329 0.6434684868346219 0.1388051755915467 0.5382929369561481 0.4264920653623475
0.9505549697901265 0.8967067371063505 0.29893621611180976 0.9686259537943926 0.7770564740734789
0.46905542853411275 0.680721938533331 0.9017469314792497 0.28171983222072794 0.6553288891669091
0.4320368339351922 0.537956514717886 0.10327607602799482 0.994088258877882 0.6888482815554782
0.12330803626229292 0.06920119040081152 0.008153138699582785 0.762608355105035 0.5016345918929048
0.6032823470806443 0.8992163117911447 0.8920671794938013 0.7164297946334529 0.47568908005619437
0.8500331483189034 0.29069225382983344 0.8736743068145401 0.9287013713187077 0.71668324823325
0.6102778310691478 0.8506923567292712 0.45905081354414135 0.5089631548860234 0.40377266981520343
0.9372158348495992 0.3128624566253201 0.1718418145010414 0.47304544321889663 0.5287601723244827
0.734734574656316 0.696609020350967 0.024679201478450485 0.08710739852029381 0.5736354364117249
0.5030527129323951 0.432882373792994 0.8015781533132286 0.18697184469994332 0.71120903458473
0.7449428096993828 0.3581716047889947 0.9292673358557896 0.013436731155122561 0.9103113098753915
0.8154524749041026 0.23752424818626938 0.3486383822384067 0.3657243036373965 0.349203104877555
0.09679893885865976 0.3667619995805298 0.6923385191060721 0.07554942978549983 0.9141647416305918
0.1699573063648595 0.41186167245882577 0.33463030711872344 0.7048907302836682 0.4232378236969768
0.18244785657747153 0.7772444728235604 0.8283946235873267 0.645232702116597 0.5134073202650973
0.005419221634562099 0.8840482872293246 0.5153780193985046 0.48792727114323764 0.849028546397126
0.9368909046311102 0.4303710758276581 0.918561244177516 0.03196461939043971 0.30723337646851223
0.5705671665523215 0.2519067622332565 0.7208049449028665 0.13840267448947297 0.306725785708976
0.9096209606700161 0.977241480691172 0.15291736064346795 0.702683857581546 0.11728407979083288
0.1317970999478364 0.062132072962992835 0.3214161659975089 0.12035668546268152 0.6110484436989769
0.06015807602245893 0.26729344670221855 0.4139353074368186 0.3603287440185359 0.18471290088894876
0.3277364901495141 0.7704471291502333 0.41959129484961677 0.4080150078628576 0.6505911985108123
0.5016902693095188 0.7793627214543793 0.27042801752036416 0.6547382190354847 0.1433388057641326
0.5085571490476414 0.1689524283777054 0.22513830194528006 0.867825328522909 0.8673977619653501
0.3882595281105389 0.9001553128796926 0.9609856612279997 0.3622689308332263 0.8352744188465892
0.33267061573089574 0.6254385713551314 0.7255470030577705 0.0696278866255533 0.037395752548051386
0.2610810985079556 0.9707832710879245 0.8964973608022361 0.9248633294876825 0.46593423830081804
0.2281953633397238 0.14667818119918297 0.7754465375213044 0.943545408380548 0.8206794541253102
0.6447191655712831 0.5192274356100336 0.8924143932105539 0.40890234904430833 0.48007348580894105
0.4107840079545214 0.9074372825499587 0.4322694351838182 0.4475531143459034 0.6551226187031935
0.6983231587525854 0.4792951670767104 0.2374628630357506 0.03275599991280542 0.9527754646433815
0.8664192924983014 0.6643932687991181 0.5230158392536612 0.9880905132084277 0.6843145358975212
0.4528196581387194 0.16478887718137214 0.38288335011879226 0.9048949845726064 0.10633892754124663
0.7401817192766594 0.6238855478576791 0.2221577324894204 0.49991021398241764 0.8954071091680086
0.0020027148819444784 0.2665929365592431 0.9080544490728334 0.377299879727381 0.3378558519225764
0.5655698786986477 0.77591898033662 0.6376618186762459 0.9049032666630976 0.512800437997259
0.8347799998182909 0.13296943570079134 0.6222029507333104 0.8149046618282976 0.011097078743303457
0.9768147568727722 0.7341362673579032 0.10228458440103982 0.5691519253467292 0.6040210506223085
0.17405053434217732 0.872067889991199 0.07160756066532392 0.5640831525190513 0.6690346709203018
0.8754921020406735 0.6970890977257747 0.735731474232012 0.399315427117512 0.46423295395051534
0.38489915129123753 0.21317042648226026 0.49553924025813856 0.9553595246036917 0.957796913832901
0.6888392806474901 0.528118721854137 0.7333255483545509 0.7359339183604179 0.9077032905507946
0.038160123128906265 0.8322514247205753 0.6343512722632679 0.4524285619356827 0.5852877958733487
0.06854981746887279 0.43294253000747585 0.8011736089463917 0.16686079034239742 0.03368319619600346
0.358774031715832 0.8284184743935795 0.04174307397854604 0.6216268578474253 0.5926241937391588
0.9869679415262556 0.02983310127145089 0.824492756821328 0.5505637998190295 0.10513707239360592
0.5865289510668854 0.20110092382840294 0.333104761541695 0.09408744895084564 0.9123089889451728
0.7072256218938847 0.18612161742319644 0.21622603265966134 0.8205914082605242 0.8228435383563139
0.06035182639517611 0.4479988887394183 0.5937718302425309 0.3071588645620752 0.5003927045961858
0.47574292478101754 0.9334356937213175 0.16075291713274142 0.2119224662915431 0.7711094137674753
0.9786505755053307 0.8122391003890821 0.7420313878666015 0.28952983340340077 0.3271486213151936
0.8743601541000813 0.5729881431028581 0.06931806912004335 0.6303074289211891 0.5118566152829884
0.8640665261649464 0.4460429391394902 0.3251431922276641 0.27987013282509876 0.9712809460778256
0.5143421079293796 0.44557252428176397 0.8208537257413911 0.9537927187969469 0.9051543697513372
0.629986257250748 0.7105302959513649 0.14518529645477007 0.7128192114282924 0.25519900754358094
0.3012963865392667 0.7956871024722633 0.20989507249809414 0.9985601987561438 0.772067933108933
0.05950495061461669 0.3116254625012076 0.5773128808332871 0.271263402012736 0.9960918818117586
0.22318625084250632 0.7320242649762563 0.47530219978655264 0.4426098687723481 0.6131303031230224
0.3991334227509251 0.7975250936726854 0.7039643291309461 0.32890964214585827 0.6508257849210435
0.6523684775015048 0.9415952822984174 0.662966961635048 0.7780124800743766 0.15833188311727575
0.5442455686855014 0.7051549766636914 0.5820451933877918 0.854626372845026 0.3323897824409804
0.8608887849371709 0.11478589157469943 0.21121561526182786 0.22048050963756238 0.6040997914319265
0.12728722147805793 0.31759917637377555 0.14900221078457399 0.11484419323921746 0.45171871478829284
0.717920792951907 0.4096999021934854 0.6865021418549605 0.03165470687016947 0.877185920066915
0.9153059662298121 0.31573081794815405 0.32431552733917046 0.1513040882071578 0.6735723570808471
0.27135753275912655 0.10601444012025574 0.9276146793232112 0.8183408226923949 0.6047130605854779
0.6599501458926283 0.6325447439687747 0.5487640514802786 0.09809838846456509 0.28305560078947467
0.42057541596261805 0.8845938866430342 0.3700370625591336 0.08242121739396169 0.6925289049045789
0.3941569654661242 0.5423055572560587 0.05773921815725047 0.46675875404918077 0.1938112787830708
0.0009486520984507418 0.16739595227740012 0.8538871281768251 0.7779840314151636 0.5748679650776085
0.5860158704400622 0.2974846514780686 0.5094409500170043 0.16824859748782384 0.09349492479490396
0.2286623420599364 0.09534061828517026 0.10536404643859121 0.23909421800382002 0.2850134478482207
0.21146879662728513 0.7585935771788029 0.08044216554343753 0.05529154096512767 0.9136021705608545
0.48648849561135177 0.07596540130724094 0.49416026727172047 0.44683699433923085 0.3544228682878017
0.011311592773627921 0.5219719763472451 0.012136379474528947 0.7086069110744172 0.3784640308145112
0.8078087669757281 0.12251441856065859 0.4922185130167208 0.6013373958861239 0.21308105739016525
0.938727695257779 0.7199560491788684 0.7143722752146958 0.6599422104873165 0.002654059529950681
0.6508695977895624 0.5913365143816708 0.617986762888258 0.8753357722624909 0.4064657255925487
0.8459918851781514 0.6416670738958185 0.5292682546176907 0.5399561222710447 0.31229262206551966
0.9362113048913405 0.5533262272103754 0.6855385596116195 0.565388302778156 0.7035356089054727
0.41419036645116547 0.40471031636899246 0.8004961334759544 0.3024501391426694 0.4874459695157749
0.39480784414722536 0.02201440641962915 0.45996628116454263 0.29588248716110355 0.0012084363473588988
0.6457887582807796 0.9187092683718332 0.39912832207696236 0.43591634118153166 0.8198812835461684
0.7546151151199166 0.5152826662558895 0.6324059242086378 0.5793595932200839 0.12794010868059125
0.15969666511606395 0.48305520253438206 0.035194188661083814 0.8454727170899867 0.2410863040342106
0.369333148177439 0.07911276295483016 0.1361048810570601 0.5886018486799725 0.8945986781940852
0.3490810105662029 0.6854042461216353 0.8343474659105135 0.02117638753263207 0.09272575143970152
0.6592271521591053 0.40556615513814154 0.12346400138660707 0.6686706329429349 0.8776739183186429
0.30188994410497105 0.7606369609423237 0.28039863093440465 0.9432972823309638 0.7315602246986422
0.9876126883436123 0.255327644820289 0.7261461408094024 0.7683633843903696 0.33448280177683665
0.036306373040212336 0.0583296373581359 0.5035676894332407 0.12085390366733018 0.6157592389987633
0.5002951220342337 0.11757408622337473 0.8772352721082457 0.46118289420547687 0.1662125066381539
0.22484174041190685 0.5478805138316649 0.6241936856070971 0.08985997844171922 0.01367662215869625
0.2543866729488776 0.7762131891849366 0.9799541404403501 0.5083604311669526 0.9907349087360996
0.9983793147963574 0.4439389243356169 0.30086678532250344 0.7282532282280803 0.2725180190313854
0.13872630422348242 0.9245343150043621 0.0975007444514191 0.9426149507254249 0.13959904619929375
0.30704923720809274 0.9719253088510152 0.2959589169239465 0.6887598779834351 0.4882414064519335
0.40851485034497514 0.031596901581129155 0.3846007771264882 0.3450537743274851 0.13434672064295994
0.4644004502334953 0.12074839013615357 0.3991411105839402 0.8566170947939526 0.6041960630035973
0.02597873944428386 0.08540258026011738 0.2279144942900485 0.5760178713924068 0.3827674325925635
0.23650954672306246 0.6125015577107855 0.6338788994696719 0.563650371826962 0.7117047106872046
0.12026897182121266 0.6009276275838614 0.8453806306606889 0.7393759688377388 0.4138474676144501
0.6164434924851542 0.931191493537081 0.9077554328175265 0.48656231250358406 0.06070950221588867
0.7234057909696902 0.9026704912528186 0.35629561833616974 0.578408545040915 0.9219022923720356
0.1275372554946661 0.7652653095585038 0.7145412980427053 0.20106306020579934 0.19916673202022306
0.4564361388101056 0.4378454213109183 0.5936294411278895 0.16333750899170618 0.6793814885307553
0.8976942092181007 0.27499657018779466 0.8882436536722532 0.6534267428950011 0.8908335092826831
0.21102845132201165 0.29986614818669755 0.29608517147505964 0.9681909132813049 0.9577543034818393
0.25700141541933297 0.9130930309633394 0.0757923411570901 0.7817035375638896 0.6884894981682259
0.2894183044229135 0.3495033854494083 0.19340896892564308 0.8411651903664825 0.6046409154190988
0.7452329788614862 0.2545136621998163 0.34075297200898425 0.7491174238536983 0.4053526085065652
0.06316738045185843 0.19686999561875673 0.03851732150339482 0.8672151702421974 0.7841039307476162
0.4735855558183458 0.09116344000835608 0.34206244487634907 0.7173326065511457 0.7398148765653527
0.9806957504404713 0.09802474051449717 0.9646722162210078 0.5506591772122892 0.889032352255524
0.010999628037785536 0.2296769280866242 0.44155319017372785 0.3826393670888397 0.5991863061119879
0.39288133370811884 0.9574537969092276 0.37777543514483347 0.025791802390248586 0.945518640525792
0.6785370576017273 0.6332160112466513 0.4793636742841616 0.5941502541811019 0.14577283847840006
0.8464374663868692 0.6990958940332971 0.7509319500445217 0.945640858091554 0.9666235117441676
0.7710442422974524 0.06822493065088109 0.029054622470360947 0.018754879466038488 0.5127002295482352
0.8388044492109686 0.15619236854486385 0.6177865331438821 0.7458158579881357 0.39775909403491405
0.33061352827370627 0.05283829249373129 0.1534120331754658 0.06218769260301782 0.9663777273372364
0.24897462436828777 0.6283721895707937 0.9202028636840599 0.23441207887001325 0.13790564601698485
0.8636354193619463 0.011780578922021556 0.3275482021332763 0.0911897566767973 0.11000092136876216
0.09960428704064861 0.2688698047254552 0.22630893221515513 0.3842808379715985 0.16747653351710157
0.19238073782604004 0.4296501216274452 0.2875839904948405 0.9044109419451363 0.5436604974357088
0.7016044384130907 0.28450206146907275 0.7732559318348963 0.39563436211821745 0.33029177710324764
0.785570122224862 0.2365706193799506 0.22206187900905394 0.7907391149984877 0.6545382093219974
0.12898876367214218 0.4476825807437548 0.617187016976785 0.25201261787198515 0.015744533119823823
0.6960083788307767 0.3931161055409884 0.18815644673071963 0.6570077011129724 0.4903325766116772
0.4832365932950399 0.76414761530722 0.018265783780090583 0.21859308398899624 0.27420440873169616
0.9547868732925514 0.4714067374527927 0.20274555363840618 0.09245234603430641 0.678246449344197
0.5111324355791237 0.2850580330486001 0.2887136320231235 0.4351777624854798 0.8894144737712874
0.6547447715939859 0.26048560776250684 0.17400495116928294 0.9862811258964103 0.9982842395409443
0.7790629606116307 0.649163276005598 0.5715902834475848 0.2683979682884128 0.17008894494889437
0.6967459696054209 0.11368007348077869 0.9021465410411752 0.20480811191204706 0.1645818399426645
0.7666766363602783 0.4541058818136008 0.48676734497177976 0.6115691339833403 0.37525531942958
0.4429414230721843 0.8411326016553399 0.38998788259916606 0.470138189588577 0.4437612880254266
0.7053060825085026 0.7600214506767621 0.31595355946872017 0.47898625874899137 0.15251144248535842
0.7092056232910976 0.7281651632703232 0.27304011728018096 0.2200924519309937 0.08936654347840123
0.08803159061450494 0.8336287090749674 0.8410640272452322 0.5383885531434487 0.7973025262378309
0.744658510591153 0.46563760828209877 0.1078210701991219 0.5186169994438068 0.04263142115503571
0.2122039704438914 0.8782198610593711 0.9280374200708605 0.542467132566432 0.016556158430166334
0.12085885318020773 0.9079100797698344 0.3355153882713042 0.3401075568391416 0.7726141172296882
0.37219401403089836 0.9471464404994014 0.9223481908856721 0.8932073404786126 0.7439387890794534
0.31027507248461617 0.19954327176375541 0.6849645862275983 0.3443497937674941 0.30657315875889046
0.5260583400093263 0.372802168587657 0.8901457895815448 0.5672126481998646 0.399941481985459
0.2187287887523941 0.8135413986938702 0.6668399806764095 0.3534071032282531 0.7995263359241372
0.27135818415385293 0.15788061342384485 0.6152170932184452 0.023312245190291403 0.32193004681449167
0.4164384204239191 0.5154568613315167 0.0007287241880481465 0.2825921167559664 0.48165920964565123
0.06692372936020785 0.42208276832701974 0.997974916673141 0.2690794598223961 0.46324477607344494
0.8666686076991654 0.7142440355649109 0.2742476375587626 0.8349502531552835 0.44298162013623343
0.36289369548177575 0.46243268848178753 0.4908479552249766 0.023275672750071252 0.13769405243830868
0.9429071950877217 0.012047223692388975 0.09001379233044893 0.7604816258547602 0.3339076170936679
0.7313847242851634 0.14201656993804712 0.14879392625064292 0.9630606578693061 0.3737389676976285
0.7251607938861958 0.33867332694811836 0.5700708977694211 0.0009117222164922723 0.030086707433399695
0.4223362045678406 0.247687634435519 0.6806426212373455 0.7815364156893218 0.07237227454237971
0.29218407036660754 0.16861972921133328 0.06977015069920445 0.7291308615281143 0.6724451971320953
0.03508801566456621 0.4191851213164308 0.8790451073904315 0.9773129881590095 0.6130321958423691
0.7209133415604949 0.3990666341305408 0.8326935630324716 0.7933626664854951 0.998207778096984
0.02223734351313056 0.5224636861640546 0.36232953712645133 0.025314910115131428 0.22003306397049072
0.30153038929469467 0.7512041094259113 0.28192360426742313 0.8488526465403319 0.9252328759728536
0.4438469329493122 0.2617193148748743 0.3774746939023771 0.2357358103272883 0.6878609785652122
0.12385641202204989 0.8110356987845123 0.6237815226047647 0.9709666009607129 0.5484830290172813
0.9007794010047898 0.6385473336644343 0.05725737216256177 0.8254177197115826 0.036991924499099826
0.8998339059631739 0.5217387716938584 0.6834341640680858 0.1611214344105938 0.1519534921445378
0.6421993640306753 0.6682653693499433 0.9760998253945373 0.42036323017591193 0.7923178582880828
0.18301432317196253 0.6021051679093741 0.41465017318768604 0.5305801908119474 0.7820964156095669
0.8945679321954025 0.935099044648156 0.05659934399712352 0.22456083611746813 0.06499321118963852
0.2910347590963346 0.5564035993941485 0.325903981562531 0.1282060215493449 0.27970885529911504
0.11747757718222529 0.6280851619626285 0.24517443391548066 0.6331488096873943 0.105237149594121
0.8494777455855426 0.5454588952384877 0.9180723518688401 0.33812429447775294 0.21142877997221887
0.6470248602613475 0.10280380595714411 0.6694539483462355 0.9975150706500937 0.8648725403874791
0.8219231800568183 0.41098019767195626 0.9821844931871084 0.3816575989631461 0.9770689782130697
0.5283984551554286 0.4758910447473744 0.24354234454076795 0.49631929767222427 0.3900929816732571
0.7261528319991439 0.7764767226472329 0.887914097352642 0.7893654075073623 0.9385199087454917
0.6711640788043148 0.10945058220881065 0.999464097307619 0.012041073128447932 0.5491946937532008
0.0409856512916289 0.49194441383463916 0.8831267679413307 0.13152469249629295 0.3709998808670082
0.7238328170430971 0.9226053367934305 0.6135433785765226 0.7592809349352999 0.24733043415846712
0.12280738912210853 0.6519240279456132 0.9305147211490001 0.4589700727927798 0.03157496444942398
0.09943925330896963 0.5767834609282182 0.5422173011361966 0.2633988385285373 0.9317677883731684
0.26257903206628497 0.2997997748314445 0.5836242432786726 0.5331054597901558 0.8489381691371105
0.4579322173929603 0.424038560408471 0.04270167969713845 0.058429430278887695 0.40945106507115403
0.046470190125219135 0.6243991676974584 0.8577295025156312 0.555048727781952 0.06148823428368799
0.11145964702731481 0.49413638160362916 0.5632448420212979 0.05103330097075076 0.304370474808337
0.38798501671794094 0.8529997169016954 0.8216418029008883 0.5665070384073838 0.3298662015002579
0.9395900020005704 0.8055784538562951 0.800818916711507 0.0778971760917615 0.19531734813336832
0.4340970074613564 0.25019283996957165 0.984100422970205 0.4954071928640611 0.3203880483569046
0.2486967547720993 0.23949619814811973 0.05568625451155218 0.3088582992269132 0.8192920808343823
0.9159137159130025 0.5859595704513489 0.3070008521234667 0.7977482890905319 0.8366470053862755
0.6291046067723084 0.008694205754029904 0.0845145962831082 0.5859070847637594 0.22948154196917347
0.747512669593592 0.21215394247042996 0.7845820723184695 0.33560452608192115 0.2040317215730273
0.07367844257718059 0.5831721874801155 0.4006806645780846 0.8191200651316616 0.46330048745551433
0.691538273707874 0.09435668989741641 0.1291326157152296 0.04569251264987184 0.4091231617643566
0.47338848754507545 0.32604144366554844 0.22414820806149294 0.7597264670224518 0.5257326979450953
0.65654084403966 0.0954189915687439 0.07182815323912373 0.7748662124355148 0.9075077448120981
0.9715411811325673 0.7347735117708811 0.46018015770997656 0.5350890272830424 0.6567708451723875
0.7088549264074905 0.38817588438114126 0.3736874466511325 0.304796152143303 0.6357323675351599
0.3192300813530907 0.6735714282021577 0.5602375054632269 0.26669600415451955 0.21453702803090158
0.7016206890205049 0.8310989988301726 0.359644957282947 0.26641463226463513 0.5944597178404568
0.08225728302801016 0.4939928204419799 0.06653348503933643 0.6856206708099912 0.4088946921988438
0.47502230846472593 0.8147682517976621 0.0027640188804239907 0.02758007863026235 0.5920758426085023
0.9752939831199243 0.35062533514468375 0.28370263430365417 0.33067159854359185 0.3067594818327969
0.0322782595293839 0.7740986006493368 0.51055062167143 0.036747765081353134 0.25768971371273297
0.8188768858662323 0.019946853185718316 0.02082773653076786 0.6647674663190161 0.7269214827340064
0.076983152457893 0.43382980655004444 0.7355968214448282 0.13460320264348147 0.4154238021021712
0.5567495901520892 0.34752334741852986 0.4804726020130783 0.5415147701481297 0.028218140102962863
0.1919594467239717 0.43341085457775663 0.15556189006432986 0.4966140846971301 0.8482621144917583
0.8454338733933284 0.1625712659096228 0.6580436815316658 0.5883458610523454 0.8263513225902758
0.25669749421861543 0.9127100382123678 0.06551189577337369 0.062336678981960714 0.9291147858741193
0.11077101071004858 0.4822188258312403 0.07182372815648197 0.668007363300101 0.2529345229232719
0.1878506400354384 0.2720193505016474 0.23883626667018443 0.04584614947030241 0.5051161914925947
0.5651581337951633 0.3312579660096491 0.8423707149668788 0.09195615331465978 0.36646673484275527
0.5648731860990365 0.4742120608463445 0.6252968997091136 0.09920395786394387 0.536487269985558
0.45187545997010237 0.4239060192940851 0.9281083108593884 0.8352156135691711 0.6107457050117149
0.19494867815930728 0.9408279797693734 0.7720198150477493 0.19595881314347952 0.23144875144002075
0.9480612663912746 0.9945699205451366 0.9740191313757928 0.09686013532958904 0.8182339330494853
0.7703933224865571 0.14206970876635938 0.5710963813919576 0.7512914059419624 0.8831998617029877
0.011265589743242432 0.2669631638992116 0.6988528602801293 0.6214156832695765 0.31755343206646924
0.9128939630184505 0.18019764113868175 0.3295563806266062 0.16313292546685543 0.03428187810005778
0.9913606867170555 0.8799497876389422 0.3038126940115483 0.5376863093798637 0.8560496501624169
0.6606023872695288 0.5898071090864582 0.861358911732228 0.7447585996485565 0.8245122027794819
0.71897573868613 0.29306044866901115 0.1360935504636659 0.2886849336124119 0.8222371911543759
0.7321042912639721 0.3577324343142154 0.09898446308446984 0.4522178560955912 0.861770593070371
0.18075973140891166 0.5365698628744641 0.05467837856574831 0.6735921021970392 0.7022519937918914
0.8700109427449408 0.5206082546550725 0.6110489296154393 0.06221192077483639 0.4717987912494169
0.31968121670221783 0.15066805819416174 0.451354516065844 0.32576458840277356 0.868162634000453
0.17806420081974506 0.757113820230404 0.1020414433267316 0.01900102567725892 0.6111018620743591
0.7267836462175115 0.8649783445456364 0.5567931717221996 0.9918598467309823 0.1016998757190597
0.8715430907375958 0.5235054261582885 0.603986280764458 0.13423155894436745 0.8818221911422528
0.21891504626689284 0.17456832784604226 0.2769181908218432 0.2457527332417112 0.9247283541468083
0.8498807147763567 0.3394630595553517 0.49437614759005943 0.24189127296729562 0.9938832011638744
0.7613918191457023 0.5968605048979874 0.8399301925368987 0.2807398512346665 0.44481115983527475
0.06798667287084659 0.8029225558069893 0.017585965349038446 0.8707238940697417 0.36315795207691604
0.9143970490127722 0.1263525755158641 0.18459106176870776 0.4934669507821199 0.6875262057840434
0.4572848029426373 0.5029337377371197 0.8395885493180588 0.3136626064035848 0.13735254041372846
0.8163665209273778 0.98896392882088 0.3506890511634898 0.4390308555500484 0.632282271919167
0.11709108274455893 0.04253531838233082 0.2591946864769489 0.9273093773478192 0.48592143967783696
0.799359611664365 0.9659219788095316 0.5698100361906749 0.26830996998709167 0.3916749103528666
0.12084859003150605 0.4232468176149521 0.7111724606917124 0.47823867197065983 0.04829790093636677
0.25050286894402674 0.35775982214708946 0.7412011843835418 0.7429753907371313 0.015460952534858574
0.35975983724245864 0.2046016485796064 0.11596107809162115 0.6577977789453141 0.6952047204133879
0.6443925240226731 0.7606040860244015 0.024043861765371988 0.8477072792167432 0.7244485101431277
0.2673424183705614 0.7012771390443054 0.24300649120810336 0.011536469357135481 0.8747241637873937
0.4306053908292867 0.19728295618804537 0.5313900596172804 0.45716374029173323 0.9761390797167907
0.3698216810574736 0.5001860974125281 0.9137781041772934 0.9912031267844359 0.17621451902379193
0.27212483227129447 0.12471707210655902 0.26551636066422946 0.3118055577407378 0.3681225680590722
0.46985970262927945 0.0732496232183153 0.2991373383508822 0.47757816698077515 0.9574328908378016
0.9813593239737067 0.6399260262354056 0.9342590623356469 0.9089393182920926 0.9996350376600247
0.6150282902418144 0.5802014333785502 0.49673662621560744 0.5427771713231019 0.28551640140639256
0.5097081357906197 0.17193058121824434 0.6056266140844953 0.051204474250585164 0.7599194395317252
0.7281985612170683 0.35225234246627424 0.6241858733913249 0.7105517647252895 0.12340819709199347
0.9998537127180297 0.08829756579507642 0.05423233429664798 0.8458806473951905 0.20775509888895682
0.48207372274967275 0.07642311539937141 0.7974539643739043 0.666635463677862 0.29838000809091336
0.29614464684849595 0.18943486293761413 0.030481504961320516 0.10431529950058971 0.6348581320407696
0.7593596053869089 0.9761516094602118 0.25344327480968787 0.17638442398807608 0.7965957077720437
0.29581384048376624 0.7031566141499765 0.9782864176887813 0.5515687568393036 0.7461062683819718
0.197765764530636 0.8088259163772734 0.9569056674225092 0.7877157133279921 0.0802337601148374
0.8701958956966286 0.5312394929471268 0.674708570805433 0.30048427721197113 0.8268095378214696
0.15820381219260682 0.3621244437959794 0.360556357953568 0.8146452807161847 0.2878796031940798
0.6437713725236196 0.046557297477573756 0.7811478082444425 0.05774721385944437 0.617745886693442
0.8003238716465433 0.6100265154518886 0.5065009241953479 0.008586747638895331 0.4576061022487501
0.26907113518151426 0.9075004381249102 0.11132551950381098 0.7405890374829034 0.822534929273182
0.27865635273517964 0.79671484649789 0.09009436113313807 0.05545633679543904 0.28103250406717006
0.23874466492292068 0.7849001156553718 0.02008276351289362 0.550987528719895 0.3706203733658002
0.3121404704269293 0.8103013765186726 0.19372876091381896 0.8747154456168629 0.650998475915075
0.48060163932743416 0.22317003295029603 0.6403445148564549 0.3824249049494792 0.24258721715553744
0.5345286105068868 0.24079595722456404 0.17051259874567104 0.2043527447136796 0.3450239292974291
0.8091416046317865 0.10756802528650089 0.8747235626286906 0.3208173930443261 0.031163619815728683
0.4293829710335645 0.3953791422040014 0.732782062304923 0.9454949326895971 0.386607518975294
0.03719376411861064 0.5541463546697294 0.8283065174867994 0.850497770417472 0.15513071379039378
0.40816310488565133 0.8516922690117718 0.3528946577760983 0.8625559492456099 0.913540953127997
0.901781709598242 0.706205100149065 0.4389936897753489 0.4652930736530634 0.22070353425014255
0.19905315800657286 0.18919739998206997 0.6764818328026254 0.7419749847182442 0.34930275281241496
0.8134230862557016 0.9953589793068128 0.5873518726570742 0.19010030451868332 0.49074935934643116
0.2250433286973933 0.9052364772834324 0.15853937303171384 0.8582840275021294 0.4755885947887477
0.41132657752764046 0.6984398777676154 0.3235500884272109 0.5210305867305486 0.6609186493156165
0.38549110638690987 0.2217032280773754 0.7189629804765028 0.5395208474355045 0.1464871580248488
0.8279289318399847 0.10176126417007914 0.7904376130556859 0.027498268290126915 0.24531565913051823
0.20752271635538921 0.9927145340024324 0.007444192293849183 0.16986453630966014 0.46675986815791726
0.07336125798581883 0.24213716962994547 0.8938921309299148 0.4578389384002617 0.4982895637740745
0.6927564776034385 0.2169600016607699 0.7887286170117962 0.9814455729412632 0.5520411480202354
0.6141049623504542 0.18600448040742512 0.9878558592283877 0.9088103963529702 0.9891936408994594
0.9624708536185658 0.4740642994190658 0.4382828579363819 0.3299045887328529 0.7695858767439603
0.21954579572980237 0.7725871583474414 0.5177406296728246 0.38391359933409175 0.6186245803381987
0.029257196405296004 0.7652655621559393 0.14388199714305294 0.9823964714341655 0.3001988133308804
0.8490937100723296 0.762032778531278 0.06631311343291835 0.1784241849825713 0.039778477401111845
0.36745137832738617 0.9679294668607287 0.6426981579555421 0.04737593646253957 0.08666569904995558
0.870171837155026 0.8354363720229931 0.10654563175734333 0.7141377383922634 0.5868638388210511
0.22510539809431773 0.06492813252103635 0.1467047800664537 0.1952141273473207 0.2486531466716947
0.8706965514275126 0.10725779526325818 0.47883084879909155 0.7536754739245676 0.30016901203484225
0.4652516648109971 0.5697850214405649 0.6115964198659972 0.12099023614194981 0.7611310339549971
0.16910647704303228 0.9760051492232951 0.5931300167492947 0.9209836236654143 0.8753853043466598
0.7666012531166977 0.8839826521903935 0.11959072548435801 0.7389966460695955 0.2049968617306347
0.909552047938772 0.5773104739189998 0.4537193189582519 0.8800473807286295 0.5585442250520285
0.42984279443560947 0.18510553798308327 0.22076730033788428 0.656362482455439 0.7582590932125413
0.04024900855117475 0.6291132377536037 0.06805140782360686 0.9325034060882731 0.4875238817041909
0.06522141218794608 0.5567946367207454 0.0039417355916001595 0.7503546465823593 0.7761186527440896
0.20319100642579713 0.25967754165375434 0.8611302247225486 0.07323800737988295 0.30653748566367034
0.042741568640667915 0.0031062032569628695 0.5043353163643971 0.31889729108212284 0.5561451742140987
0.8072438145202533 0.9643692520428205 0.1733537240749703 0.2027915134753222 0.7419494758470819
0.8079088129293484 0.6513134030842073 0.4301631659791202 0.7303776364388586 0.9523998794929955
0.11289251173151038 0.8366426843203599 0.34465369811235147 0.6674759608517894 0.6025274934905721
0.645343779925057 0.8705458549858197 0.40007957835153374 0.9671823370849674 0.24676645894846394
0.44780802083859683 0.3188086886641508 0.2069515701971022 0.22498491967292877 0.2182189586118627
0.7715475934171352 0.9120183823746824 0.6531624844777196 0.8515903774747434 0.4800880775487745
0.03917833679816263 0.6626346266928577 0.37171372682766735 0.1950579267953494 0.611056616429177
0.1434466465775116 0.23179241802643147 0.5302702626966911 0.26568711450513016 0.7953507871941982
0.27264826459073277 0.6467903408203757 0.4206157744133012 0.4547048566941083 0.6121469769654604
0.1136475157241813 0.05772474801413108 0.9477653131209319 0.9765065294596647 0.18753736501517648
0.13225799689217022 0.6001616798464086 0.28616624560231885 0.9286897227168542 0.10224760541488354
0.8551806203097423 0.7131120068291804 0.5624904495514185 0.7720600739970312 0.5361283273064167
0.10712101140958086 0.5746517174174088 0.9375173918401783 0.7711349912551551 0.7215757096024005
0.6137855691292257 0.439994590650875 0.17728584978702755 0.6509994060074711 0.3614594785574772
0.6510169290669696 0.552379180932578 0.4012002897595951 0.9979905833990458 0.1736154041786434
0.393156586027384 0.8319288916726209 0.04731069344054106 0.40472510272592765 0.4152823087531792
0.9891997689177024 0.4052639450916511 0.42192401445362626 0.9617062999759299 0.04476501681284761
0.4544918647620477 0.3775982582407573 0.6315739017809935 0.8736598731700377 0.6658438230045816
0.3433845127853129 0.7693062917177773 0.2585132551626911 0.2882583175766764 0.6521101502628632
0.7631338952680903 0.48204004264016664 0.06112684506442401 0.7062544236030863 0.5314244818665731
0.9604772625330681 0.2862052534028393 0.5944107806222736 0.8710357533315561 0.037171221398163645
0.29982192468550906 0.43264112577512426 0.8475390713773917 0.9575165568789422 0.12439213789996018
0.7321923377109925 0.8286781080469776 0.3732156346568075 0.23006168818425288 0.4778461343327891
0.43802755235618607 0.09134657041514704 0.4299728366221114 0.3055319572400004 0.8375577426958731
0.5255957431197341 0.3133498927814644 0.9478182244175076 0.3569574335193916 0.5891761545974641
0.86450353715113 0.14315370756030021 0.6710114226112425 0.7993288256180454 0.251869537542316
0.9440967867956906 0.20700684792008484 0.9980654617580158 0.45337080738989877 0.7330090782957108
0.42551094580595716 0.7702238620415878 0.8224772249002557 0.9345451317737488 0.14630366091572589
0.7117852837519888 0.10091333627453014 0.20369606358050474 0.15912235615240788 0.3171747485945934
0.9160561783232852 0.3235080355697535 0.8767645245874935 0.9634261189529856 0.7645945348523157
0.26991859067282686 0.6074398690191262 0.8389298423787462 0.05447919155254388 0.08688571903003417
0.7571347371663091 0.9877673267599114 0.49796373828800433 0.14512122831274366 0.04485178285322833
0.38497712132043127 0.06270514836657792 0.06653807986174853 0.37107511677179017 0.8028425209123268
0.8109451699279682 0.671798590599136 0.4317438792252024 0.7857797547075299 0.8755182071666491
0.3730775957522895 0.29027621283107397 0.8445807878699336 0.47620615427967183 0.22086760602470623
0.1665576886145962 0.08267614861166905 0.2261815029760441 0.5920627765418742 0.2289617791449341
0.987139549444437 0.19601534103606066 0.9196567328050285 0.624648909539059 0.23285106424773527
0.34407823070234766 0.9166635488536155 0.4953493767843893 0.8050312295716316 0.0588769169561143
0.06691194349768537 0.3106791611265456 0.7675421856361456 0.8471978374311028 0.9254876156814128
0.45167456752425117 0.19959770402945454 0.3232519078237106 0.21941245078765337 0.548016602237927
0.6043254807452129 0.0033437046159505712 0.774927128833701 0.371055982404322 0.051029125267155084
0.7130025661253442 0.859515174343716 0.0577341831641095 0.03311758062619963 0.9672395245480448
0.91724541613361 0.9088335792074992 0.4340412014122137 0.41665872620375133 0.34330301439373645
0.09247671113704858 0.7037340899142313 0.6310216410701074 0.021998470983125906 0.7419368430719827
0.39449027639877476 0.4884365223990462 0.49851200900003945 0.029104848532392147 0.8044640119632996
0.32933012219804947 0.9699931507042795 0.04945601946060685 0.44717951767041886 0.16407945888337516
0.7135026950329693 0.38767808121950176 0.37755084523487736 0.5778695480237858 0.3164923508341919
0.9647447214630777 0.04742541455099403 0.6405439052227363 0.12452431422987953 0.56402971937642
0.5031076547831154 0.689911315864858 0.5819488457802815 0.43319170638787696 0.7435657933374177
0.8255162465164493 0.8700427107598081 0.062224320233404184 0.8148096108985354 0.9263704644558409
0.05940193496050594 0.28116598872825027 0.3022536116062744 0.8703715042867839 0.33643012471774825
0.43254651221613605 0.3449558654822581 0.1990579068279572 0.32092871856498517 0.5824939227960596
0.19678682267162007 0.5484609125502806 0.0022222616655351857 0.11678666289491801 0.10903121344260946
0.1933848862626827 0.6291911636319623 0.27548010760943664 0.770923981252112 0.18556827161467382
0.02612156202761451 0.12927524925094847 0.030163710176268732 0.4828859412546018 0.34433561171034754
0.554154418743663 0.7635634834202326 0.905811199811856 0.29849600424489786 0.6764767859279777
0.6923714514100655 0.03165240326340635 0.4980162719335057 0.15913401905656455 0.24207051542545288
0.24013718412607565 0.24248076861903822 0.957527028127215 0.01950940422313363 0.5879207366736399
0.15945820496545726 0.7826552692190054 0.2461484113753173 0.1385509211869147 0.8815397964629547
0.7392835307624102 0.47118722232273014 0.9006407596998475 0.8093954504367826 0.5992507762670835
0.3064637155214759 0.020554426616889332 0.24618255258982102 0.18329581989810018 0.403777596480698
0.8525827955893152 0.9433714936198383 0.206540397629685 0.7714489020323735 0.5454437105345593
0.14245125624637656 0.6938254654401724 0.2288411511509052 0.6848424356448907 0.7699158230766134
0.8701771561005742 0.7947620115553102 0.936726913244806 0.14098107774470203 0.4008117627412666
0.7731398447735633 0.6014794070779683 0.6479244378175472 0.41234640983665183 0.006107425710465408
0.5095720966006335 0.6450671976804842 0.1238210177057949 0.5876931515490154 0.6506331092874904
0.784662052861814 0.3554356054687279 0.8021301554828282 0.33325088585671914 0.19785459891901214
0.8212011897396004 0.9128923387780887 0.9607527944057083 0.0002080241209434508 0.10635261366098203
0.3579098534872639 0.9153736695141301 0.5516028306243558 0.671051437245006 0.07517987627800149
0.828620124815691 0.2742955802103988 0.3677986644825578 0.12876259729877926 0.7169986383429063
0.5645445870078672 0.5984607895267666 0.5572181552678671 0.4420332293537642 0.2228144111719258
0.1647656874440726 0.35270023277680995 0.3787343033600833 0.21054844129727823 0.2617152687946426
0.38995781596974344 0.5408822319844306 0.8902574132141976 0.12318981907877713 0.27436738764112734
0.8658866549783641 0.24211397594324446 0.6243630831591488 0.6284912088104881 0.4000760483333322
0.0328969909936252 0.28113183608823833 0.04154124223921041 0.7452486422135676 0.18635909935572115
0.6697200903695738 0.5588160553724097 0.12890530145989232 0.4882594702626998 0.45866971167294923
0.29429114624740216 0.38923057636614533 0.2442029208170421 0.902165753977754 0.9164061333396855
0.28155417379693426 0.8844242696971132 0.7285952062201706 0.26197361867691193 0.38096565748213573
0.7264647441244296 0.11993916041483776 0.663920684446875 0.866998859823244 0.6033113199064098
0.2892876718341091 0.23471997404688705 0.5407825844750808 0.7702929415723481 0.8590275447494081
0.9622864058887222 0.9187479783470126 0.8870637183526494 0.6674291932192026 0.7524823911775961
0.4668639390031848 0.26970436579298784 0.358148760677358 0.3817123400653819 0.4199433810707843
0.6794861040569401 0.5221703900094663 0.08986002743444754 0.06871499590138475 0.2695155522493985
0.5272889155092311 0.4019150367485954 0.965998562018838 0.21584512463493832 0.9333372821769521
0.8143638773528742 0.22966107081716203 0.5534950435843737 0.2647908731754476 0.36370378608817
0.3028930368498258 0.8111630526282475 0.7047107525671832 0.8672883401403001 0.6795154047860988
0.39211411970194143 0.08562110298610581 0.18473989590032225 0.13555461574435468 0.8450528325523486
0.10234087128472691 0.8799980329715676 0.45463195868854134 0.1602235788968348 0.9364107936569424
0.988884161084064 0.7421470027407269 0.880859434664524 0.22966446959752562 0.508315164693051
0.9861735669425108 0.3276078225815312 0.7222830976210781 0.5857353412566194 0.7386268579715026
0.8370380396335654 0.6000801571024649 0.5175429829018193 0.7748950261301153 0.7909011669697629
0.37183371990780756 0.08418872008060585 0.3624037775198772 0.3013038024545178 0.971377674651856
0.720454944440388 0.2644652073768784 0.9853677739837143 0.025382947622247132 0.06569134884495142
0.40279282846646935 0.8947390736056432 0.8325675012703841 0.5636117558541954 0.24294728903585383
0.8902804587190875 0.8270526346674747 0.8122964823572664 0.48091513397486463 0.3467334416067127
0.19426444234431572 0.3589515612386698 0.30430360294966585 0.35674132047082974 0.912112147492783
0.9100874307515211 0.6175904840216375 0.010219547384657912 0.6649587416444617 0.7317229743872158
0.6913824290577106 0.031699874970316566 0.9781057046661901 0.93257355929873 0.2652426005046028
0.6864164324538415 0.2976679693062142 0.8504319120243298 0.8758603015334426 0.607530563107074
0.836267876499753 0.954655161766767 0.4496131452733073 0.43763726621747157 0.10085635888531708
0.7005707240380102 0.9243885014514917 0.38702772445192635 0.07631634781118679 0.2743184292604378
0.21775682660140472 0.8644649842906877 0.8750743906816041 0.9922873343529959 0.29399294763734596
0.9854172801894411 0.44922401612868834 0.11237288068143869 0.04226147962693405 0.5718192358136439
0.6138800443916299 0.06361575522790264 0.14255997739654247 0.6051071043991858 0.588455587016768
0.2758086931314342 0.6637044933454936 0.8233803982763396 0.9924492655479752 0.18595695681202074
0.9250189363970274 0.3176140312200456 0.31071210988617126 0.8032987739356023 0.9887634152868501
0.7704822219515155 0.2633970319886074 0.5667452582967811 0.927213758402076 0.5670257734533306
0.9862389100052533 0.19494068300824963 0.5536022667177144 0.7169845874629283 0.2286965228544029
0.8134057622201751 0.04797975421629963 0.5607578162989735 0.41363785882842563 0.8339281737204334
0.3062916478245221 0.9547675279077098 0.041368185041138594 0.5807839701685787 0.6404913271535234
0.49843703215709945 0.9793006668014476 0.45882895846145555 0.4203395925422915 0.2642908485919401
0.3217098638190403 0.11155743050208855 0.0884404377656065 0.6141200463094161 0.5489262619875807
0.41503957105646083 0.8055628059729163 0.5592859388556334 0.7578915350647485 0.16556247154457704
0.7400397950810913 0.8116104498252992 0.12490090667556952 0.09972678454432682 0.17997671865028375
0.23417274718984837 0.5723215551052792 0.47715326020636417 0.7526925530698972 0.4186943611900804
0.34653465364086034 0.4091373055951597 0.6401764214007534 0.3042060767142234 0.30960781388825065
0.5655915031505956 0.05435987117538332 0.5430751035845583 0.5236409319970801 0.4537310108758057
0.547828530021612 0.29972392343002385 0.48759870000415995 0.5570144219299926 0.15890415558522608
0.48545912921818035 0.050194870507617395 0.07679362852039229 0.9220213663480744 0.16148453615373848
0.05128652325177874 0.04212364982636174 0.32739769946782216 0.03986043633148073 0.7130782748082299
0.5339678697310098 0.8343544522407474 0.276061025015352 0.11008872407981063 0.17184182798600733
0.04101079961968801 0.6182653507240279 0.5367970490480789 0.16099319728757366 0.5872229052961647
0.3028982860512883 0.7297604450706298 0.7706178117511701 0.045907266254773926 0.7851888719768051
0.9127084138825716 0.6634468393404682 0.5171934832401973 0.9715994824953577 0.671754707653571
0.2879809018875469 0.7135851048018982 0.8215382220229405 0.680974080828877 0.6787272132998379
0.7919431229104777 0.7816312028631939 0.7507318653494223 0.1979096633245111 0.6014606453723678
0.5559066149465055 0.5513604092283187 0.7379611336176711 0.35377877224322574 0.8487060457234316
0.673870386358465 0.11022360422181077 0.9696405374163904 0.2631646604971317 0.25248483435953484
0.07913158844311152 0.9925811226726279 0.3140373266733337 0.7050664157560272 0.3341311649269826
0.9160447805421713 0.9581339384996359 0.4296614885185406 0.0977750788718097 0.7118924518814993
0.6434529412671429 0.7060836312280699 0.5738347646851775 0.26604066900375023 0.9200273717050688
0.9436682304827572 0.32019524036973346 0.4648489638668888 0.7334148112107902 0.27456580130450525
0.5596189967538515 0.47585019643898396 0.19344031326126299 0.9334654530483347 0.5678085399220096
0.037493997967805615 0.523843788464898 0.8226050673594522 0.7661800338200182 0.5801670004351789
0.8592572330516852 0.5681476953909829 0.11189606102889804 0.38786569122236514 0.18038868286700294
0.6148051981306704 0.3153407661346209 0.5713331547682943 0.030963314346942772 0.3198802995611667
0.6179022128909074 0.7351808162611456 0.761749040499443 0.032652312936246486 0.4302394517999627
0.1781078558181699 0.9602568927000218 0.009838557439602047 0.7534002978346034 0.05495066344157351
0.9231855767913402 0.7265074464756813 0.2787176962401279 0.6366850294273926 0.46649464077216185
0.4829632383907986 0.9533945944540344 0.7418200627166956 0.5360010180376596 0.973390646289741
0.22444901810930618 0.17169211623331848 0.04960130612892266 0.6953282329340479 0.2987750062993366
0.6928151742939495 0.061898836487172204 0.6111120593218745 0.8235177308119331 0.8035595507674669
0.8676814743353278 0.7673179850987847 0.07836893588424276 0.13683143166007972 0.5967138356093746
0.6658909196672519 0.9296462823113029 0.8623103239366124 0.936857668126658 0.7902351005674972
0.5602147514495157 0.5665400084654192 0.2265679185145928 0.945081987496085 0.7852366426767237
0.07327870732650299 0.24544364757466763 0.7634968893660526 0.4694103779834058 0.33178001758629827
0.7700585131011161 0.23526166498611167 0.9151547932851755 0.1863411609487866 0.973882967556672
0.06720255486584414 0.774916049279158 0.13542825666977276 0.7187014846512493 0.154586643829971
0.6667097266328971 0.8999466942971382 0.5338171697628956 0.577159879106339 0.06870628625293873
0.8287359222065519 0.6963332005618333 0.2586665089134683 0.5353780844209515 0.8832085362026936
0.8667792155663817 0.41342612167433335 0.8796613080627371 0.2198858782171964 0.3820194827379255
0.5284723227416595 0.6802610105008261 0.056067465361698265 0.5047037032899747 0.3154112347720529
0.8164685455058752 0.5353411241718357 0.6803798720885866 0.3851488018549627 0.35134562742894526
0.7222191853883709 0.4038240639070463 0.820782587698563 0.2287725433539387 0.7131855509236583
0.7143779180058597 0.8809904751556014 0.11289431411471429 0.21680939036303293 0.6591177947794643
0.44389963257973997 0.4961414295917512 0.10577864815746629 0.5447507662805738 0.26229149103232385
0.11348434766386484 0.43464185964233504 0.5504595418425364 0.6614471366453822 0.43098186703990127
0.5796018195130266 0.2649596373293511 0.5140184891956108 0.4247461350525715 0.5288459608993168
0.6429902128778385 0.13064516601536547 0.18273922329297188 0.8757932916883537 0.9324773330703523
0.0905981017790678 0.6425458088556233 0.9652206319599497 0.9209823850367299 0.7138571101812241
0.08011380012608238 0.3115287544263676 0.4055544689927919 0.24776058351081343 0.732457980837572
0.23426242130186115 0.12125546937348575 0.19610867572689605 0.6213199929732924 0.6630804404414932
0.7818006462485984 0.12657676564478848 0.7829640628604533 0.46257776905886194 0.6490534629746226
0.7342378727652961 0.1134354797482855 0.7382596352770584 0.5057994102156633 0.008693861526642754
0.9486680966946393 0.24093660769920044 0.055845329786040954 0.491276001582704 0.9273287203530302
0.846153397254227 0.9488064216717945 0.5393375617465834 0.6645286237188993 0.2809279269160637
0.7800371134490401 0.8194194911452771 0.6335757057719178 0.10964440951821697 0.786927186443416
0.018037403236041083 0.3795560239563719 0.25430421028278416 0.24842543608604728 0.3693460858975023
0.9745883529283768 0.07172666665533456 0.8272916020763913 0.8043706413010178 0.8575979105534
0.936198127421077 0.1382057350137087 0.3099604513301908 0.9692151698171706 0.7038312157416399
0.21506426563762593 0.4857746977042563 0.3962477081172072 0.7301428908088551 0.5673792495038564
0.25025415903873993 0.9508669654184155 0.26452214623764525 0.7957239812962237 0.9216049315160378
0.5043017860503171 0.7270794066207259 0.3964608069006239 0.7022631084342419 0.33968716410108857
0.45254802184456555 0.3880385856341674 0.4408066211693282 0.8248382169236594 0.3030861022768553
0.2043833487134734 0.4836930677051441 0.7318879088355317 0.9065932823792262 0.07334657183982896
0.19955846670110444 0.1297342019168346 0.7310911366563276 0.12260499553754778 0.26076365948861846
0.6814665839226715 0.5494558308672935 0.09396878354183236 0.7245840840231091 0.20189869877980549
0.20198131374674966 0.6977566158160553 0.9707670588846152 0.43463382020875363 0.8332939455647141
0.8002378163459493 0.8759638481960262 0.6103939670108628 0.5622445521662565 0.1911023937496894
0.9144118280821396 0.07114618401609485 0.7313590496971273 0.3497331934982941 0.45975266425357375
0.02030404172205158 0.650154931104225 0.5263705156824956 0.6901261241837309 0.13823858503511088
0.5327221118240636 0.7925266834862134 0.20564105092378304 0.6587903043211001 0.42879557630721166
0.989857817168619 0.9841023632481541 0.7574567251797527 0.9255440007643331 0.6970096808119871
0.7976896967074957 0.2828245715085479 0.046900758474866966 0.791108651710325 0.6382957838361095
0.7637869056881226 0.4377105077313974 0.787117020539122 0.8042012212642148 0.25623777268970316
0.8255996093630658 0.04500217313636801 0.6306790545794981 0.7077564637110264 0.7702812837230263
0.7138504884151272 0.6476987276720388 0.49024483230414573 0.3871864209668362 0.6802207394779557
0.5899440351033031 0.5416330635257385 0.40566612731020457 0.4872992300257176 0.826339175395037
0.2330198500464078 0.518161447280987 0.9589064729335977 0.8050630014268975 0.5313473026279528
0.3387617423215519 0.7750541562328644 0.49758934802422605 0.4038313164412428 0.35914695703205446
0.08479168167145423 0.4107613887234629 0.7786900683779839 0.5441914169184436 0.18380757200985354
0.2635470330384563 0.17573808795537016 0.8337735087608097 0.8911268228167306 0.38051965088162765
0.3623580300370326 0.6581627263924186 0.37937596078181324 0.42674465942722517 0.5333251297246283
0.31118457288604096 0.7939392289265209 0.521893241579164 0.58122934046655 0.7404011786640312
0.5207213729865712 0.455201415381857 0.38274204425253455 0.2018952722613696 0.46024004868329427
0.013565970122678905 0.40850216101922066 0.6864232763181666 0.673502656945166 0.12067757351550212
0.6228853565459923 0.9027950042633848 0.7996227662476806 0.08959018329536017 0.831567118053835
0.044685421494338295 0.5013960846612584 0.7651965521524489 0.731165946448786 0.31132178358419593
0.7360075665382234 0.31158647224949554 0.16446582374622665 0.3761960787374664 0.8472114960258297
0.2298855068423703 0.27464741948079185 0.8677743147517021 0.2915120216800723 0.6918820278299168
0.4597572490965405 0.00577507728234905 0.7801864496864273 0.14243946678370933 0.47727852966646467
0.7591138438897258 0.2536780380146374 0.33256859188360277 0.983469669118198 0.19397549227210908
0.9316457019576897 0.9058618008444969 0.735570954858648 0.25203728736059927 0.5178593965073808
0.2295656144093322 0.996430519473466 0.2930413834991813 0.422928272235902 0.9807652269374981
0.31341494271970205 0.20034797031242724 0.012964571715628148 0.9877085343287142 0.8385530923925736
0.2942932321139212 0.388765045309002 0.49160249406327716 0.1703646658548632 0.8511214577698817
0.6933542943104574 0.6083741143287142 0.4186746945521195 0.4994184019833987 0.5736419981440642
0.20068212673470287 0.8695597334300589 0.03955641558509382 0.13637192766792905 0.9327342878841953
0.6551389534909012 0.5430397338499668 0.1928592098705365 0.2925348354977393 0.8207860685891262
0.17434723350239545 0.24609946582361242 0.44029517863221845 0.4102036009764627 0.426852568265109
0.45516500709882257 0.9436231660692657 0.5169974907030244 0.17943403306102812 0.7700505946676188
0.8977129329806903 0.20455676520901622 0.4873347008779336 0.5698610396102226 0.7825888468721338
0.732440311313232 0.5066953341977771 0.7338225044613077 0.5852556359624512 0.6570121711981333
0.3856705295750935 0.8960849700149858 0.4318938681444425 0.20560565957646548 0.8760021208647318
0.5344365548674299 0.11819578474054715 0.15383366612812066 0.6470345321342196 0.21000268415014534
0.8045364185115272 0.29927903660506405 0.3976017153527761 0.3476320677007684 0.6241462707097379
0.507796315111713 0.891029732955359 0.1276778141174164 0.7275946661470468 0.39197598392450894
0.44025672739077804 0.050825665862267666 0.27955310946994527 0.9871548533296303 0.4315993642520324
0.877611091729958 0.18028818095376475 0.23526532963361102 0.46197439856978106 0.5251992180059997
0.33456136987358376 0.5352771201143529 0.6598187144228675 0.16066100414032491 0.7662705635792346
0.5933237401583789 0.7607941408451603 0.43531071315998626 0.29231446626440594 0.31929679176781944
0.9626551475200709 0.6962876540161294 0.38797703510521186 0.7715406537179881 0.14154614504283636
0.1831730972916964 0.8449637506445495 0.5978743429894823 0.17156219051321242 0.08589094424878696
0.47268421281853334 0.7560824949850952 0.13530482604191785 0.7863049895767227 0.49299519601521335
0.12254352336974839 0.8168303992591199 0.921185024559413 0.038399844357167146 0.9278897625116664
0.8044531848250818 0.5553009737086185 0.2380340150311514 0.23240086092474965 0.2526462946873981
0.5140179681516276 0.5131688437836018 0.4361763782283632 0.2716212798143527 0.24222913247218225
0.8507149897308693 0.41966915452103193 0.14438250811099962 0.9613595253571011 0.38742948974135194
0.9622820819655098 0.573927330704502 0.5064109677103819 0.2832867703929771 0.575408762545376
0.009548057105445151 0.4840155817879489 0.32071444039287333 0.05775996333147315 0.607571386063138
0.11293323469271088 0.5333976774099246 0.12378163941337716 0.35907898214995404 0.9496395843838296
0.6693804457757283 0.8371544724204266 0.006133269447880729 0.5843828566171331 0.2544142053474474
0.8808361265614095 0.5064342141496164 0.4890102040552595 0.3452873655177676 0.43421460346200413
0.8016796309668623 0.4667720215324985 0.2548211101600588 0.17912347022684927 0.7100954137358864
0.3766781667312109 0.20142376654657124 0.8828455776176128 0.3702152203853444 0.7845107718593942
0.9022557337237116 0.7491141227563002 0.25320232599866155 0.6622231454046685 0.41709549736135265
0.7775566338036699 0.36091590818940267 0.3767630353912166 0.5043189274210944 0.32399902185901164
0.0792403102473509 0.26572278497537827 0.6549159797502202 0.5740374433334021 0.39539956010463917
0.17573658109509505 0.07359197105976001 0.07880296099293194 0.43036307802058826 0.8028065566063403
0.7247065033131407 0.10062804997745234 0.3556469491358224 0.47018180495168727 0.3814798291374347
0.9840421071987858 0.8556387410925026 0.8096072137280869 0.30272657370134415 0.10817600739292776
0.46285120609681185 0.8003596449599751 0.7993217087436917 0.4355871857604904 0.10102552370025186
0.5407606953533746 0.3391030926460864 0.04359361869613965 0.8090043835055744 0.3587291051764072
0.864338573911788 0.5900918614891288 0.5555303891808626 0.05385860323505032 0.30945770208057266
0.6018570145901276 0.7513550550258493 0.731613093492807 0.9522316197681704 0.8798317611379362
0.5916901210117328 0.036197657089636404 0.5330307673127149 0.9815044937913224 0.6695423605581841
0.2537054184430316 0.26758973493131655 0.6718839693613267 0.38257439473746135 0.9539367481725052
0.09683033553203546 0.5532111685583577 0.03482299682784418 0.2814312042386974 0.9373642045253262
0.9969218011811717 0.23755986410967123 0.12011455586316289 0.3887127660183509 0.040515446133472355
0.016483801045333424 0.2862250407906456 0.9040349377908788 0.7774330530435111 0.1089410859655332
0.4435690931642179 0.053884291772440585 0.489636448540434 0.17182062736738402 0.17527180761923977
0.7800442475987556 0.36590115688425606 0.09111619260753756 0.43823614223280816 0.9980623301299772
0.42061460993900335 0.19179045982304088 0.41999981726600744 0.5413668807067414 0.11694979573053255
0.3307567639653719 0.8819992062583571 0.30635737928424867 0.7159091044791216 0.44497620655473347
0.5254357601035293 0.9746200520691967 0.7545549951709969 0.6501342394917652 0.7192262241711783
0.8188214428936544 0.9277391578758173 0.3561414077933901 0.8869254760931548 0.5144177272980736
0.7250870991234918 0.3227534340225616 0.28423359332572096 0.042557091697186133 0.7338653858349796
0.9179831974834932 0.7241946220041661 0.3388581806164722 0.012480818308322927 0.3100447846786003
0.05086095124005652 0.20333602572057785 0.40168634572799655 0.12286368711510798 0.7831674149663718
0.9473676036054104 0.8493068932687493 0.9677651756226442 0.7999651594373403 0.8928085201773922
0.9242123797036437 0.811004734250259 0.26136796411626706 0.6813971985223927 0.9042615818766757
0.2056328449078867 0.06768195723184822 0.5288987045965134 0.4158658409483311 0.5140205217847402
0.18944519974470408 0.4051233794484924 0.35077180203038183 0.6071880428483524 0.32534441596184793
0.7815124697570816 0.10222596811976992 0.5106827090494809 0.6247824997450173 0.19571669659845647
0.8318094673485745 0.9297056805919878 0.35077790679400844 0.5806490505772215 0.9488964383324756
0.7441643969510159 0.6149683874272184 0.6130977969043893 0.5986474667789455 0.9944132645128677
0.7829983959753163 0.881219439314422 0.3457068017508832 0.5042060859386995 0.3467806300656271
0.7145671305828232 0.7545418173818254 0.22030958396010647 0.8626358641315665 0.4241172493732055
0.6094026891562426 0.5472866474925863 0.05241383186915993 0.8141985347144091 0.9512902388377488
0.024123470596716823 0.131718978453791 0.2656605069135364 0.46674591156248446 0.16083798096508206
0.44407933235840336 0.7265224487236488 0.041757959213606366 0.5018858639865356 0.46905534796557735
0.2847124557230165 0.5107013579414182 0.26972747393321606 0.09770567451520473 0.5982303379429724
0.6086365387855096 0.6476575926238647 0.5762825254958458 0.5487522406091191 0.39850152054716215
0.23790395172149514 0.4975078789817412 0.7045131452554569 0.4600122970666499 0.9145751323419702
0.9981868441778116 0.6142552186951137 0.0034880381932778093 0.6207317936972796 0.6146835451424805
0.34297631641587345 0.8301202151583518 0.21485822963547752 0.30231650540457755 0.01691902085457908
0.03827432585449486 0.8703504367989683 0.11112380874538308 0.2996708627569802 0.4942203049891061
0.11420644347361064 0.5697852794134939 0.7882159397166645 0.2631264316601144 0.7149948236526016
0.49233146709029596 0.41692904469028447 0.05784695164129561 0.5360943935540793 0.9237474438808452
0.5928047486368297 0.39048420079379165 0.954073951179345 0.618029516369584 0.6152446743859984
0.02380664521514586 0.4119130403210406 0.516998775285003 0.11441142625060896 0.8824239878010464
0.24325385129973198 0.04389493342280992 0.649812273142418 0.7766450995203397 0.5727378635387497
0.6469451919486764 0.4130643769787916 0.7836217739291119 0.07601825662385675 0.3300597365508351
0.25890497380871524 0.3927512423990208 0.5809725519429053 0.5455020553304868 0.5407199926181376
0.8405169817681949 0.2140755814842331 0.6777048121971968 0.457845191997699 0.27389078695115177
0.20641781329983355 0.42629533555213994 0.5820684628764867 0.2244369728909642 0.6821876342209222
0.8039017417124854 0.3046421829897097 0.9852890860699537 0.1483418732410664 0.8139883020514502
0.6400198629099796 0.8797366364829354 0.24399381718407376 0.6017315668385772 0.00220004202193802
0.5854129721386789 0.16245857470090808 0.4333088727932476 0.3108031916649652 0.5238520906160244
0.14735082381274878 0.8783819245127431 0.4056694153345153 0.41754181257083955 0.9872060382519006
0.836962816644428 0.9174768591406944 0.9800972280647497 0.9667005469341208 0.405514457455175
0.6339937968535289 0.15934356747166234 0.6626086412034708 0.05460375362835346 0.805480584717437
0.9938316719128099 0.8154455399221914 0.28519483314051264 0.38854562028770945 0.22031420712786876
0.2099213623552849 0.7143875185380719 0.3170562295417676 0.6212303937023358 0.09927527586495521
0.7236126847454115 0.533372701069022 0.1160630961464103 0.2712333882685102 0.8643210279471224
0.5563562293547536 0.13940335333906229 0.760787097666807 0.8081374955563204 0.6293320895392821
0.644598365252588 0.35738601043540186 0.899108471936441 0.44757176953146516 0.2691078996372511
0.37761208903559207 0.8169169101867573 0.4971484602914533 0.24064961048447164 0.23218930887143363
0.3551954831548192 0.6364207469985488 0.43336336494645067 0.8196024861503538 0.4683216927072983
0.023696251254940237 0.11428442812570261 0.09145346135150412 0.8849981307461725 0.7189449860748521
0.9287965116051543 0.9596314481829881 0.5416344688635986 0.49803246189095096 0.9641906399994509
0.03547494228399384 0.5177407597450531 0.40026266664335597 0.997471164190117 0.3249474349361684
0.05203656979018678 0.12314086627449772 0.6105162545141443 0.42893469536078477 0.3548314053721935
0.7212928921851852 0.7149610896359219 0.6367774998107203 0.15114467961981293 0.6912640483172376
0.08834425532472179 0.2575358840399907 0.9201462399491467 0.43018209615446235 0.22995206748530128
0.9402626691899242 0.967171080545553 0.8623980773883689 0.3843142661258905 0.2076345403486869
0.9243654300317654 0.3000724067694386 0.8405894870951395 0.034027779894641896 0.0653653116817774
0.7580143857325281 0.20432532956562965 0.7556038597638335 0.5267580847173995 0.6836969578434224
0.8510099848700796 0.3298157382971504 0.1085941949627558 0.7513841706662133 0.28162490896244585
0.5728968810019531 0.6696288567598285 0.25967391516210414 0.16429184649469064 0.6617420063865361
0.8698574092362832 0.7930529897273071 0.5707520784421453 0.2111096436844465 0.5106661893684602
0.528446531560241 0.8987715230038347 0.5450622825879606 0.6080587473072221 0.07908533751787361
0.30548463835156103 0.058020199512482384 0.27588721097078206 0.6608719774186779 0.28915981081463404
0.7675406096419222 0.4238168865640869 0.641483517489713 0.22686086857829268 0.9214802508678752
0.7737012465833892 0.6655511015932376 0.38484491907993523 0.9287539805128691 0.6395686748268177
0.768459712185006 0.5222476774512673 0.8401469405988918 0.9306072914875841 0.9628001661826682
0.9545379882770516 0.04593646429845666 0.9261727970324541 0.8139590668885286 0.8581001076013552
0.15766258503021824 0.8799370324382454 0.8352927018218633 0.38887014552413046 0.3842972028341808
0.34700191679528747 0.559453825375107 0.4340587557401365 0.6290661795366639 0.7115738572419165
0.6841347367115216 0.03403743900260037 0.7535924701448332 0.8108269441131539 0.6797418723559584
0.48578461067540035 0.6110083738834304 0.276992156063149 0.4970544632783602 0.9288471132786092
0.4834337011420937 0.11248511358906288 0.4307248674687493 0.2591828609993574 0.6566154338392226
0.14127826586357295 0.2651461930486346 0.09811491418120921 0.3174229501569149 0.739772963854464
0.9187266354322653 0.8310002350873871 0.14434456633158954 0.8068828232215073 0.3769467874825657
0.9478829518684972 0.07787638378484851 0.365959123849557 0.39363784709647487 0.7412211708747529
0.8001441163808527 0.5244457163259568 0.17461197431576814 0.5493061047832691 0.26610489902973855
0.198994100907796 0.20888601827174003 0.04277357214732258 0.7837753484746047 0.882525495707483
0.47202021016745177 0.23800574934355234 0.9184633312214099 0.8525553393688227 0.175294800179986
0.05765642380178804 0.6052511091891555 0.3222089827295874 0.09997082892728892 0.4289686664912318
0.03535209673622086 0.8095013272911806 0.584531198328558 0.27513526330556637 0.9036301884288787
0.7541473367282832 0.8771902759334325 0.32457907549291354 0.7884090619430913 0.0679985181912528
0.28667768388353065 0.8656263071304383 0.4870284832913804 0.2653922962743589 0.8349821796124541
0.13564195413753466 0.5958867666184191 0.10526713927647446 0.7568920631237605 0.9625610496924558
0.04472227537562834 0.21810155872060222 0.006728713078777759 0.4655908077018699 0.37716828691999493
0.7960803568361703 0.3984888923566129 0.49733826154029537 0.30561336105953596 0.7929622673653627
0.07069977533945926 0.13309094999320625 0.9882085263653969 0.9336109188654897 0.7169470783260312
0.45135082936776005 0.36111214905285005 0.9433605473247689 0.4381939146040237 0.9799931575243296
0.7151198939949742 0.2686579827408553 0.5919069279266441 0.9593865508603503 0.5389031708221437
0.6663123813722172 0.6609993413201808 0.7769698131782617 0.7804586809443681 0.025071214009186882
0.122011484863916 0.29517801654998754 0.8206570990854288 0.24926327342128696 0.8045443315242697
0.28724079604420716 0.8172412245907763 0.3777189160835418 0.5496857232716275 0.4873911627622002
0.21240973170673316 0.6982434846216529 0.5681457958236849 0.8736213675663139 0.9339988481644503
0.9360969925473516 0.48838160505517736 0.20798057835735506 0.8181456886000833 0.07836583292727406
0.043680240182761954 0.5969141174720783 0.9777015158606998 0.7749106239124539 0.7293428124018281
0.5263983700408085 0.7375198167213878 0.6845908954927131 0.06568053858885003 0.959554592392287
0.8492865672996448 0.9573299895791313 0.8952990898088964 0.9797186884883213 0.02951499089726406
0.7853298735956614 0.9072320353678509 0.6734854011310509 0.3638159079960277 0.10078378297086943
0.31349133612845526 0.9313734742109104 0.7445385956177761 0.6471203189516216 0.4887773618457686
0.0990581882787821 0.5723244081611042 0.7657093921622964 0.3409702387619562 0.8563374178291665
0.8724581092913392 0.09425309759366218 0.8819238095469808 0.5034987033125327 0.42060891805188017
0.3867768072119069 0.30238797423035035 0.8949330429501797 0.3610619000516765 0.7118538906056147
0.3580269807248725 0.3835250388544208 0.18542397476582506 0.9295614185682615 0.03563615029645428
0.8862147562894611 0.4736202121526014 0.49080230558072735 0.1278220237019183 0.08810533431851375
0.2837252846387225 0.8881649648597334 0.21907844625042894 0.5225387375195536 0.95034229398782
0.16945836494755318 0.7731271436780139 0.5300210762943923 0.04655797702722886 0.2567005150564603
0.41282722314405795 0.48930304368044486 0.5279470976250152 0.3026773794906048 0.6735064423099142
0.37440300907941026 0.5683454846161483 0.051721923353620136 0.1969348641790456 0.6928488843944445
0.7211457808235807 0.3273936071671786 0.47382139523387723 0.6053578075645125 0.2610791025589313
0.7375038134199373 0.757016636227776 0.4344222130214265 0.4836374186869993 0.8835245016673516
0.27581157830693737 0.9555302243335969 0.45066497214113277 0.478785293279153 0.4288029095949708
0.07372834853305543 0.44400638129732406 0.8160839697488517 0.7572348435954402 0.5726657829418738
0.7577163052064928 0.5488299620283533 0.7477555616717704 0.41963782215238254 0.8974675866877926
0.5930016262926329 0.5361772127863914 0.544637535079343 0.5769767770478818 0.7832115778934793
0.34151331385010075 0.5174289365644957 0.9440575971405758 0.7995387634007937 0.19776967257690836
0.4256845238194662 0.039759254610780004 0.15088996063515348 0.558281904747846 0.8621020690441525
0.97356574086708 0.45009213399879777 0.7701120030162194 0.24588371131835063 0.6809899136286096
0.12381574694221753 0.18389808482937198 0.2399464122641224 0.33927174423598094 0.4751689721250759
0.8569452497875716 0.3809541602658506 0.5709801707184005 0.6265444954952353 0.31651367397169905
0.6348051868300789 0.05382608733726901 0.6457107432617814 0.6755206348424061 0.6894118841235932
0.530463115781789 0.7086511797200427 0.8910802751949226 0.71642702386416 0.3328894821982078
0.649008436040653 0.7661907745196821 0.07934615542844858 0.19193729739202203 0.6281368001436437
0.36197841240944606 0.46159322755901155 0.17082732444807125 0.6855638123582732 0.14554531399277448
0.12082138710523438 0.9876344985114199 0.3846941315543264 0.8853200748745202 0.5641531501050064
0.0038851042632088717 0.3844364313773029 0.4544420214180981 0.6785008277708746 0.09931224262420446
0.5686060274510615 0.8189037315013024 0.08394217045937735 0.6971177637772535 0.8952610068120276
0.21321387785406565 0.6136873015496481 0.5130453066134031 0.4910824051284973 0.3633296645114604
0.37905556785769245 0.44374501588194804 0.6906209962269947 0.2698327771600115 0.19115311160483806
0.9729281111899145 0.22540042724363574 0.42342999131896586 0.45551222905629674 0.5227891872224565
0.7729514233718808 0.510564765315657 0.8634558172522849 0.47826996890216533 0.7946916671847531
0.03326093630146654 0.5465265115173589 0.642664401970617 0.6446176810967917 0.8758036805091354
0.02309636393608916 0.5692657463109644 0.17597377243598666 0.7130853953518531 0.3486213651878276
0.4394070249823918 0.3505237422052043 0.10565689220069263 0.5061999770143014 0.608073645011381
0.8441865341096996 0.4451185148770578 0.32361431560157194 0.7245770401606818 0.38228486602604794
0.4085210330027882 0.1310081728941399 0.5649957050081764 0.9399175827446629 0.788015409564991
0.8576642079471026 0.19637670223616732 0.45258599283588496 0.10649126371205675 0.41265316778584804
0.054415907115508366 0.28487721012603917 0.42170255348409813 0.8347005481775189 0.2812857171805837
0.8175212656454636 0.1682547212719797 0.7177797788294863 0.6264084344334265 0.014704883349614173
0.9563847019924218 0.4134995355462969 0.4098138580927153 0.2944424133548338 0.7098977627002052
0.5425108313203938 0.21296560709675794 0.01367443577893701 0.03125755688784393 0.6566797182649721
0.5640777401043232 0.9067062124212049 0.7131486476434206 0.8451676188758075 0.29362120566840755
0.4279137465833057 0.90769925125913 0.26522882504886924 0.9480654814077396 0.5340951754314517
0.12277442443042275 0.581696283463519 0.05778031300466324 0.8766517451419951 0.9037162370169108
0.5433226414385665 0.6877501616524794 0.2910859789612743 0.018003480617951872 0.7322789904940138
0.9373871857639564 0.6567986484053132 0.6699446937293015 0.1620920793165207 0.6113521935472958
0.08257465167430489 0.6607097946815995 0.02618234062467162 0.8867457692795243 0.4599254971965202
0.9629580581623743 0.8012735798557414 0.46314711880802484 0.8427360136923217 0.1985740367842047
0.8406077215172283 0.7517297914617116 0.44478766952971793 0.40819733719091356 0.43071465295895395
0.20809997901464894 0.8848050616306341 0.7346636475317129 0.48894746607681605 0.18257650232184663
0.1784717795873273 0.8815986097103783 0.847063165148307 0.20473047651315457 0.38488741524618697
0.04138619664613774 0.3529681615494472 0.7054446085290936 0.8415477555665902 0.027499270528983044
0.15529720570598626 0.1832184590990672 0.40554387550003423 0.5391963898636116 0.4999083022273152
0.5211647013858401 0.306218530104717 0.01798104535451417 0.9191012078521263 0.7323702465406529
0.4881886004680239 0.8305254237230947 0.062035632777591054 0.602023283138006 0.608282049824786
0.9143783800884779 0.17835750197909395 0.6770813004072428 0.05711572078771232 0.92941455530487
0.39957248655404265 0.08889853698613748 0.6502877568195845 0.9772026855166016 0.7230142723381553
0.22879753089662325 0.38500985172962643 0.2318950535536135 0.5051945474944144 0.12905375065324198
0.6746429793255305 0.7974007185798216 0.40182002062778566 0.9484613040494142 0.5969479688367667
0.5871625157585165 0.25752886338993 0.6524329574268755 0.6196418613532508 0.8021780301645359
0.6536972722274768 0.20976196628506305 0.8518586062566385 0.8702155964070469 0.6763748942647225
0.02834295806698295 0.1225679966141302 0.8967236669979726 0.4862384595112321 0.06630874423535182
0.35275575390639446 0.8319823866712107 0.3973860315080383 0.4622577019727908 0.997857246785884
0.6191692401104083 0.6482074417465963 0.06753944722849181 0.6071328903415918 0.5177582021746853
0.40197131454946733 0.20299402881980555 0.8943002880123496 0.2381059214580159 0.5745769600040843
0.17642619407893323 0.885933226237859 0.8927096284161037 0.02005332896822154 0.4863597567748137
0.6569980627790104 0.7051586803579106 0.6110162825403617 0.40718884846294323 0.5471293241219409
0.2504007802023137 0.8361203532360603 0.9671108557814102 0.8827604129842714 0.5299618464127276
0.7733321383858538 0.8113616034882412 0.988824670307088 0.8763767385394508 0.9842636868265311
0.7397840539654007 0.6793395836819125 0.39949885974208466 0.5931438854899169 0.5909444055213728
0.08058338158395562 0.30060357624741885 0.7256734317945621 0.12267782207048461 0.19807151822495328
0.9163273156455423 0.06157988615565635 0.28420764309330226 0.8110188433505083 0.328282317106277
0.07206858003405248 0.2390957663142781 0.03808322716450607 0.0022497315619902647 0.4007244988256613
0.9865190300349919 0.4832329036914531 0.03641300360613309 0.7720206463579239 0.2089954704372019
0.48413940044658577 0.3598808402117296 0.3580402858052619 0.5408397423480668 0.5635339228305647
0.6928999986565595 0.7143405021203157 0.9116330726987728 0.7369298223916455 0.01836231054564219
0.5678643000173312 0.6503134133278337 0.22554263706902344 0.29390943526536273 0.34387290953848604
0.6919756765842393 0.9460256198935766 0.8435483665024944 0.4675361940507645 0.8057834546767811
0.9713279060090062 0.25384754013261723 0.29688406534947964 0.6629845323439112 0.5095819013555777
0.8788984177063587 0.38985318181870154 0.9236644100900434 0.3020773647538566 0.6042965023102911
0.04023358622948747 0.7899414255402386 0.320250340384577 0.909954580562892 0.8670648156290641
0.35140507790277864 0.9492027741744872 0.27120594742284276 0.8817294806710834 0.7032158332950941
0.034669195959682986 0.4925448903765298 0.1127904762898384 0.9095503872987031 0.5064997694428643
0.6447414423207519 0.2877397468216545 0.0782945656223768 0.6496486365776031 0.3401318484726632
0.9460721610350635 0.29231274399921825 0.8330654288989436 0.32970724509074023 0.7171862015195555
0.4638581093186207 0.21774084311463582 0.7833801207735879 0.5970884274020937 0.2491236368391775
0.7334887664468108 0.8034475383619073 0.9361163717726207 0.02310141234286056 0.30433089511682276
0.6688706300778595 0.6251738893958555 0.6453165999339271 0.8738767619835797 0.9671481641552241
0.6851305949567241 0.21018894956672285 0.2497215755504144 0.5201799819896415 0.37527456225725053
0.1132696795630842 0.38051417382884634 0.7259655887649512 0.3463439579725718 0.8583172631122166
0.6539465657044397 0.6755076435803271 0.42098903753532313 0.5682021178670277 0.010932160975903438
0.6962570544004267 0.6446525275086218 0.9346848723777006 0.36674550430907527 0.3540331308445199
0.16445307088277583 0.19647110378297672 0.8634521740304654 0.4924778220262088 0.6372062972643184
0.5161581542141208 0.04899756831987834 0.7087745736317689 0.3971677400369954 0.782567667094982
0.7779816485667493 0.25266973365770395 0.47168435499134764 0.43902203764340963 0.46969787978967426
0.7326784125494757 0.32592797922960415 0.2019789941556266 0.7163878722523481 0.42900306271384114
0.8820089583939501 0.8006746890747445 0.09208618601955276 0.9210423220414519 0.37072700615779175
0.7381440506047359 0.03566548332885944 0.33787035139947963 0.40486089938768444 0.5313486424590895
0.18898081040985182 0.8078795125941058 0.3047350894417631 0.8686232700135956 0.6556798314415542
0.6188150840342511 0.15584273757320555 0.07122125604700569 0.9773474997635854 0.9003625458894784
0.188250627525544 0.5183011690730593 0.6913012691997921 0.008014698968773937 0.37485397920630636
0.30309916611318033 0.9482505603844201 0.44756766745612775 0.35139184959903236 0.25819285443262063
0.396111224024705 0.5757169477719162 0.5776843452413787 0.9222932906886324 0.35207875232633334
0.12403165235337543 0.34279409137565353 0.2286880594318036 0.3504525201000771 0.047123634689086646
0.3669109467638919 0.10917514557072516 0.6335153396584736 0.284523248212579 0.5851883156925674
0.4554437141082206 0.6609596768574135 0.2459476724276678 0.998160518214491 0.3804907733185935
0.294523936073522 0.7074998659773682 0.4922745731272993 0.9618951923149092 0.3078459892898705
0.148551198706669 0.34227539903244686 0.7064868849848432 0.19080837409771378 0.9698647739137645
0.9734511946818085 0.5805798555626679 0.2243085403018399 0.6614758599077318 0.6820028671473894
0.6502256534760671 0.622396588772201 0.469731372592755 0.32104988864382455 0.16006110981836685
0.43003752248240146 0.8868298953105309 0.6378389632365986 0.5575011416680498 0.9927105087386965
0.20061551869284644 0.06785049785161379 0.302697038216479 0.3118727196381118 0.6378565511646059
0.3807871483114045 0.2045644149211483 0.16056287864675267 0.5154092839424295 0.13661270673984383
0.6949621366098535 0.5991497018361525 0.5753244984531635 0.2891710164635145 0.9923131862812788
0.7166517711925328 0.20348542937395564 0.7649729791014243 0.04333883452451892 0.11000244843565632
0.8634077300980659 0.13200422882108187 0.5806943307122406 0.2534305899568199 0.04121723854192594
0.7477891785876476 0.793835913896281 0.7583250377951251 0.1837666074439004 0.34925823242315923
0.3644870641579543 0.3175780634435956 0.3995161104552237 0.3876493067716059 0.19565377780918924
0.25867757124782587 0.5873140433852887 0.9468762278321583 0.6341634639408654 0.7936757029470008
0.7054058479907975 0.7129089612376602 0.07534771177088984 0.16617646704182587 0.20588075911197035
0.219374397164819 0.037937817312794664 0.27421239499493777 0.7602163331780362 0.12301081731346275
0.07721476087641232 0.7010621121735832 0.018725122688851736 0.45199830097622684 0.40016299920408005
0.5179337318030376 0.2749167217659123 0.4678900339544766 0.45074888956639914 0.6003777441487214
0.04278664711122493 0.3230818363589337 0.6391183996797831 0.06925681054705357 0.39259849645343337
0.6020591803844543 0.6938522470191335 0.330728588665572 0.4104707544729792 0.6445571418019389
0.5001138530779747 0.10398854485674847 0.01799436611985905 0.1891960792578391 0.4155826209308262
0.9723540609310612 0.28263190742103794 0.8251006281840408 0.9296540739521243 0.9344329609274155
0.7245143770822785 0.7459152410011626 0.2318926233533417 0.5235473413181115 0.4061038991610165
0.4780596602651157 0.6740161578067057 0.4605058939378689 0.0719711126780852 0.9923729462159566
0.6158042737832544 0.3518530184158667 0.35271441923043967 0.6969587700062047 0.31680804335357693
0.7180211658270321 0.6907210559849944 0.8878554278712986 0.7908831463143887 0.940776075868071
0.06035888006145573 0.02926287817571349 0.2718171373205077 0.9104102134709423 0.06610577182623589
0.4523125023102339 0.2615300779463564 0.5982574023030336 0.746521594641005 0.03120870445833057
0.13297586396116956 0.4683176825859767 0.30250927056109 0.2699494023129402 0.29939070293283054
0.04461531344685021 0.9617181829482577 0.8715294703022435 0.1878419232509303 0.36125772880054585
0.783028441622438 0.8202911444948343 0.19970003267956304 0.7629458634030383 0.6963833325271828
0.40535705414772694 0.9516544895646767 0.30804881514531735 0.26125183982802935 0.29280788659103674
0.1883948777644231 0.11057661640283112 0.5345186866404603 0.5889427061401963 0.5882443866323629
0.639439827920523 0.6126705120881272 0.5334075280054306 0.8477876049977351 0.09874082344027468
0.369617655392141 0.6504689301470143 0.034653241090979114 0.15904524630362604 0.7994753605415525
0.8017762127690994 0.45043835440612257 0.1488749743715404 0.8606342636343977 0.9365494416616968
0.1611775656415515 0.1250471473188307 0.40916148601998514 0.5764453784779544 0.8384339069901128
0.5061291815235887 0.6988337015583571 0.65971901123305 0.7625500313710496 0.1698963000978897
0.7805534952573374 0.7561462327262789 0.6666732470249249 0.9358298016372705 0.4720547758063033
0.22844318922668638 0.3840111303933378 0.9196536239996705 0.6173833073288676 0.818756359165116
0.4855426246790928 0.6580973036477685 0.07047091885051104 0.3694196622327319 0.7244966582721879
0.3501313681854047 0.14827132982654567 0.09566324587919806 0.9355828146366274 0.3240367131293673
0.4979187789316133 0.4601305960768387 0.9631471314290018 0.055937241937254134 0.8019102891529672
0.44234868208094236 0.010850484359449797 0.768118714896394 0.27839282724687786 0.5458384638876128
0.33543812560519604 0.967727208110747 0.24233552604707165 0.47741022774535014 0.18028504107115828
0.7151857407736807 0.30639415773720713 0.8905741959137037 0.12696562902087072 0.2382411847391912
0.4875032944136565 0.47774951619716277 0.6151110587723677 0.7385318176521376 0.12680601689265214
0.4035799303545652 0.3686386745179304 0.7681826990892086 0.5610026133633722 0.4739451719214537
0.07381422188415154 0.6134294870216447 0.00960450585544348 0.16037654418214564 0.44779794312253407
0.39337494643550575 0.1408785973020179 0.5500112164014171 0.4400758761741759 0.4500059684696184
0.11387355769055307 0.812985881562649 0.9477749800143608 0.8829759106571344 0.6309233707342481
0.8628580812705778 0.8022141009353427 0.005445579814177259 0.4972016288168982 0.6176406175321445
0.4703380633483547 0.8295819616154557 0.696765245745412 0.2553976778693027 0.7899427386994795
0.6322188476178858 0.7951200275789679 0.6619743288737133 0.24854384135565455 0.12177403371451512
0.4041140505917906 0.8010572149670139 0.03784311303793153 0.6864664923092691 0.8131673769666546
0.3456640858244343 0.3273103861288522 0.9141239471793217 0.3892728761870158 0.6611559345201852
0.16370649857363884 0.8672074692935546 0.5598170002868607 0.5641760624440315 0.3513962132627284
0.021594597177828745 0.3216379216092792 0.7467298458727043 0.7710289591342114 0.4423417599676547
0.43112124697190435 0.03316558927226976 0.5508113566025762 0.6505901480006238 0.22236661538676905
0.5923456097063852 0.04168767792568473 0.9178058866548594 0.001509298942707571 0.37772830909281574
0.5028838546900084 0.12930376158158463 0.25354275156977824 0.9997774532033424 0.9138452875330346
0.7759432436405562 0.43760078680635783 0.6367924715315161 0.5742682965247999 0.14595509938219597
0.11642410911141476 0.5585126101231002 0.5552795520192358 0.371889742050316 0.26914114760416186
0.4124903058377736 0.20638964441070673 0.5106634718402191 0.16847071043824868 0.13399123669401725
0.2941344665778619 0.591995746975833 0.6877390079191413 0.8029132627424982 0.3847085332850094
0.049866121517935014 0.3361962350069517 0.060480186528290236 0.5705295205239239 0.4915402211736868
0.11663058914238622 0.14620808483052483 0.8886871972263415 0.07753553256072154 0.7872664353657589
0.7291902707850041 0.756347751724361 0.9589761101814667 0.35249205691345 0.05610376178822751
0.8457606891578061 0.8146890648018122 0.861724769169315 0.8504875942155514 0.8658937648947063
0.4078723627565126 0.05954568253764991 0.949913203986464 0.1831208470658272 0.05694144353981834
0.5290174877961867 0.16551263618932732 0.45127756753798764 0.023719030102581917 0.7602952980114293
0.8280873437535154 0.3915850988036702 0.3621083093971591 0.1785183774876189 0.6747190377517843
0.8416076713817245 0.5631754237123138 0.6345571024682393 0.1583898558929362 0.10364271508083656
0.87613853830865 0.41040157313315595 0.6158429117840093 0.6803646813151062 0.3774586875576996
0.8477241710223341 0.677871340339434 0.4027360307202037 0.5832216953279924 0.3943299938136876
0.313002855546474 0.3514739342780814 0.29747700279425837 0.9775367422388448 0.4383705259017562
0.774454434320547 0.4006867175838089 0.26396538146162074 0.26871536375713456 0.724199881977174
0.6433958805772986 0.355845228869234 0.6208673839520704 0.9760063312949651 0.5783605024551066
0.46227178818478776 0.24889172705499196 0.017442678536197964 0.05640818928950864 0.9323305399515255
0.32972121402457344 0.3207379406048867 0.22346830447471067 0.8280000081987821 0.29006938536834004
0.5861743744080855 0.20400299387986165 0.8552681623736254 0.9802561674873556 0.49139189223489743
0.8638898993568309 0.3383982150240299 0.351289299780401 0.13291968065311677 0.2264547934876644
0.15061318950152003 0.975173357210636 0.6820618671249149 0.19783953684038758 0.5064653844288163
0.03810957330422082 0.20480134464101318 0.4703790429865028 0.8146006164816266 0.8888414202395449
0.6118878893448272 0.6966143999831 0.4479304393609612 0.47322992084679005 0.7410014782430576
0.6624663143694095 0.9398308721501901 0.805040866261702 0.8827068267325675 0.05616615277853387
0.08122181989969757 0.6051199583667154 0.4307260131595645 0.5616322981004059 0.988707126147639
0.20949964879962313 0.8932503608551543 0.5235066986220797 0.3330546938822071 0.3439292032793696
0.7713850367211669 0.3828286116148758 0.03710789276483817 0.27711554314272835 0.1908989324057626
0.550914802036794 0.10962942498892914 0.15082629055683539 0.6030920583742544 0.8270356102307971
0.978635699808359 0.05080872730620267 0.4701533040525303 0.7450934118883595 0.35706710134638875
0.706616485328042 0.9309589595197435 0.2127923135405203 0.6527247245017799 0.18563910495898017
0.4404363451902411 0.03718584981003059 0.8074509168477095 0.9732288042884587 0.964116170147606
0.42173250318495215 0.7765697937281537 0.4209532422347222 0.943863958470437 0.5488361061293984
0.7355304772114273 0.5128218193640005 0.28022424016953407 0.9857103464248512 0.41973467760916805
0.603234710020709 0.9300301149481861 0.4835979191405475 0.9191880310703067 0.08277082048916118
0.7373070378769822 0.593361168935663 0.7925610465164965 0.8073152438888519 0.2698979617650207
0.21825752652160835 0.21076603870686894 0.007747208662346461 0.6854298249539311 0.324093597650297
0.29913012786017545 0.5199231893666051 0.07029043691467518 0.14275864097099933 0.7092321846413049
0.04335785065535247 0.174453037960975 0.9077254886924487 0.4014975730250169 0.6117288700933575
0.60378085309199 0.6564272642844083 0.9487493219786661 0.13965123978900096 0.5502765520747691
0.03399811908817263 0.37059662539313776 0.7396809359910343 0.05049127759990679 0.7941344070133869
0.214374833768472 0.5388060990361182 0.627054470339249 0.22742693187594842 0.4943523215503616
0.6004174430303927 0.7758895466335426 0.7721858292103574 0.7753388901530013 0.08826145810448993
0.950685634781586 0.51557247839225 0.8507931749787914 0.4779666763965783 0.7827594980636896
0.762934801256067 0.8333779049663873 0.794201516321099 0.6440970549807516 0.8190459310044345
0.7732641988316415 0.12696590135713448 0.5083773361042114 0.10910057221743108 0.8768554315009308
0.32943730818384764 0.4617579414025925 0.16404282161205186 0.3498518866794671 0.5664158125019891
0.6768059019675989 0.1096350743422646 0.635574323981368 0.49810383791940727 0.8254183662666109
0.7696819717192958 0.6069166838830772 0.8275716724159802 0.9893768179695067 0.07013859218243101
0.21439979467826398 0.13132366248523308 0.9627672088585529 0.21546992652338948 0.794933093005705
0.565194439842168 0.5846595694578548 0.9911734542570015 0.11097076663798189 0.8521035793282828
0.16123647000700436 0.2721283846275713 0.46047118731510206 0.04765501085998425 0.49925724138850114
0.9073428350282762 0.7955406330588566 0.6569649666166066 0.7115497419599911 0.8743062194228101
0.12225977180767478 0.38059523043699484 0.5256102990480607 0.1980071052972282 0.3815824743529702
0.11563768412638398 0.07364971364087247 0.474194937643894 0.9022823175044005 0.9364131609010854
0.25584600095521515 0.30666481339308904 0.7575945615876087 0.14560227140071336 0.09957409564505049
0.13390856073169488 0.2546522392185935 0.13842999306788206 0.9480829047748276 0.39989083835522066
0.11489101486681164 0.35664119196735744 0.35615213435324167 0.9430276023536729 0.6083664250945527
0.6826643889602366 0.5814484807408103 0.8525117739788436 0.15753941111708236 0.7084140011895912
0.4317315262224458 0.6743196038885145 0.6310739147487601 0.15340066204147085 0.06000281882383529
0.6109646319786461 0.8962708805855119 0.008434206136797018 0.08262697359073468 0.7482238535245671
0.6440763742447619 0.3249058933493678 0.22919475363150943 0.20967235538522988 0.13533473839476118
0.13415392654209723 0.4291895915220073 0.324595140987917 0.6809932348002636 0.2131614302169672
0.9289113899556517 0.6828438876902153 0.10674969656502964 0.6451072451923721 0.3187980858614644
0.1895444279044065 0.4386670292806223 0.794612489457111 0.5803767221217419 0.6943168247074363
0.4797299531947825 0.8684356594513963 0.9627735556647007 0.5159301566723606 0.8468818073754035
0.6647595148540697 0.04354918265055552 0.11585754096736378 0.8233525063820595 0.5078275031092065
0.5977400021394589 0.4162416345227429 0.4257150034477203 0.41765687448824673 0.6563261392683999
0.818355024512855 0.9076817388528239 0.12189408976736704 0.3859409870486469 0.30828633738361855
0.08366083921153 0.9794545819991677 0.5962201981918925 0.3001572333539251 0.791276236639393
0.3517884707625718 0.2969110207853113 0.23730519462130484 0.9267189505204088 0.21828863892869954
0.28509849461966563 0.8218960203667377 0.720454265236713 0.08832452399621926 0.8714288911267499
0.3724065084361917 0.9436545845698973 0.9385818040101425 0.250820649815064 0.9224085484016018
0.17645731929663255 0.8163939017749089 0.8426939679346753 0.8859376621306012 0.7612909973701283
0.7472875675758099 0.17589335461534017 0.4138058142617794 0.13154248392081003 0.655913739430787
0.004098963618480056 0.3414457045900472 0.9111087187353826 0.6428111973685374 0.4865454814313178
0.12504868042354567 0.5718318639835384 0.19465096003289617 0.41039651071932826 0.8144851978745292
0.8384748611337931 0.8839560724892869 0.9891904278036197 0.9490438516880316 0.9124397642438126
0.45281622169562663 0.6909484701986925 0.25062119718994325 0.27284397407095595 0.8745257540542061
0.6864644270387463 0.4660038648735009 0.9389641218359395 0.5929893692579946 0.8704273749169661
0.3003392109277463 0.6540235994601361 0.7799184139959509 0.9415133684549059 0.7891523908929416
0.5112505979596838 0.08742697450598347 0.7011622899780152 0.9506741813611657 0.8003596740811271
0.928253632473543 0.05764353559473845 0.6772647667924065 0.1635839725599928 0.028440275427285
0.659566449133744 0.05806949888155288 0.15459339956485607 0.15777922680402356 0.7719119641218213
0.45482661881646824 0.7819712368292362 0.1055254048828621 0.7914865910278575 0.6566204301385231
0.3660025391573244 0.8659646654325545 0.12181814945564473 0.4177072423818 0.1242106721505083
0.8272061351506106 0.6022746645580678 0.5028566754000594 0.33993316097255344 0.9712850895811667
0.4069151321377763 0.8614702127269467 0.2060402074482568 0.32976595111886486 0.7264933957497014
0.4501493467843948 0.05005154562348835 0.5743241141340756 0.9238024574472535 0.20822856230266173
0.5300972008102582 0.5887407191740461 0.8812005272312059 0.698631219649217 0.7051084918085113
0.2894365907351423 0.1828485470103507 0.953969972938915 0.9389617844933819 0.763884971483291
0.38173374900915225 0.08457881227501507 0.7758515372010577 0.43698443165582956 0.1995854873468481
0.379842912515415 0.6147223368785204 0.7048586872092838 0.7803361940761471 0.3483980616983958
0.48751983431894486 0.3143575316481958 0.12491643313593725 0.5940058706945771 0.4377896790945548
0.023678363533498947 0.1274122945974938 0.883591362394591 0.43628605233962736 0.9494362807669824
0.4812024914645474 0.7233610554556937 0.6085296456786761 0.825105481228152 0.16831268732356042
0.8162672373544276 0.4864600913247966 0.7160900371759118 0.0314244432347085 0.5792908518309676
0.7938293037233101 0.24367516399842049 0.8447663559059204 0.7228552829385223 0.8114674483752815
0.3891818139071521 0.13322798024083404 0.8827568058773676 0.5153700233120352 0.9133084644024778
0.28413217899611587 0.31271377669405687 0.09129457514998418 0.2835518440217092 0.4837663849394068
0.077342215986552 0.4675066905897013 0.622647129258848 0.2547788192625311 0.31759558363301166
0.1764547758195386 0.7060817700049488 0.1391525641383865 0.7709097143661697 0.5238593687409316
0.792371282380368 0.29585266724878867 0.4960257855819785 0.3709034153679992 0.06090885710481453
0.9785626732389848 0.3739850653342943 0.2873417110876437 0.08797137916085651 0.2989621315513181
0.46910603259429473 0.0988612642595913 0.41056150545256853 0.46378778841878 0.22628368640127172
0.3515601013179903 0.18132429496443458 0.6488148411693491 0.308580272194666 0.3402430896113342
0.8643848478191516 0.21088920900996377 0.10537235312858628 0.30229521683555316 0.27814641924220485
0.3646164917000795 0.13198362740034608 0.7387855600601215 0.9419538951777982 0.4187447494116123
0.38801970770967487 0.8784444094842959 0.6643812483369076 0.11910878370566258 0.9773705448383626
0.8879634219955905 0.8960611719898153 0.9647036789599017 0.6340342781047283 0.08793528494160219
0.6778443576869881 0.04194002111753714 0.6044415022148675 0.3032979220282872 0.017482482062707083
0.6705028691600712 0.8585212325336875 0.6983896896658597 0.664781979373713 0.9603938284505799
0.5274083642807444 0.4151471542333498 0.6475346360868828 0.17024252341462398 0.4140634478865146
0.5296560701741887 0.8065149537832483 0.5103876019995334 0.14570272479518054 0.6450980381819081
0.355633116680132 0.4130553217593048 0.3061645638329288 0.49546404961657653 0.8127636329009794
0.7855735667067464 0.14283453980139382 0.6767656165580762 0.43955783118374236 0.7949675981032374
0.9106849503302261 0.006445417780619911 0.3617371140770711 0.48392808856947833 0.236063892317797
0.4080146814668817 0.20834262748159194 0.6214988016917716 0.6733058332995078 0.9120552352371369
0.08379386178484527 0.3533224068637605 0.8591021063136199 0.6356526611576462 0.5318551833467783
0.7602518743997906 0.7829574528849703 0.07964943095239241 0.3794125448737907 0.9676484464188422
0.9920146000483199 0.7210466137449096 0.44875242155874717 0.36718604265031296 0.8475954481315963
0.13027255122147685 0.3924164769891332 0.06883617423292587 0.4361127965369811 0.46862810477810024
0.8787765196915722 0.10357579236073344 0.15786301530696378 0.017237422813769276 0.4464443959448443
0.8650259686668109 0.5888755959459462 0.35959100483528117 0.009439825029535664 0.25562258839045393
0.5819164834165101 0.3612491741069974 0.6508121439675668 0.6219291618883058 0.33169004980910743
0.708465898168284 0.23519371596546934 0.14615432762340896 0.5089143492081991 0.8951877404662619
0.28895608382239646 0.18319418045118463 0.5796321085727314 0.3860393838820336 0.1382686463114181
0.45195308265549217 0.2033356843122125 0.49158802830708026 0.08722950606387458 0.8226276399344996
0.45028834431133635 0.9566208202167427 0.2176620573211746 0.922292607350719 0.6650576869605628
0.7222127573803276 0.34445809387764803 0.06780242767303668 0.7221738847355413 0.9227255294769129
0.746723913837049 0.2268174801401598 0.03989977762990826 0.5260099238283052 0.991222444882202
0.8654920740652565 0.8614962382443658 0.3805583752883348 0.18325336350801802 0.26748035198144127
0.47933412179035284 0.03390035659913315 0.406827500330172 0.6170693680053699 0.10513021064676531
0.6443382094583249 0.46431017600847335 0.7393182082461005 0.7707478741532686 0.5395657870917763
0.4264229750899664 0.6029854930583782 0.0038641635884228975 0.11873145994332401 0.9764889805443475
0.7118325565152519 0.16370923879622756 0.4253659793048127 0.39243806808774795 0.8241804049450856
0.7783778235445206 0.20891225556894388 0.7452839526263043 0.3221704404654784 0.13818435597003487
0.37948791732975706 0.2101226963490479 0.539895633162555 0.2830697998214097 0.6638584788850989
0.37575329233777255 0.5206585525067231 0.6839218168977168 0.780101215383215 0.3224619352371677
0.6510133986170129 0.7321926093991636 0.17357051470680562 0.371748018125308 0.5709171179937441
0.4924498553784551 0.6009397541963908 0.7675663287161703 0.7444042080073423 0.801013352774317
0.5312593085983899 0.55532919836569 0.20923282182487934 0.045287612975524416 0.09142032249253851
0.43234560462378324 0.9595154601520932 0.06374842038792117 0.27520902880857534 0.6808735310859583
0.33174507632673 0.8170612767514905 0.9221258859487185 0.3052227269742567 0.9169117566168667
0.47927223145861697 0.8326878748564461 0.4088562477368598 0.44939652377331196 0.5760265893462732
0.011303640835508277 0.5066750796519461 0.019315662214080764 0.09636579494342734 0.3926507636321571
0.9924411803846447 0.8439553307469162 0.9907671693353973 0.053684477485797855 0.14846734442074916
0.05853711973597031 0.5911295505752191 0.1918674481006496 0.6624923194806923 0.06768118056515782
0.033813288396736585 0.42294088774281224 0.6833816097393575 0.27487869426512224 0.333729575691031
0.9109763120881923 0.3970011786787837 0.0136939830639502 0.10257436218335025 0.2514922282046339
0.3273703511372421 0.24317144185576656 0.5854084090270464 0.9984285736776315 0.8533851894757153
0.6880688482828274 0.821690284820003 0.2819105654074002 0.06376045510406758 0.9307798163141641
0.14284145770628798 0.3954252914240852 0.5873048089360735 0.18912912712273577 0.670920663302061
0.42730209059406743 0.42998193497699866 0.8250661503956951 0.36986428815286887 0.6304862073318876
0.5085785759699095 0.9573548759891704 0.3603981402506675 0.2427372695233524 0.7760065341574512
0.27019619367319936 0.08730009851245168 0.6204396013911432 0.16075274719913135 0.6116817238727774
0.5425392342786222 0.9643921983231938 0.7458535221472528 0.34041370356453926 0.6605628570374319
0.016169956265488228 0.39314576992283967 0.4648574592826936 0.9162615811326631 0.4944524463831088
0.3006472165627029 0.2898280002560746 0.1049274450500004 0.07736343268174617 0.2246577404313036
0.6496795890069708 0.06010650614171886 0.045589665769269705 0.5227785732799868 0.25332506515479825
0.2715522116111604 0.20548493735444762 0.21011249495350393 0.11128815362269795 0.5414371700326605
0.7841730855089417 0.9066756748785694 0.6298422371297872 0.08740372672255003 0.9015748064111225
0.4111828879241085 0.8233712542016901 0.39734158295353306 0.8431647396062075 0.5002739200592871
0.6105689527353932 0.2743749800847922 0.6074360772132249 0.35199776972007357 0.7686799366976674
0.2939201406980545 0.12489432138482626 0.8227219698050103 0.7451201436756434 0.030962472175754097
0.42529351838459406 0.8438870314803241 0.6688830375340478 0.6011062745627912 0.4129705827774478
0.08097917924797715 0.6081265379807341 0.26620002857226377 0.8122433787377388 0.30917023080240813
0.41416386457150367 0.5208753967890335 0.9646788878706588 0.40295710065562496 0.7218006849737092
0.07768665183253276 0.31491404214518703 0.75789866470353 0.8350931958127964 0.8835534196550359
0.22207408056524425 0.12337177373566932 0.39546862710854 0.6776713174917016 0.8145823687386632
0.08743753972046864 0.7507030718491358 0.6215056238058968 0.631519874078532 0.49527596974181143
0.11974178634492949 0.8941601324761121 0.3989712631427529 0.43816803075444144 0.4414596185420334
0.34909075525572675 0.3846854509489591 0.05371927631829965 0.17718104817124214 0.9125157691618714
0.5891987177683747 0.9503646108124095 0.4758895136823946 0.45505305204224933 0.11559255647806077
0.88550441323286 0.08016737125342177 0.15225526725549865 0.8172721575982155 0.5926942648332368
0.2273098022726645 0.05938293926664506 0.9903768172106961 0.487435147236573 0.9527230901457259
0.5190293506159351 0.41271166472478693 0.08141034311134898 0.44993625357441747 0.03991986578804463
0.10492064220592501 0.16350707858930824 0.49461460399367607 0.7813652006889958 0.7987305982259333
0.4133632809990745 0.12449988586846772 0.7928362913741949 0.32792299907823186 0.9211356997795025
0.43713735965385736 0.06242363566631992 0.9424794876624252 0.35132838184871706 0.5533472563983048
0.27667318471621793 0.7556603035543715 0.16478323350919655 0.5112806571415346 0.5741893318330088
0.7129810932806502 0.8641476797607118 0.5065922371014716 0.14345651339345478 0.15571480599450294
0.7994047724569575 0.5687052261151194 0.02218198740631039 0.23898097822620545 0.655284719283669
0.6858285238050056 0.6907137653267389 0.9211779379572934 0.3430470159338066 0.011687846609465868
0.6874335570840033 0.3052073850652671 0.28856516842871627 0.6374461248481074 0.6877270644685669
0.7767822058063096 0.5835729619805524 0.11384368125316713 0.7605922866169053 0.5947672814869819
0.5169665445696057 0.22943260058308568 0.7740832706585479 0.8931455100337726 0.6480331043239564
0.4070446830154396 0.5739916172295537 0.44889922955622563 0.07410728395840671 0.853509706596989
0.6017009317356592 0.978970542146696 0.27689495855374013 0.8813303366957502 0.10746167377325344
0.3871033510650288 0.24306428378731415 0.7502903356348091 0.9772374365976118 0.06586406331110006
0.6434717869213105 0.8436061463528522 0.8901404144544085 0.5414893987585865 0.6803850890213389
0.5996887897886234 0.6988825939866614 0.12289701272267262 0.28957934897416493 0.05073097484844746
0.3968840167697981 0.4771740204915603 0.14246262743090854 0.6999759881361507 0.027936687503156254
0.24443371508977096 0.7859571621263691 0.3142179980001685 0.8439754348224531 0.18323218231232197
0.2927219884156743 0.6466169530520174 0.2680911220688694 0.6052864782138683 0.39125788186449284
0.06272609808232799 0.5329156220579732 0.5312706322153488 0.6347205914223293 0.13182988115659688
0.5052015280708665 0.4503911762561845 0.8719669278057741 0.301296128095789 0.3198319832543609
0.4487477144354348 0.9250292951482405 0.8131638458115533 0.09183272189011782 0.916253142923731
0.6625566580525932 0.9344254660044227 0.7481686156697076 0.7212329251149483 0.38041611541334186
0.377932513728352 0.9780560253513192 0.8961881467492511 0.5686891175859898 0.8401428138941437
0.002595000573488271 0.7955377311965127 0.09367442513302426 0.3249293523992356 0.40446329352939847
0.10874043347173845 0.2523879941115662 0.18231788913131153 0.42946799613902076 0.8285406298333624
0.8962490308669089 0.6899009322418276 0.9224769128148477 0.39675182795771047 0.08437006329996855
0.3016019770550521 0.7302481479879407 0.22794914006075973 0.09163140369725276 0.09692139655816168
0.03133590351082394 0.4357477042496598 0.9466729289476805 0.5711835612640574 0.9891648181370891
0.46082000260114386 0.15759635306870023 0.1645054601860333 0.47218557214711676 0.6034311658375141
0.3851697381665936 0.8343579094564083 0.09796780370356939 0.5677219198978077 0.32694044482431706
0.9366031068774733 0.02421603736531286 0.49962170440996534 0.16708897598780914 0.6508618575277456
0.13575058590256317 0.8669723753450684 0.44726251064185607 0.9497601547727678 0.07811770040910626
0.7017597374954367 0.7976468416248852 0.6884409256345888 0.177007254208284 0.3067623557465561
0.9205578667403551 0.20440813103445188 0.6232359569288368 0.46183222717551475 0.5820712353984361
0.8686995033584827 0.29382492545663874 0.15206187033050733 0.3785392008807401 0.6708953205011685
0.16844708800845565 0.10512471936183088 0.6576245970418809 0.4581302600087166 0.7208631235235116
0.02693564573789642 0.16292244748636442 0.48342674811842923 0.2963929019569751 0.7633335761349119
0.489449340766023 0.4192194274518608 0.1902650046598532 0.6580093574545752 0.6761719425964713
0.15330755686636088 0.47721003450548716 0.4954474897530723 0.2828813391273268 0.2294680116043346
0.05419048861095266 0.5989685663553235 0.4438893809440353 0.5510023925680454 0.7908291651123693
0.9667212129966585 0.6765876996339711 0.4930991211105452 0.58799107079873 0.09640425351253523
0.7313908847599238 0.9396495205863541 0.987140742455604 0.5668967769507964 0.9815179982025758
0.5521187350717836 0.2343856283478032 0.4570316132462624 0.1237120138655633 0.22892371705228076
0.11635487592405103 0.9815227528718183 0.4180616880987913 0.1630786166259759 0.823344254419932
0.2386542033060315 0.3442284984724533 0.3798204977803984 0.9658093051881029 0.9866371061981878
0.3691126227118787 0.930905220813322 0.2919313499572648 0.5110302579131039 0.9371709546488705
0.5345660239900284 0.9058817617578652 0.42103232961476045 0.2346689139389666 0.9105082941201122
0.05232352859746636 0.46121615483115974 0.9658625720363253 0.3519266546500913 0.7375317203266276
0.5588477268679656 0.6856949793934267 0.17694813061719383 0.5289944131503165 0.8818840148995658
0.5911428200103136 0.9570089463061976 0.6181497972947274 0.3006142013336581 0.6613054340451717
0.7086382923818034 0.5611744836237522 0.8768261139584992 0.7652009163356318 0.8640289899927507
0.134671064847125 0.14865249804782987 0.5732894370982693 0.4741209504134858 0.6529226952518749
0.4324267442783106 0.6495544563046599 0.4069820977312638 0.6812631806917772 0.35697010878626934
0.19995719867812034 0.6539294324534595 0.5853867932454639 0.9543040589307846 0.7819911695068931
0.7916910700892361 0.28726201467482904 0.20047358300468143 0.6057217483398208 0.6464030782196905
0.21137294174554822 0.20495508891619618 0.4718075363626457 0.7849811051093388 0.8967454570840608
0.36850837704521366 0.8877053527233737 0.07538614129311005 0.795652491124939 0.020493370870703465
0.551550569725756 0.45657850098614206 0.17157927561352848 0.9922989525571407 0.7523228811068154
0.06719523618568846 0.6307244311513418 0.25577988332575163 0.3355291776661177 0.9814450285786727
0.20397276188412816 0.6281656650648566 0.8651115368055555 0.30895615402430876 0.3343032004010136
0.7501152220363263 0.35168785191089436 0.9445397971233122 0.7566956436164379 0.659201821948216
0.8082736705312248 0.47179238487724795 0.4074238057544227 0.3690065609716362 0.5709692794717105
0.5218421549311282 0.7850429914496667 0.5498295143272911 0.7450201474499677 0.7212085253308773
0.4582956610760829 0.1857574177847673 0.48135580036371695 0.7799281649131976 0.9716837974224927
0.12219367103913703 0.754071952863664 0.7894439888485653 0.19677272583066963 0.08674965433815729
0.7258102881186566 0.49969850776092484 0.9830824503742548 0.6193026683059027 0.8786471326971355
0.8017423663709312 0.8583574457671234 0.9571371467884996 0.7839799367660478 0.806209830140329
0.6792657794049726 0.11047575458828396 0.07007376817425137 0.043741322861269194 0.5057181052525151
0.9759996057920621 0.09930570736368716 0.18485027130955622 0.6829941230837426 0.4123810585514066
0.9365194253409196 0.9733018180241597 0.9621735420492571 0.7841162893408278 0.5637655841211348
0.6130118689487656 0.1267838794922379 0.7264485380397491 0.9811152649174751 0.4224111233468324
0.36724501731240267 0.09434788457135257 0.4906240787222491 0.27398618202963654 0.46739420292987677
0.00901433862665224 0.4461538891513156 0.7377965098164246 0.1599909839327932 0.27949474223519166
0.578233233890445 0.7269613881799941 0.7263785817615223 0.6791321837436911 0.9191025278109746
0.8545222565144026 0.8071927350841335 0.0380755059957647 0.15949782253945155 0.8851118368799689
0.39846769629167367 0.5657275843044433 0.5746045990201093 0.8005467899111243 0.8065686294279745
0.5544557979579618 0.5453026275153933 0.5887403560498843 0.079962939717518 0.34722552245868565
0.25537163649098504 0.03987931774249465 0.9486574793407039 0.7423865682402696 0.9886143598333843
0.4925149597975216 0.09011089650530557 0.9024928678636102 0.7456526589048307 0.8372110414119139
0.5273487005031819 0.6036636660020593 0.9751992006513174 0.6050837572545417 0.4053714298533012
0.5957171425414818 0.8645974375306853 0.9124963430597595 0.913468192971298 0.8013666026378713
0.8457159498070751 0.7344897501940156 0.10390312140276459 0.3832530774485836 0.5100287411094327
0.9083062513659264 0.6274585419895251 0.9586517054140109 0.8753384180951004 0.1344950362082309
0.636159986271821 0.24666684862276267 0.15880549633389862 0.9017971924466197 0.671901755495217
0.3127408459487261 0.03318137947080235 0.9123280446597849 0.5726140236160144 0.720423909086249
0.04994079109947924 0.5104828467164363 0.22349259392931498 0.8003481956488884 0.13202413440708205
0.6724089937750967 0.12883439533104424 0.3705900924947173 0.6477692626963732 0.34883307947190145
0.7188057349782472 0.3393340261720814 0.7997323314502512 0.2322185898834247 0.4484341760798738
0.30976196138695666 0.6022004469301274 0.1268489560370607 0.5716047601525621 0.3366794198908445
0.13364169109305946 0.3573069245647461 0.30068023946054245 0.5711689232697591 0.19598143203827434
0.6359926357005492 0.7085324653645716 0.8057082205213612 0.7321750164342335 0.5903754581482872
0.4940618494375525 0.3642616949366624 0.9307807412401967 0.21083492345328358 0.3333254975893798
0.01792417181901751 0.24758316557731785 0.5982201690572495 0.41706794190363505 0.3055330302816418
0.19106163857554803 0.6788817516633069 0.1841526127565608 0.02270073829509367 0.30042497794920786
0.8697450126227357 0.1067980927198926 0.49597538014787035 0.41077267479704327 0.2997231292385534
0.12267768385691058 0.6344462485687903 0.4247676582855313 0.8948991520442604 0.7288103707716647
0.5096155148828279 0.458091544346087 0.3740543077193872 0.6877611910040614 0.65878210251796
0.5768331425596438 0.2514971761168032 0.5481227651050709 0.6349957895945811 0.5555246611909135
0.3102790253985187 0.44777118334398724 0.8727807096640539 0.6772942184890366 0.7883213140496849
0.0994071059985201 0.22889430655571608 0.435909903679212 0.4808405231423455 0.3051121362224757
0.47846353299457933 0.7934193677886607 0.9944720543236015 0.07633656737236716 0.2701222630672946
0.837439374850286 0.3087374089659829 0.3816295364212867 0.49848736060766974 0.25025264261230495
0.9301931115548965 0.9386061592674609 0.8786307945339608 0.3602507324341625 0.18462004856914693
0.8352100113660886 0.966994510021081 0.20778875471147162 0.4981785693259183 0.8485638037963958
0.14745904041589286 0.41293109730145794 0.8195432777249746 0.9488145022062611 0.1331107556463733
0.6216932397440312 0.06738882566490667 0.8753015862501513 0.9264773421722395 0.3776805718166695
0.3929255097718847 0.5473961414061277 0.6442193978264201 0.5835079894687719 0.1535862700565106
0.5335266129086738 0.3514307079177985 0.06482923626520265 0.013877173251374164 0.36033505052329473
0.23926441163451395 0.3284186531866936 0.385543328611183 0.206404557883218 0.44019320185735433
0.014578220319157897 0.5150725746787558 0.26046297597767465 0.32369938624079875 0.4802802656266798
0.1806248934158825 0.38372887758896623 0.17845056596559716 0.4393840516323082 0.4155599473478093
0.4423116138058849 0.8544499508327055 0.6209357692236955 0.12956533228608325 0.5225627264386229
0.5763218112051441 0.13548226756988146 0.9112971873397214 0.6275538978106909 0.36008001323760186
0.5587029523000849 0.09573524099543662 0.512505381043286 0.16423883897591351 0.44255957250138167
0.45461259637119167 0.05417435312348762 0.1635434109293029 0.45022363379716124 0.22027425382988242
0.40774132276713837 0.5841352152625926 0.8814297750079219 0.7117816154085123 0.08643253084909297
0.9604409848536588 0.911657584217287 0.040877398192536885 0.4373789939439473 0.7756153992224377
0.6312757549158273 0.5727496448317646 0.7613354678550968 0.6147957838823028 0.7054434853938353
0.2526110392568126 0.5673188624215081 0.9496312602611744 0.699935105001592 0.6213007171213518
0.9121161552002008 0.5221927402092401 0.04957727860978256 0.8637715476693145 0.795628121660957
0.6873947808282185 0.4586709126121127 0.23161031295814138 0.7650288480199154 0.19491176303908897
0.4529989357873552 0.2631067859799979 0.5260978712233885 0.4835791532800092 0.7843570259222273
0.47166691283739004 0.5105710127217096 0.8484894771017514 0.15611902246983955 0.35660862506869695
0.34500378164758105 0.30430334349995014 0.20013051571707896 0.853236298706935 0.7718709085712885
0.7256358085136432 0.35247873017012143 0.9385235979270271 0.31166604865114456 0.1038960096158622
0.3198428912509039 0.9629884000593448 0.3438250935380647 0.6612330116030726 0.27609949852759696
0.6672637193011505 0.21808383375726603 0.1909186853255299 0.12603977746349138 0.2589730280011514
0.6703060460423789 0.0037329864006186986 0.19175549787867918 0.04523012833354112 0.49640231552602676
0.5230326123142586 0.07044280254747193 0.5805660188142122 0.3257011767367407 0.5153905556577846
0.141556738398538 0.5035664387465097 0.736402317074113 0.7613757355595409 0.7078469672941754
0.4819732944345637 0.7372937915054089 0.9939101124413962 0.908802230359471 0.1222864787660447
0.7894902467817105 0.25154868022020493 0.8280337208743136 0.7829714900283258 0.3165915277404515
0.6735832090361364 0.6097610843092357 0.6101969110330987 0.4126447670636223 0.9275566187196732
0.23726670335689004 0.20186690712034483 0.2577351708028365 0.5028209750408978 0.06855247720497526
0.10409977655548663 0.3547975513555206 0.42763552900996527 0.8049093659185298 0.6713727617829817
0.5827014325836264 0.9075063448916862 0.9398095222659583 0.25687827677827657 0.7726447447003092
0.9089347819198091 0.3890810246734355 0.09002911875134412 0.6397044897612173 0.25841255455742207
0.6778775025016438 0.7548900282486586 0.2810589235843616 0.7036176346454588 0.4481682761254209
0.11226651437479451 0.016126979369724848 0.6862288869546869 0.9962025263383893 0.1388025266552979
0.90670053981064 0.6779271982887519 0.7040593574492909 0.5740848906599031 0.7050069640490435
0.8593374780589986 0.647738072654192 0.9403547663811157 0.827034180292797 0.20068885439985273
0.9996907179115829 0.9004353436566822 0.16579989489857638 0.9915615985737877 0.2798994970281874
0.6350359802374563 0.38078755435094935 0.35015411504533156 0.6181193102947302 0.6849608146322217
0.7520453313257706 0.9962520016250739 0.27200443214228953 0.5946037384509745 0.42330352234839674
0.9572936212017549 0.6206137878301312 0.8770431688703265 0.5267969178576608 0.28827106216598064
0.8065914282692952 0.9114860450509404 0.007642765558103504 0.4628278097607713 0.7975133644851581
0.49805711412015263 0.9880370437350962 0.14051724817790334 0.10887073753513243 0.11910361256488511
0.917519602596859 0.8613559563916349 0.9996414230857096 0.4095042187374085 0.18736267845795584
0.8931278963713566 0.7287043041299666 0.8292683949931909 0.0015923081119697535 0.06733908690842483
0.05503005884075041 0.1754212316073397 0.6961917410126095 0.9917643030445239 0.9698042052363479
0.11633215160612642 0.24071375604994216 0.1657405969427881 0.8635288833030207 0.24261904855894167
0.586153241670139 0.8340699751642597 0.3918569671857235 0.6918572952869877 0.46980260553670716
0.5828522534641402 0.4392155016408623 0.0765713639582406 0.6163209697738774 0.9582377578144279
0.8806649448319864 0.6831360316286607 0.07349769758389091 0.7094965880713748 0.23831435791453648
0.6467366957023485 0.8172551276045943 0.9671840081547938 0.8175089575499351 0.752453374967908
0.22635257723962465 0.11640462441101951 0.5224523411738927 0.015299606244559838 0.4235813291513436
0.8445312692876132 0.9154021714744016 0.4346229732297179 0.9672065690226431 0.22991936296266302
0.22818833723957221 0.7620144150394113 0.5254573911637471 0.5426242993093316 0.4350376617605799
0.9537666404568859 0.519214387553297 0.9741333221909346 0.6942127930181885 0.35225269426481565
0.019099253348565992 0.38553979853542475 0.5907585398852778 0.6154202876428965 0.22981072977055328
0.5785314233487231 0.9731227263248671 0.15949140809127138 0.6071929120167204 0.7181501796241624
0.016339141125498502 0.9640632855548058 0.5810255791303073 0.704305307078246 0.3295675034750323
0.3759731368300764 0.9122657472264992 0.2308971898570924 0.49107803665517846 0.338341569662155
0.5540342779116036 0.03924131880053583 0.3096361976220887 0.12722969996412026 0.1807316321239908
0.06384879268187804 0.9092179585305848 0.32009854309711117 0.90462707550583 0.1119176242281934
0.8258226702009343 0.38768513457610454 0.022953817547892608 0.6134189470619268 0.5694283608700261
0.8321516174461893 0.44934803969993387 0.5477585550604849 0.6474338015218378 0.07559626497764826
0.16253722201947995 0.1332628497701004 0.7950247610136604 0.2503110069433916 0.9137272867644264
0.6464848753647898 0.511339511332486 0.6596554646805732 0.8739547500272705 0.1031358103317116
0.3862714487107459 0.45182638450523605 0.74010124897009 0.6092365465025329 0.9274250703883108
0.427442192666322 0.90817599733769 0.42354098350939917 0.03709960848563454 0.4474152397349398
0.926611083345765 0.06769415002490287 0.841099023896781 0.4712677260876047 0.22267653458113568
0.9321555590479235 0.3203998535006408 0.5643086856573415 0.4865647166017941 0.2918259134644713
0.9470652301702219 0.6601030653846605 0.9088464895973583 0.9614408243288503 0.8297359436881268
0.9009174262744186 0.5682291292518886 0.22007001406256677 0.9675973440027039 0.8348318922724767
0.8157804621017192 0.10566825313391448 0.46809471845322115 0.9791284064401932 0.8745257530652963
0.5422225203203604 0.23857966191176916 0.769854608655995 0.656886676969773 0.9964568161837823
0.8333011191352453 0.3425635005493892 0.536696453396827 0.6661493450675642 0.017021707574710554
0.6172767748310467 0.5953409155828177 0.5603724135296508 0.7260009450816753 0.8120775480468942
0.7412064213084701 0.8921001889941782 0.8995629210952591 0.6269115954782442 0.9521370168237303
0.6418356029837906 0.459655890881966 0.04458420304295174 0.8099814225397188 0.030865441177037156
0.5336694552354823 0.3641899481622861 0.48835373793467396 0.09394132369967334 0.5939254902341872
0.6016240534850218 0.11003511422064405 0.11981705949003307 0.12337079392934658 0.49304166602578037
0.8715209100408373 0.8673837220256021 0.6572910671744329 0.2437601156475555 0.546236790130876
0.92206338749377 0.8704341310362557 0.981886376548452 0.47035430991231697 0.7504422618072644
0.42611428839939625 0.1369828215525034 0.5272868239743188 0.1927275228417935 0.6279803240978484
0.608297431949908 0.7667675849662061 0.018547115265984293 0.6640573354883949 0.5413248641835194
0.5463045681494648 0.8354105611328309 0.9076300788175157 0.8640710402519381 0.8345327060661254
0.5397278120697092 0.8457010677958013 0.29503139472046247 0.7940026458495625 0.9804320143390927
0.6195246120913772 0.7339443416590091 0.16083709652142775 0.5207434225291212 0.9889333956766566
0.3024996230896193 0.6420841630864257 0.2738105230232236 0.06411623734787064 0.21430555507033666
0.23669938032543447 0.9209593520941892 0.7118288142909532 0.7111193829977369 0.5057651196344334
0.047225670565569144 0.5002179746608462 0.049355958898571584 0.47160592904913545 0.9971896825923149
0.5281333854733794 0.5431030412888304 0.023910911376628374 0.659648318348371 0.6502413528033234
0.7316013999107199 0.2463206513060998 0.77596620727959 0.5451474335806648 0.05112952257387937
0.7420751771550472 0.5298925961704025 0.7524493345425588 0.19346297903648257 0.8964784106312741
0.08340776102430791 0.7017260955137609 0.8255804731734482 0.7395963154872823 0.5733160209750062
0.025980389931371972 0.1137266884301914 0.25665433751894584 0.888634241413447 0.09001432525114528
0.6559487627255437 0.8173131422908443 0.3898582036600228 0.1361787799841967 0.37594978019268543
0.054579438538107206 0.4621178558048987 0.4620096791455369 0.7869927886670149 0.2699586817817381
0.7091647577948501 0.41112946408187245 0.26536042060250464 0.07269447497847603 0.9535806274054238
0.6520412189666515 0.31474014840343545 0.500638780580035 0.6118066646171029 0.29547895177424777
0.4626110443393905 0.0659165158071453 0.1934696181976463 0.3523310176253386 0.6839031459662709
0.008895045282872771 0.13991425539906555 0.3370350795081719 0.33808693013414914 0.5605538939987799
0.6794944272605828 0.6946866373898719 0.36344352945108027 0.9539592103230474 0.8989016771407583
0.4373860068788671 0.6691791459346355 0.8727214074024425 0.7284565832160304 0.2819066071870896
0.4620951561514085 0.32591509950978703 0.14708070921238536 0.46181599157743214 0.9847565457305383
0.8510973450473329 0.3005999974104787 0.9493446249459138 0.5679497336755432 0.31775556590503296
0.3876238401554165 0.054124810004257284 0.6948063067454561 0.9714111546584084 0.13805341086137757
0.6152002610576216 0.6923320815369446 0.12093119886480508 0.0986638660222584 0.8944375623479977
0.9023635039923809 0.13163827322102284 0.8430874344181333 0.5197312784685687 0.4653259510404346
0.5150364392861179 0.3526607864392761 0.7885200567456611 0.6356335652977393 0.41543814800113166
0.5814958036104582 0.7455271847687007 0.007655777025737498 0.5014428496622214 0.7787100483230801
0.4725525120713723 0.8373942978487231 0.43049633117062025 0.7242951175257417 0.32385430035796425
0.5925209038718537 0.17063909256675613 0.5032990529596575 0.30825690436561515 0.7823567431399067
0.27318891895696984 0.9242756110489526 0.04985803251299481 0.4588044329490102 0.2837012561074117
0.0552465146422223 0.2547803298426946 0.3075367531167149 0.2551360055064664 0.9895883451880373
0.13847929871383946 0.1659951581432324 0.6262495795434018 0.8997696117529527 0.5605016899844922
0.6251460982644474 0.010898477783285232 0.5566960110225951 0.12856089028835538 0.6192192442496289
0.5558386317240837 0.32066233472848416 0.6304582472789115 0.7137955118180366 0.2146150071661107
0.5374888222350155 0.37204336255799775 0.06229033979189724 0.021371357061107044 0.1203696778754686
0.5785669003683542 0.5408856911336761 0.09545964581449384 0.1044857734696163 0.8511913712959841
0.39256583509929577 0.15742105952783148 0.3260293304388455 0.9209994033534888 0.32920142884443326
0.23505083006975258 0.8666373029232652 0.2359313391524106 0.6292033590104869 0.001347285301422696
0.688385283615216 0.9565926125734735 0.49392516995087965 0.15697464385703863 0.5550029902695898
0.6309303594678982 0.6932482419553687 0.5909026064337523 0.7304145474348641 0.3777252639427484
0.07011451918231737 0.09783103271263771 0.0085231352364592 0.41358664035118253 0.5899123138129722
0.5000704170876905 0.639103371378084 0.769185455404969 0.8303894782752237 0.027843041229224652
0.2737323766887465 0.03237221588085337 0.04576262882840998 0.021222152159318886 0.18114470698851426
0.7935795752066256 0.5696073691277294 0.11310255314109297 0.013902968565958296 0.8774943095567408
0.3080907023805979 0.8685240237651157 0.219851087868548 0.0889302000797405 0.3967383502033196
0.02838356054134361 0.8175499622129179 0.11828353446256101 0.2483647630269883 0.507597995713629
0.943872112885943 0.40949946268623827 0.6727293980505666 0.18113381765028713 0.508540768856321
0.9293347554862912 0.6253566386834049 0.6864201289198667 0.9929288317098556 0.7911258595779944
0.8129216096955515 0.9802776781994276 0.7422497874331948 0.5137793621596851 0.7326911888937789
0.2194663862716344 0.5168298195349458 0.9960999393494495 0.8325520216461345 0.896347921125382
0.7380506091211799 0.7627913059094007 0.6495035901953642 0.6232379648696171 0.09853617802557701
0.07356935859778735 0.28263468833689 0.9396706951993846 0.6238187414913494 0.7828472321140546
0.9104067147021417 0.2007459369036152 0.8538064999856899 0.2179737567096457 0.09637600108236277
0.22609212849505966 0.8907410071289785 0.3689221842027699 0.15194549146326986 0.9989489864817312
0.9826676582007045 0.09680967606180901 0.039894532893257506 0.843071165637843 0.07068246464866301
0.5859838270573727 0.0026661051889262932 0.7126756391130138 0.20630513387633553 0.32947111430246534
0.9537479791066733 0.9551513949669926 0.4922638580814732 0.018084956000712915 0.7611251298901903
0.7259723671767653 0.4753310885249169 0.053684608711864534 0.9048148083891138 0.7765963932078516
0.958254057167691 0.6085374997831604 0.585535001198956 0.7172469374263912 0.7478021371923075
0.9219196035866372 0.7152834387419221 0.6162827288431268 0.9800534917471131 0.1684016314621808
0.23650752452638701 0.03788419621299022 0.7154892610180863 0.14115324746376912 0.18191226711334552
0.41153432847911453 0.46786514262991397 0.5908343221796253 0.3535870498523255 0.4085128262149147
0.2447086645588047 0.5393176792163811 0.22449335674841364 0.9886631729803347 0.8036476110944213
0.9465979968029254 0.945289344595974 0.11305317279526383 0.5711125827396952 0.410628902062654
0.2961344866734599 0.13110247221918458 0.002144429583378349 0.9970245034035796 0.7174439803129751
0.8310159703010418 0.622911484864316 0.6343529506006347 0.07763659558856206 0.4987818699538379
0.14852387330209205 0.028501781276938143 0.5409938911549301 0.664991639296399 0.0816522881494689
0.34232919556452024 0.7011001532645507 0.44921468056690794 0.1902468893098227 0.3300260473573854
0.167476013673316 0.8880378199313868 0.21817757019690076 0.7677096845275402 0.48490993270156224
0.7993136995768653 0.7516827578503014 0.4900230013196992 0.09496788098225328 0.597714856821975
0.33080231532359217 0.4694092626169436 0.03136564156570443 0.8180193597505647 0.7865936233718278
0.9277663613756081 0.6051685834956263 0.17967269454906531 0.440377725595699 0.032960592026207935
0.9062675891162335 0.7467604254596083 0.26865849123859775 0.9617381030285456 0.8916231766341468
0.18953533575582415 0.4104116598892269 0.4086960398837939 0.033301341088307845 0.4138350182502656
0.05744796775546823 0.9587774837774584 0.8706022250394853 0.23553618017226885 0.021690372609298958
0.9337247036651045 0.5227040017717368 0.3889419290099382 0.5211904815140116 0.1506263499958811
0.29939425878452264 0.5426350290146789 0.8867956835061266 0.034628903556483404 0.3842351222445213
0.8288305434838114 0.7457784513847143 0.774783974651096 0.595889701190216 0.6244665860797857
0.6001012030951214 0.3426950197086037 0.7794366619777444 0.38470212098922507 0.766439606023298
0.5880257996482765 0.613911117289089 0.26987028535202695 0.9946312170115839 0.5628069536732194
0.29666496883537463 0.5814142335283286 0.9234878507819797 0.6907704672291 0.00470828984069338
0.24068396957412141 0.9553438845484659 0.05510825196633118 0.5061798718845241 0.7279590797057366
0.6907124353680251 0.2946962364015474 0.8981454691104076 0.06574706811559072 0.21818297665942088
0.539944309296304 0.5070936840133012 0.4742992215072952 0.922191241518593 0.9406862635847791
0.9870488645855966 0.9166758286102973 0.9381617465211589 0.1664541136255797 0.5974019897810547
0.5592926926845465 0.4050742172731824 0.8821008393471775 0.43807338601582335 0.7159549126437676
0.14849791292163705 0.7502848126902969 0.03677350117266409 0.8651580846950567 0.5554023312794982
0.7694334649460842 0.416270232316271 0.4952063561395048 0.3691532766699832 0.9143056666593925
0.3640136220571303 0.24476167793684933 0.8100028469189141 0.8260077246581644 0.8628842513585194
0.10890694779530052 0.19834269386492764 0.4921998071277244 0.12446062393875112 0.3993608081432892
0.40827250733878595 0.8169697277430282 0.988368691868783 0.2982023757077039 0.8637601775656244
0.6082594242566179 0.6861365503836494 0.9225167615007563 0.017404794709363403 0.9412377973456328
0.8738029954694149 0.27534332842992226 0.9905111439714476 0.5453322723698741 0.1884976999446022
0.349735126877075 0.553770236305169 0.9652419688528014 0.3171778987705114 0.1498385169217077
0.3611178264562338 0.9265563882002161 0.6310608311966633 0.4639452211488061 0.3354986042747501
0.15227306912507566 0.24547584457814453 0.11094608483122914 0.5327679944043083 0.27851467251307627
0.7857827852490634 0.856709060124564 0.8892880980767175 0.09110124238013884 0.6265341263159719
0.5499410613322432 0.12898929439241114 0.19295286884323037 0.06856002892061153 0.7166054335207184
0.3719421104260414 0.8283881381638445 0.5654372383531451 0.8124151521933961 0.8014101090067461
0.6689723741810235 0.3896994072766671 0.659365238559763 0.19670356061966532 0.7452898722936159
0.050920721514638334 0.27785394233548266 0.2401407485181264 0.9868238496420652 0.8005747651290859
0.08568942497637277 0.3408718154875574 0.8999244229319517 0.2937461748708944 0.01794677218362084
0.5725074318881647 0.38735090122014526 0.6208398079779062 0.39396838529914424 0.8677410138355068
0.6359303110371999 0.10019379054274202 0.47473898343264165 0.6312492219151712 0.9647574191602986
0.3310280653667471 0.17211536768927005 0.3623286609072226 0.6578287344633094 0.5261152178358356
0.09817197686087287 0.07607431789172225 0.4646698926568932 0.2931634587132276 0.866347102724467
0.8824197868772534 0.1441967330712749 0.3161815324822185 0.8938023049077657 0.2990962874810381
0.4600784145716891 0.9232708799697033 0.8550425194599512 0.4308078737814792 0.7572005763139016
0.12317193707052165 0.2773669010453279 0.07129199483389803 0.24313698752442714 0.39735135620119066
0.6141530019719026 0.881924906960049 0.7278968604946212 0.17599689816900377 0.1279500087940978
0.6504002353596048 0.5271676227108019 0.8679806370235269 0.09356248262609901 0.5713775043945687
0.2486543914783882 0.9951191745979675 0.6820340767014271 0.706358663313879 0.5484989168496008
0.8900716558640804 0.0019419597701418878 0.9989124963324716 0.3418694566691829 0.6646626996007841
0.3705473048118546 0.02200493397961234 0.10593189838557215 0.7157950754976762 0.92244459747919
0.4922665803593439 0.8264066459924503 0.1310359433134256 0.8001484747472605 0.9036625019385929
0.1647433159880558 0.14574866511119133 0.18020783852657296 0.8792779518406372 0.82997502629275
0.19503681283137975 0.6408694614072823 0.7966256523618173 0.15783863280842114 0.33846449479531104
0.6308556131063819 0.5847507447314966 0.8579241530288605 0.5275436644457644 0.3004561306405019
0.14503012435404627 0.8009556106399016 0.20255277544449235 0.6903922790753092 0.33121290852590113
0.07170532009424735 0.7173275376671199 0.1023919933037244 0.21856680135610096 0.1411327603005179
0.24021117263223457 0.1880527658257819 0.4717294953795319 0.22113980909905573 0.8472454901064758
0.7371208497283304 0.43641561098130566 0.4390705978529389 0.38132698209167637 0.7387121330745364
0.5606474514446735 0.1529561121823516 0.9129434957847461 0.6338175847425731 0.9102786768998746
0.784928883328548 0.9408929519581128 0.8493512753368575 0.7691349515987513 0.6473828057229347
0.17198602277065178 0.7779826526678767 0.869657016840641 0.19069670688733276 0.6623451761001906
0.9820601606392505 0.36907356778252787 0.5719762099454597 0.07707313670801375 0.8501202857980703
0.9715512757927159 0.06588638507705702 0.8409412948401102 0.829498360760297 0.4479168776969673
0.39352994774593664 0.2279786541518648 0.7071299127794968 0.4916791294970595 0.8615478460601758
0.22145738372674395 0.013524377894450601 0.49239494074724255 0.6226930003267094 0.8234708326261017
0.975042915860206 0.670436034275988 0.43909291040895837 0.1835461559758096 0.16074129697085415
0.7568292372576262 0.07048149496881118 0.7805207696293421 0.20054629027497195 0.5420467512293468
0.6073201773025277 0.20010995655111996 0.4151007294677018 0.8367316415499058 0.9708622210288221
0.7932719312719843 0.08067451580819318 0.6490370223526479 0.9267698124351242 0.2938607604656741
0.7533854990560314 0.25073614951132783 0.7817448637166625 0.07526558350782497 0.31239226255246555
0.4643307319147185 0.5674912102849775 0.5782638307653345 0.7018498653901544 0.07824371848781919
0.5651644205778826 0.7629348188275031 0.01653930932032599 0.00588486384246012 0.9913013231282211
0.004031823013703195 0.12079225853259645 0.5156856860602417 0.3499076877370656 0.2900567215542188
0.5763167307859471 0.926629544585222 0.7814309128197695 0.4371384878573623 0.7441815450677618
0.8643022287693874 0.7153715781201684 0.7901666596433903 0.8146488480396402 0.11414107138550078
0.8127941359945737 0.4308476485142415 0.3644067250260554 0.522907980564737 0.6378138407861893
0.932411438458846 0.4856019668120979 0.4689396323221522 0.5911959867255483 0.9336157013024563
0.5933112801997688 0.7230661592725588 0.28946121980003436 0.29338939810415765 0.25274326915388046
0.7375322179507172 0.15158555569793464 0.47708927410623314 0.9651694121979943 0.9421774320531158
0.4149868939724044 0.5595442041287128 0.6419551204410339 0.49346528520107336 0.7911600728030876
0.4978511971174804 0.41640537855546433 0.09686222913543796 0.0037338487149313204 0.15017801305219458
0.45080549338680664 0.3961504633006401 0.3145353743246442 0.3578501058433191 0.8142049746766247
0.42993240230423135 0.8131476073975901 0.03846269159990445 0.5910805837938721 0.40753325345743496
0.24138699211808057 0.00985948656422786 0.38070488862148144 0.09146608416641988 0.5749463822272418
0.828078502697054 0.6001066594575534 0.8732375814904824 0.6566579427473394 0.8911904447727311
0.39445502573576374 0.14344610180977846 0.3719479708826672 0.11673413906439478 0.1454411204104903
0.7070255636411082 0.2600395288147448 0.2770516439968409 0.7699130978231932 0.7769437011267132
0.3398040410257165 0.08767642346262505 0.8719387170608154 0.13902756524536963 0.3895684957375677
0.34655481120777254 0.5313056250045749 0.03610552966555469 0.06744105767151354 0.26867561846263477
0.023792174093322016 0.1889102252898459 0.4414041432687791 0.33594376112945934 0.6977462895659435
0.7799465948825274 0.07386436309251176 0.504085949940467 0.726550917753895 0.38004362186610896
0.07068736025267908 0.3233289868578 0.8855490407104368 0.39014061217895024 0.07908951006579723
0.1251683286424613 0.8382649626955176 0.9515406443823821 0.4076385082412871 0.9799697014043849
0.5228930868128104 0.8785625858862957 0.6154652181182754 0.49316913428453635 0.5039498455892619
0.9873697396388939 0.00782639840834698 0.6826554191200609 0.23185684281111274 0.959975993180002
0.9467049518656714 0.2548074072079757 0.4333011850910917 0.6978876051389699 0.4819278071575851
0.1855227475830583 0.4216224316816818 0.02131134165241133 0.2727711441278927 0.17963687259086325
0.40086084473177097 0.5330060652471509 0.34694735383204167 0.9133345953499639 0.176768194667687
0.2690881092081212 0.06118525265604169 0.034717009135920796 0.09242744180475915 0.009496400764749224
0.04027736359734879 0.6076852523518339 0.6524884715618728 0.03249195142804939 0.19300608509625428
0.6793800814017886 0.6181787692608579 0.5899206345046839 0.6640396228303206 0.8503672029290343
0.20877158672454332 0.3407394455576165 0.2475163676945631 0.04283645895774002 0.520678609274615
0.4660010853975721 0.6966758784130561 0.40012198483712913 0.4199057081391837 0.048173821460739674
0.8526956246163457 0.7652359909846479 0.4536648339636147 0.10690252450311899 0.2676685143547115
0.2889768267584314 0.3741405363980075 0.6104640198670602 0.270339483535069 0.8598883402045414
0.9481636651891284 0.688830224766935 0.9206810567291043 0.7735489979758129 0.6955893238315637
0.4471779075349429 0.786942991166255 0.24229193111104474 0.26160367244783456 0.45342053110637215
0.8572056786966616 0.6407478860899237 0.8771813008373972 0.7962069266735109 0.46177433291485237
0.024555171444292423 0.3018726680378393 0.2717893752603343 0.9075755388994109 0.15573635941291963
0.12840475763319725 0.8283800667923805 0.24123143431326244 0.2071036121524915 0.3288636443415751
0.3719825492142891 0.6171097314199461 0.3206910860426897 0.7282907985809017 0.30316440746421214
0.23655071766277813 0.040595053326864305 0.8866331567016885 0.3095635271528353 0.732511048185548
0.1469735610564974 0.8105920813324315 0.7463712315088467 0.9547817979790358 0.7460476100495338
0.5209212706511483 0.4011091440012725 0.7062394675282495 0.8488560061596998 0.622786333467237
0.5760564527597976 0.052384477802807305 0.6345191950353828 0.7653618704665415 0.06869410751375005
0.2563778974929585 0.9892379930305574 0.8300380216884775 0.5114555991366578 0.5914187475387443
0.09276917258986439 0.068173164509154 0.7717184875376129 0.9703718944342627 0.6548073283331508
0.6972542370383598 0.6787409740352166 0.31321585858264755 0.3940917025181888 0.19508441059638204
0.3858036404007068 0.8981664207456934 0.4679494754793887 0.5174265812935948 0.41767866909637885
0.9717412021983535 0.418878284059096 0.8331577264128113 0.4681628819753967 0.5069718930900271
0.7036572058224719 0.8232282030546529 0.5079547222274696 0.787003262065296 0.40937027265713044
0.20076692290226006 0.3663988372160787 0.9317311866763505 0.7862790149459471 0.4518149596026113
0.2616158711309431 0.8139464521213393 0.5146016397409134 0.60363395983641 0.7352399393063364
0.2186559242552063 0.33268904244049535 0.1080508080096696 0.16375825732103633 0.603415989568107
0.9569564664466024 0.79251560797229 0.6433841661017737 0.7836089883960777 0.21391891295703247
0.13645650093372053 0.9547848308811296 0.8211721249157495 0.4851320129908282 0.9958458239887339
0.7617948009784712 0.39979815046077616 0.6616292078789784 0.5667807995485102 0.027486510590558955
0.2529938640639374 0.6207128136823815 0.13484281184837055 0.808853602588548 0.6704941565573806
0.2042401598122583 0.2773022880437396 0.40380318284484085 0.254708280379615 0.015631048516477675
0.9880211863490197 0.9856383528253188 0.8296808780231633 0.16895417320542716 0.8773785952920268
0.3339207296401743 0.038987092614089947 0.7378406069998832 0.9514352321251436 0.09313527538429667
0.3328925964733991 0.6405709452537205 0.6512209131964845 0.4580835971068925 0.671725405688102
0.7750782995554264 0.6355703963344069 0.304393015007718 0.40102721846544553 0.31392650815487455
0.5710766960989935 0.47261570176391476 0.9312285733295922 0.6063449584795986 0.06324399069716102
0.15460636300691433 0.5631531600454873 0.6978083298670446 0.8712653996054095 0.23279745285585285
0.6868119806565213 0.7957815138590743 0.07181701188657696 0.8120813321939654 0.8577416058565867
0.9748465768552589 0.39942523285822096 0.6319684117886863 0.4802426343819183 0.49530392548911395
0.10760991654321439 0.6478214157924113 0.5257898141511049 0.9694718870205634 0.26235668636382736
0.8283212797512585 0.7820817087306088 0.048971391065693926 0.2048242894394363 0.21522105742703745
0.5897170801952679 0.1124534656143863 0.1637868523560556 0.2608202390790737 0.4087054096456243
0.7406278432995606 0.9450753577892286 0.03727598401362664 0.47707016359791476 0.5848900038654821
0.3201446587182847 0.7630192618619738 0.23172149089657912 0.930950914264066 0.28611574539290985
0.40615366103852446 0.06892992713560464 0.8030757120259342 0.053268975520593065 0.7830071299055342
0.2517814640943725 0.9442404677115094 0.7157592412044897 0.07653296188260061 0.7253058033398546
0.6699984557261531 0.09718193358286409 0.04471510703679871 0.632119605668009 0.2551552758582325
0.07025489927769912 0.2247233071603646 0.45261622941219093 0.3163474593381078 0.16323898615388566
0.2954846376598713 0.6730660490715357 0.7785087840102642 0.20579678006353996 0.5080282807843014
0.3440169529073833 0.44582825031499196 0.5579732535103885 0.3421685825521593 0.43168368124042145
0.35178901086586756 0.4015726373909312 0.7536187525750491 0.12663433497591692 0.2538460182576241
0.782139651666849 0.03736419431206828 0.4517954120658474 0.5948994067712084 0.5846514882533512
0.46211328539228824 0.13033935486933113 0.9272229425204145 0.06809562250682255 0.8001580897674822
0.29903553453560705 0.5742119032154896 0.7417017304908089 0.9886662984018952 0.35979425455877967
0.2337180381864742 0.9825904626941997 0.5591721407878797 0.18969369947832682 0.336542509684819
0.6002151065498746 0.3120867036800974 0.5633557514938342 0.2127118716998957 0.19869288716188305
0.24673431196538687 0.7475756192739487 0.1446891244612415 0.35715587263728876 0.05210857612084352
0.07942076967838707 0.8994795291231161 0.7052933252249288 0.7021048062335694 0.37206980892102737
0.43307268861278414 0.8765314287530105 0.10451091245247623 0.7297096368848567 0.495217943054889
0.09474337627847818 0.26464769925441134 0.0668365019798608 0.589840377800587 0.6099275574126247
0.4622791169311663 0.5655779518485148 0.24940313715938378 0.5432366361622664 0.49784021382038024
0.09014177562297832 0.04072716127425646 0.02711670928076315 0.6732381429440732 0.1420554283423774
0.9923515551650799 0.6295985104576276 0.6026008116071634 0.21583246935228784 0.9990290500821973
0.03619015238825296 0.6084426308880548 0.5366897830107242 0.0629842573270396 0.14277195452090785
0.8341948231058502 0.3704561590225979 0.9050490053827004 0.1627569795690167 0.8628018185603185
0.35435307452675735 0.0695773613203099 0.6586105272338028 0.00808791550802912 0.216904060970889
0.9208264754396025 0.590910295361663 0.4924874862793158 0.34193552052795095 0.30371574936496204
0.7247818087593655 0.6710002844931995 0.9394667584915657 0.6302981515339231 0.02055877822392549
0.17253302146392757 0.31276816212054315 0.47508673110634725 0.9683557536802884 0.46354376310486545
0.6263020899586736 0.6308528429130795 0.6607064205129638 0.7201558032832954 0.08564457225459043
0.840699452540049 0.24520932172856302 0.3132879662760566 0.7337259553096321 0.7203320467481551
0.3608744421315315 0.8436950748503896 0.010380580727749167 0.724769865947224 0.4052748312921439
0.08971670909215723 0.9392205520598412 0.6235872781458365 0.46084003388158123 0.6429956313129367
0.5900436490139008 0.7088202658504448 0.5408826274604814 0.16980517085575875 0.2759617283662338
0.5634986306175416 0.6753936226176065 0.42424606603831794 0.12203788688010797 0.004624615600993365
0.4736764450245581 0.12214060946604266 0.8149323339808422 0.2839215552706932 0.6296695324983962
0.19709893791773414 0.6060313556168051 0.2976658541534296 0.17640680477713533 0.7914453078729803
0.4910342197466132 0.7069754663257571 0.054547842567641 0.9957745744861607 0.04672377059130073
0.7347310186804512 0.8419082122297676 0.1025997532955164 0.2041954250874376 0.3359499229140075
0.8156232161355824 0.8707692922280464 0.052003260446730204 0.22101410260773746 0.7833710600092858
0.8069410411795923 0.4131734538675902 0.5475217055607868 0.07458400707147439 0.21941799630436132
0.027742098139738047 0.3568899043576962 0.9638246913381797 0.1886288144739261 0.5900937785235804
0.7296134288392243 0.2542174270916222 0.10362376769008885 0.6728634607176021 0.3482328422116313
0.5664414205058621 0.4651281716114114 0.24285746342898662 0.6163392029578018 0.3210775061646447
0.7475757977812781 0.19311300929433084 0.4527487457499464 0.710292360243047 0.5462361098681635
0.1275256671486289 0.45102546937444765 0.8382269483670299 0.5669216267797448 0.9334833152896761
0.698450855780381 0.1035597443741676 0.3445993388485801 0.8199680877580143 0.5038970898544177
0.30559026221556485 0.5990274639445429 0.25910389886915464 0.22791439148988746 0.5593170120200122
0.4767465143477334 0.011049508574000555 0.041111452583065144 0.6499831277909633 0.06080981597039803
0.22451556216767488 0.32438575412147963 0.8428448534408268 0.6385320137535111 0.14740501807873763
0.1073730791218106 0.6410529070124322 0.30044938140736843 0.5511876153076839 0.8531379616992487
0.5161890911615716 0.44610913771520366 0.5076661776285909 0.7821432797163441 0.177320344241925
0.48960489759739634 0.7318125775268013 0.6940734017090582 0.9079129535769132 0.546017823196736
0.8983348215880665 0.46961632907019646 0.9027740127726331 0.6952599363283373 0.9757970879065824
0.1132903612169367 0.22343621046012474 0.40270087959168765 0.3428190084480318 0.4104231280760281
0.36070360881264296 0.32385530855638545 0.21710594524686844 0.926523973132836 0.7483353112380082
0.3021025923992896 0.49089662247674604 0.5885651635287129 0.8589974784644118 0.7124324502799462
0.3459428554205993 0.04755148154973454 0.8302779704143602 0.90607027973945 0.7158852337727508
0.6703816580979053 0.5698980538033216 0.08320962102329454 0.7728058011474102 0.6003286368649532
0.09448495442483029 0.9985218577028226 0.6571213256888516 0.3483047431553148 0.7858968281619748
0.4915616127525976 0.018054751377862943 0.010870704334077552 0.016061286336696345 0.10888033673879627
0.9457158478606363 0.8959819084878956 0.2424042786722187 0.7538454536250612 0.19130023807945995
0.7556152808800605 0.989018307575268 0.3530206352971976 0.9845040140260104 0.2282282653972274
0.08115511500765271 0.05944465555769074 0.7866282935472484 0.2613700313166062 0.4502643546323086
0.8032421151724202 0.24184637561108935 0.930756668093999 0.12085872283684485 0.7516607353660767
0.40655697590292206 0.649985820917476 0.36225244340373675 0.7197856285272594 0.74599077857678
0.10562737291720825 0.8752927182141055 0.09079051214810108 0.17945961105757224 0.5231407545253935
0.3141152277933801 0.8373555471701888 0.5355646121651974 0.13863489776637594 0.6558512127707824
0.45336207574234566 0.01589482246340357 0.7970778092623342 0.40911156859047093 0.5732360648037101
0.44320360318429997 0.14552957211603956 0.06283389856121435 0.5446652549671442 0.5883691560696394
0.940474452474634 0.8436860913995294 0.6305298960760265 0.2706701154484459 0.8770843214747887
0.6458043780990426 0.16526649324214326 0.9387673748056851 0.060124050820750896 0.35556120001721825
0.3769595904754728 0.23015779030452377 0.259481026268928 0.8345996381945351 0.8824433913862103
0.41867729396721665 0.8991582259602887 0.3425590358026649 0.9830739529099958 0.8771748154814318
0.6264875983495264 0.29508233327628364 0.8568405990455095 0.6123308124327141 0.7960195539124519
0.8848676441137195 0.22117093823626055 0.30240261860893713 0.497632734355961 0.5447439612603127
0.39501477820869124 0.25422810953831965 0.24494504475064793 0.12373726222409864 0.14893230200958152
0.49464193343111396 0.5805340287617133 0.29337862674554016 0.6191442535934613 0.2950657930548648
0.06243142115680167 0.7736247866509791 0.11159417247751502 0.2589085794729852 0.9953759574285174
0.25272170776818326 0.4268499178058257 0.9254522618483232 0.112884404881474 0.45244424260844496
0.4202816659641455 0.6084744826181753 0.11479544014425647 0.8602059302595844 0.5310878281523064
0.010276291292245276 0.6117656688291923 0.7448732402206577 0.18953994385638984 0.8208035036275033
0.1432840204986089 0.007693251220889374 0.5291133039766964 0.38980826636929145 0.6646867421011203
0.011186004205582578 0.7948933129162282 0.5052864091575447 0.9762368684063604 0.6937643580677847
0.7707442996462182 0.08380623830282508 0.6584180671111787 0.4032203628835612 0.036578129219507094
0.8105437314833198 0.584331674756225 0.4797985051414124 0.23242324613976617 0.028619093588642674
0.09909721869144272 0.06567511491168754 0.734181999656672 0.7187225237402561 0.9917694002795977
0.5811311915180123 0.07344364944414994 0.9145790230012429 0.07768940646633216 0.431300013106661
0.9251557211914964 0.6288814721414491 0.0974336417558872 0.36216484032489615 0.08652366301155556
0.23914829412996375 0.6963725631443715 0.33293599859368894 0.9169838118441794 0.4802548112905579
0.5832469536973928 0.5871544921107265 0.1176473009051533 0.6589281504925825 0.9733075899049992
0.2646860325949315 0.479420301498901 0.3695319470687626 0.5230289330115956 0.4156554621046147
0.42243185545120254 0.2724424592775634 0.0348926963236722 0.5271428848751256 0.0378025271424236
0.22324257420214721 0.36392656881026797 0.16883505597719883 0.7966295520060535 0.45869623238383306
0.01893267037896673 0.7144364434636679 0.5332265687987631 0.7125858120690999 0.9984945702606256
0.46023951846648636 0.16059059173833734 0.13356027699453388 0.32142234296771965 0.08340038985453135
0.8212505368466599 0.2110964073951933 0.7366362761656052 0.6371891454691895 0.46811216747146867
0.26962330130579093 0.4944118023935311 0.3755330388415309 0.747634492013318 0.046774294533709515
0.7292667545639354 0.1730313408464761 0.27414430394185607 0.22872167648868713 0.21753265714373893
0.41840308974150353 0.5763803624840017 0.2612904761939736 0.9596133078456575 0.22681306380419353
0.698635681399748 0.2057648401898362 0.8263146094916455 0.8257915571244142 0.9297675507488314
0.5720305545268873 0.2668373520481976 0.5521373162426706 0.4698389862941753 0.982979567867379
0.0043438139150879795 0.15088494823108833 0.2877224545384808 0.33872934893456574 0.19779654155494852
0.41406410225537305 0.5712334422648 0.5907537716960397 0.8270457915280265 0.22807102081000563
0.10858569667112006 0.20320669175103567 0.2324467845352115 0.7654867734465878 0.2641476034484217
0.9828833340544101 0.18770546637101904 0.5317983841326328 0.5299121797104798 0.8027597001272478
0.33870970729204286 0.46226488713256453 0.28670725634988636 0.3823740077912806 0.8919154947631206
0.5475551114027779 0.4379737245247042 0.9237597112946322 0.31014938805088244 0.382404842461028
0.5619791517816276 0.7747368851005607 0.6326358953310491 0.8125097383417407 0.07308835719050943
0.14276590039778103 0.5704732692230114 0.709556250410765 0.3592381773849386 0.9680602929394416
0.8503989971666299 0.7929925312506613 0.07493210865825728 0.11873685849590065 0.2746136048047251
0.287037393006477 0.7449442516923244 0.20622452354545495 0.7150690352231237 0.2855059263908164
0.6732163297429722 0.6927486812673378 0.2573159309307409 0.5311323633280569 0.2669630239629007
0.5555881339146215 0.21107898020793836 0.6524643659291992 0.120238174289374 0.15363522057257883
0.4403619604467883 0.5253836350804842 0.9706809928758072 0.14346185101846276 0.15608944189452245
0.3814602418691113 0.17334104520280647 0.3335804731967945 0.8863699502251358 0.04891436117427772
0.21586617074398373 0.840689219911269 0.2716248252138589 0.31533167960373965 0.5019308199473096
0.34887744871553583 0.02448753532646908 0.504111611611918 0.043153648707571435 0.9496295886059114
0.29218892223352055 0.0037430302559902096 0.46311832005866116 0.33905997164878277 0.07640517658934032
0.7295732624094138 0.8545483966501252 0.8371464175753648 0.1856592770345621 0.7350422181972801
0.7061617182619969 0.40327205854536696 0.3089467412138407 0.49903345650007347 0.8497737217309573
0.29130910430096557 0.4035411771773867 0.31951676061475565 0.19145155146612025 0.0864904592218757
0.6995612773868668 0.48616112391456756 0.8453835368419116 0.6978457023151321 0.9738397572049736
0.6752145490627723 0.25976776927819545 0.486470077671477 0.3136929566651231 0.2998161559424608
0.14995344044245762 0.29119589420672864 0.6203086260510874 0.6579034291990064 0.4152016800037739
0.27876139985179516 0.9626363835566534 0.9284378952734328 0.10374372716003133 0.15079915018412793
0.08201142536197137 0.9244427788930127 0.2936834976969134 0.6686985619422161 0.40693508253999777
0.09456708094434729 0.7064473159186838 0.14225069663894963 0.20792687017550882 0.027741426570366046
0.19811128728678817 0.01573420414434179 0.1430157936447578 0.4052572276662165 0.16615048271480481
0.8730844060756859 0.27873172922101075 0.6176678194033827 0.2664092444718221 0.5763088699391644
0.6849195219113621 0.7589219397794023 0.12362721984252856 0.5408719329993719 0.8070264258618067
0.7940396378602492 0.06188464492860568 0.6112243813214889 0.6735454459295649 0.9451568588249066
0.32485834223925136 0.1823637391122197 0.10520902771894136 0.04664659268124893 0.3621811790798416
0.21289261838773854 0.7120479172994879 0.39551354928971827 0.11190108421757328 0.3105792870102191
0.1452573546913135 0.8244327077355871 0.007808300080692665 0.0270373763732058 0.3960384232738393
0.18454021668069864 0.2761450568889241 0.9596710130939243 0.6281642588470833 0.18197269973643493
0.9482751865649702 0.20992020547609824 0.03750305137793142 0.840704346059518 0.8144516259173844
0.5238936653298681 0.8778189547905186 0.5067292812952837 0.257747633944847 0.6045793039001509
0.6456188755899963 0.49840163824722883 0.4981528362806824 0.8188905273760348 0.07748467250923063
0.613965357301495 0.349352180087223 0.008144303135829811 0.5585394978254876 0.5794281054068541
0.9842467144268401 0.29513147320276467 0.545667536582566 0.38756573349798895 0.37302583027044
0.6506585856824949 0.9718160235045837 0.8037808447696361 0.32683589609610786 0.1812648715215499
0.7086727738705388 0.2385326851758406 0.8976328180647627 0.7842687894107359 0.13111716186738975
0.8216268744981257 0.32991324723874005 0.2910448393692183 0.774733329533437 0.004404182389116884
0.40622458886471713 0.20984287780296584 0.22313285373301162 0.4967976252143881 0.39812161810445035
0.4462009252796433 0.2594318331318294 0.4120322337962018 0.9978037273317227 0.914970638227869
0.3991616585668938 0.6382896820458314 0.6540439592491967 0.9268175866372134 0.520925125310842
0.8884649691662729 0.4169783847399219 0.6193896903085206 0.6111623653665356 0.858001276213921
0.9117843633926306 0.8535091801522529 0.43439418596351986 0.6070594014830992 0.41848515329064384
0.3044455325549069 0.43339170822507167 0.709392833810056 0.800178550920938 0.6976654534787827
0.4945546402532979 0.022234380852549696 0.5039017564702112 0.8879513841998935 0.5838298752657106
0.14533616586904796 0.43929334602316406 0.9825379772127527 0.23323397089893638 0.04420982043313115
0.4185673787375608 0.5960238840107435 0.23305742203375157 0.4477547046043847 0.7514874181879475
0.564094982181567 0.3934834072154606 0.5869054772432885 0.9443737085540598 0.5345782984419407
0.11787415595570183 0.23483979830498358 0.17275604291098712 0.38302538347379544 0.65621790336803
0.7511611929937863 0.38676068642440753 0.7905427040900007 0.6312080857558693 0.16055300870131284
0.8240762790232927 0.0007348634625369277 0.6322166846802169 0.8937581366803724 0.554336502401766
0.882942737933973 0.11183993642643608 0.06586237087806734 0.9157518733769473 0.23327954748969704
0.16750153895936526 0.6737369706564378 0.9365120820482913 0.7333135898796941 0.6517924266904155
0.47737789747687553 0.07516261323777962 0.0455453322742736 0.8676320067771213 0.7066449442435156
0.9922414451396391 0.29067506977746604 0.15934655938372988 0.34093236844412655 0.11509315734714975
0.9501958777313488 0.5880050230054257 0.967341892309332 0.8705057371459997 0.8506179136832404
0.6037574106595553 0.45998309345133426 0.4980212279949957 0.5436771678422286 0.7666966036196806
0.1128525076441581 0.9353048457430565 0.5382295629300365 0.42095802237022095 0.3499567528532792
0.8232729904325449 0.6420313980667509 0.9093218835220489 0.4465597986507083 0.6030624756489262
0.37265205256056155 0.3530421551705293 0.6306415926312398 0.21764866696809226 0.920387651828831
0.012221938795570653 0.8262400616510274 0.5132682414572708 0.6748122287037882 0.9556638231423514
0.5574574590909954 0.9072820124242292 0.20207464150503085 0.36010912480117374 0.2154099550327947
0.9389490282163294 0.5837947488869244 0.26827474623021175 0.1892304003350609 0.5039309035428264
0.019297214655655814 0.6066899415234216 0.383473020241641 0.8705301179769596 0.8500346005982804
0.2461229026016747 0.2978642478676389 0.6244466202445974 0.2180841578335927 0.4008332646939953
0.6498634333376989 0.8018517415174947 0.45743871979177686 0.26214558898087115 0.8452317209776836
0.8043270812144075 0.8622234639946175 0.9754133905420406 0.5719408316609235 0.41833945226708236
0.5382310112919675 0.8320720978069511 0.5854416279483978 0.16900404484004405 0.685091210576282
0.7736839923092251 0.1736855781716632 0.4512943034090535 0.7349460858146715 0.05578617475322245
0.5213216268659753 0.45621058113819013 0.851866397625277 0.755051868946042 0.27696765635135523
0.12441519048592287 0.2642267999417567 0.4396126789233238 0.5591697008431648 0.3271294114086698
0.41635117302672997 0.9194027791954256 0.5949973260521352 0.7983302296015661 0.14817936591374326
0.7699807098374156 0.7319934572983985 0.5769690051897853 0.5078602292408336 0.8298427733432675
0.6160087472425394 0.7810381213982517 0.0887539672595603 0.6295714372560721 0.49762565834881256
0.08139415295315611 0.043582433955380306 0.7916844838025573 0.7296971419052103 0.8836744251102762
0.25755665699580654 0.2829989196153597 0.8337784495731154 0.9917351583049566 0.8156239544459226
0.5833156018232517 0.1155753317679481 0.5600431831915816 0.7159752039116809 0.5224441817510528
0.606488306292365 0.32262241906763467 0.969972539975795 0.8965266951332134 0.7255792961439161
0.633744309883205 0.404690022735705 0.9331426913606744 0.5904675635378771 0.1414753362883352
0.3684596407200891 0.5854162462967007 0.4464155809630802 0.17381973823895014 0.6767849675119083
0.7764845995567845 0.18803523744560513 0.02248363410828591 0.8285711460135462 0.8475087191555546
0.6005595912702338 0.993514019257943 0.19812626809377187 0.19794567918857864 0.6882080322280238
0.24221377388617527 0.31009902860276584 0.26967951945333024 0.028123948814929856 0.8094780911812409
0.1867681066199125 0.7347823225619098 0.026785824519879098 0.6619055531733236 0.7146304888047542
0.20536468207546832 0.6263822593536802 0.01809219544361107 0.10969648938974974 0.6076551658455351
0.6032871639773837 0.7630086279731008 0.5432990260869054 0.7720153902002183 0.3626273231234991
0.28327758187936325 0.40194491346595784 0.31560402870457027 0.11037013377935301 0.9300032918814869
0.038556374532908944 0.2982892278299295 0.5377622807569321 0.8087838586207946 0.44479350869999956
0.679855654595987 0.6040901672730459 0.25794947054810413 0.33033309835842917 0.0652904281189719
0.037791897884369874 0.3488720983322475 0.4289412947484663 0.20869374574888133 0.484709067809601
0.6437009688606109 0.6527215328729413 0.6843144904460472 0.5280747460820688 0.23767550242297042
0.494910754730182 0.8738462648914915 0.19260433009668465 0.8712893762997017 0.34762110750829656
0.5796255337720588 0.4113220661007192 0.35061264557120275 0.8897313613301022 0.6730388369192079
0.08903713695261661 0.21405122763697104 0.3343796498309838 0.6671353671228395 0.7155798474752412
0.42816524294196445 0.48428278652634094 0.6834876002955892 0.22625503619761256 0.021933154642381547
0.45026489678154524 0.9168204113345073 0.07384512805469445 0.8292142240172306 0.004286053089820441
0.39465740467383637 0.6926761518395617 0.771126106161689 0.2636285896674485 0.010166938326072628
0.09308692374872873 0.66638914969846 0.15846277180268598 0.5283983867516149 0.7582246162316614
0.9096941032129272 0.2782676933771622 0.6105546266075215 0.011440201037700604 0.3305569670187002
0.5147660611644883 0.47166578534183656 0.786325112464804 0.16769327455481275 0.9341726430398708
0.013447453975332313 0.7228146277165944 0.17606282821798958 0.7813824040776517 0.6170486570254934
0.3877332060610279 0.621049839060286 0.7254430910913888 0.1484470901700108 0.866114252273777
0.8148753858992422 0.39636428361869325 0.1722730425537794 0.7716625391103116 0.13669676298771538
0.3335365201401186 0.6670643524477047 0.18733090577769962 0.8929804903565075 0.948214840899669
0.1885753070324271 0.7765055709011601 0.06297979453402403 0.9037217779824134 0.7227166768240879
0.33810925692423666 0.9165585588660045 0.16508947112244676 0.5274720462436764 0.17170633237406807
0.7109451817928271 0.34800475590604285 0.8679083682045825 0.8370850704077145 0.9842684529562672
0.44047244956978726 0.1894836124743291 0.5707661724979096 0.06266049893242076 0.007310875786266102
0.13798452800842675 0.5649080428879832 0.313485881614748 0.20081494314695048 0.1471088500433445
0.25979586211306005 0.5652647288880228 0.44730857898756393 0.12359713493794666 0.8998668030572902
0.3052820089339531 0.8816704754046324 0.7815503876001524 0.4705166575931983 0.83192820783084
0.17677434998781894 0.1952481820792512 0.8148600960286114 0.979209678786145 0.800619513327293
0.7763605610297072 0.6533448132382692 0.8105434863095802 0.1604946217481127 0.95909276672049
0.759037398818395 0.46302220556085816 0.8460147769461648 0.8449070589784055 0.3298611532339747
0.46966236949526885 0.06024838608733729 0.5421429563399698 0.531620945114235 0.30582121534091034
0.418662026325867 0.7136662161134123 0.5341837146425844 0.13723150544682605 0.8367903448235275
0.9160056121746988 0.16398101521241593 0.2489039446154604 0.2752508241596603 0.4766724598838731
0.01620098621800936 0.932714373395506 0.3869106454423885 0.7304599599426085 0.9865313979493742
0.12660570919316838 0.1712171219640598 0.7276416525864263 0.8350430528335488 0.683050305266343
0.5156726760954194 0.6035660746140019 0.0984102167208647 0.8638942514157082 0.5067760031670612
0.030153694595536407 0.21009221105317566 0.9809894750411744 0.9323999889157379 0.7530765183273078
0.14010210609716134 0.9576358161158013 0.26861837373768016 0.1362240633755447 0.2990770423147714
0.002478293328398995 0.7161058249104667 0.05027401474050763 0.11381118547460023 0.9122742682824498
0.22962194003933034 0.1096629850814006 0.508702925972571 0.8971204305368561 0.9295764023583533
0.5074925499957269 0.5948912374643466 0.039320146966809966 0.8654593077917967 0.5395547181783726
0.021000065988040495 0.8834889423949224 0.7776884989426193 0.32618942550999075 0.1093926510996045
0.2343314705316326 0.39649718835429104 0.5421387316339245 0.326247914957268 0.44082136060863686
0.6691613727128384 0.8789685528039248 0.7734298605826293 0.14897429528201678 0.588968727146178
0.5593651272125174 0.8195377284128461 0.8225344833358212 0.7037860051913508 0.8545147922432601
0.9547730195442383 0.05079337411601936 0.5908086089776451 0.8447765790535234 0.7596238920359273
0.21134605674963325 0.6141851232866115 0.9105211730662864 0.517127877150071 0.7232987981945262
0.38438410773849374 0.3956358496635469 0.8405870481524105 0.3966461253563559 0.3664458604851466
0.007530406890266184 0.2720753931691263 0.5532694760086704 0.44275348116321356 0.4879385905533954
0.7633630693589155 0.4334680944892445 0.9827919702533486 0.12057124339949443 0.42056852903330444
0.6808491451345265 0.7593951501865562 0.08640798920559678 0.30550366901903014 0.44231457135343677
0.22881197410532306 0.32248819275486995 0.7365984853261999 0.5076294301770393 0.09541947878471013
0.6992822639400995 0.676097407889888 0.566691193915894 0.26678435619707963 0.7981934515126862
0.7661154313549581 0.7381576054838722 0.9094927031874239 0.03784448328647105 0.2281949952131761
0.8498872023133582 0.05113109520977566 0.40412276743140174 0.1871354395918653 0.6013860791680388
0.8870313175924615 0.027018096016350523 0.7957563613800478 0.29133902840720816 0.6562631758752655
0.7646232707781325 0.4024063155549539 0.4779588050928879 0.2462284186589716 0.9112771540008578
0.8080626908117624 0.5564514802164556 0.6198204056480543 0.2680760138293762 0.0816192361785576
0.001029272659402225 0.731128145808406 0.6537325967680139 0.8487586938986189 0.41403450927769037
0.9096291604937418 0.5941820775351975 0.9734120953544554 0.45342246881498116 0.22509750404967022
0.40891599221353814 0.5314430045310462 0.910676896346528 0.16007047865816304 0.32443440298834847
0.9387277171104598 0.35968591460109656 0.045875285652899334 0.8269279267108122 0.9393336448636426
0.49396839149041893 0.6612979807219999 0.8813631223371204 0.06881179269688409 0.8247893415797638
0.3176434563018552 0.9967513812673294 0.877000564809212 0.40416979404640063 0.6088006378329751
0.639720242732484 0.05583658476714104 0.47497335857311407 0.8320671691804247 0.12487213032359779
0.7209070402565888 0.5935761504706157 0.9984297885820843 0.6373863385765516 0.7331412396872459
0.9303708083701144 0.6243811870253348 0.9682592297500854 0.6647054393358286 0.8054523512623247
0.32042960100106566 0.09793733010601491 0.3190618470221751 0.0361377607696165 0.7042131532958789
0.843135111222473 0.5036221478164803 0.5919332073158908 0.3502976364006649 0.8024477711995402
0.9763378951738716 0.09125574108177736 0.44846053562468724 0.05548068006844875 0.8960174049517198
0.9692585735958452 0.24729364481347693 0.84828389022607 0.8974753982953882 0.20593769890234026
0.5876787326914221 0.3211978225883486 0.9108572343936209 0.27327338301140314 0.7875991524906266
0.13342056353682563 0.17439123680375535 0.8432058662402452 0.060902280479877335 0.8490544361873135
0.8761484228700244 0.1737919612501979 0.39331400699111885 0.6819029244319635 0.24196147625120656
0.49736869398964734 0.7997628107137389 0.21987021015530406 0.5361331479376058 0.7352306659785874
0.30728310004960124 0.41006301862585637 0.7711009250065809 0.396106731793176 0.6955079109131389
0.3141421725363156 0.5720791416727955 0.3267972266447242 0.9527270411854423 0.555924530477213
0.9387586916937972 0.8978430837923441 0.5712423751643604 0.22363118181600916 0.6765458807512118
0.47373948683335054 0.3430980105172714 0.8414790857730923 0.7183083658883198 0.3889245024463217
0.3420425210039765 0.9375195831636985 0.9426552345860313 0.7118317377524995 0.1617170257825744
0.08836199073714546 0.0696455285016766 0.8544947060536343 0.9566093389392916 0.7787588486123674
0.07726294678866164 0.9794765021591687 0.8269846147563451 0.1366629270961358 0.506945842982545
0.32833054256682204 0.9512729083312944 0.5548318514169505 0.3855783693387088 0.9013820208579851
0.42715123727663673 0.8984945148200844 0.6326126262907551 0.559604164139206 0.1278708876695659
0.1895222276250651 0.3735657048171789 0.9227783355714378 0.5867942059586884 0.319721188501204
0.7648636313450166 0.7345600033830113 0.4265520050346113 0.5934635595347587 0.34433800636672063
0.34339472065727894 0.2148586541090688 0.3461625536563637 0.8727496010763964 0.02467659924986476
0.22533881679771195 0.426581084198821 0.3104774254943381 0.8239520541003366 0.6659139756076944
0.6664292693100362 0.5354427839604236 0.6699318065360917 0.644093060996135 0.9877805647472557
0.1425370857438506 0.6842961764571646 0.5376013015123552 0.8312593532493504 0.6838867584152623
0.14609421217745966 0.9556014616891675 0.9445891503340499 0.014140100076780904 0.21933128099927346
0.6343187514978407 0.4882672974326757 0.7358676155273898 0.3368327847525112 0.6770147981686291
0.06416085547112493 0.27149662746123093 0.8663607661215764 0.9433373529117279 0.31697578328783715
0.020887210159539316 0.19693751676525817 0.9943542719681372 0.5596393892976171 0.6385677936488203
0.24084293966410442 0.9677105513962302 0.22766902620966134 0.673864237348756 0.8616407650316867
0.14139072663308505 0.9268459233279234 0.5610851051675109 0.7916249568465163 0.6642713432527477
0.5747022709828228 0.2827492881543726 0.4567024675683985 0.9035464859083918 0.3304188529872105
0.08470469737040509 0.888008541579581 0.03362328790039637 0.48130368238218857 0.2022602811688904
0.23815747869846082 0.2054430900712515 0.05645272210958974 0.5830327123857522 0.8198104579474199
0.19721436291510053 0.7917884397558671 0.08220775650337786 0.9513904314796957 0.6230716025549767
0.8995529560746145 0.6113560087621832 0.923733216691862 0.13104734277405938 0.6049298055387009
0.9788044691551464 0.47404339873552304 0.7473723801832787 0.3980735374209654 0.7596186551661135
0.6935177072903306 0.9992330362887221 0.5459555569638314 0.8745486210500927 0.986395024709986
0.4316187700719595 0.15569605270818898 0.8414975058334935 0.6527832486651797 0.34583514035687446
0.6849043030710582 0.24407802545483703 0.2745885984918608 0.3354314847692377 0.6716684954926385
0.13913488725290846 0.14982172370270852 0.2338469548651042 0.9853436211663507 0.23059014189120852
0.07510928242489434 0.6614708878240281 0.7718832975399383 0.3395875257985502 0.5010744649502368
0.6406362619872225 0.6593055802967333 0.49864158216924015 0.2315105646567106 0.9788235425993506
0.6550960929405406 0.47170073616666086 0.12799637423173327 0.48363030299041754 0.37363866108823784
0.11357346532996526 0.19433044579186598 0.2199790168064527 0.6602232073111103 0.4919139875334032
0.9309109406919921 0.1500551226022484 0.9072799690902821 0.18926751056009306 0.08845060214266098
0.2251768297590545 0.7409439686840761 0.11100538429503315 0.8205988052822031 0.9300938932030872
0.1433856217070456 0.9354698116451977 0.3881173079107404 0.1761342109014955 0.18025189731600977
0.7935674909083665 0.3320457120945248 0.781087029832233 0.3005780867675155 0.9414848181242135
0.11246314754043518 0.8224459320691662 0.7203234111716709 0.4466869291849902 0.641615777617712
0.4280638945794035 0.44900621519355566 0.8498803722994183 0.06687058431850823 0.06573353085421885
0.3301758586491981 0.6933956701403866 0.8707798718051427 0.5611174442442688 0.17450088276712894
0.8048347532665804 0.7602895225715349 0.1510924212105158 0.186612685636954 0.9707453097005393
0.7851661711848166 0.06672181327229254 0.13212392420977326 0.6264076617367583 0.9769850230550344
0.4181332142533599 0.5767651895470138 0.1943270949211493 0.6406871600642193 0.5396800317000987
0.7360996948249119 0.8886466009818039 0.8200550036714183 0.9301556248718638 0.6700257137150133
0.12389465349004669 0.14082253173817505 0.43433808798178053 0.4835738619123605 0.8763722729717629
0.5818125862921524 0.5051404259212029 0.5410001847885897 0.18647091614444433 0.26840518137135494
0.9444425138599507 0.1673921099453678 0.825033687069993 0.9489548222409694 0.9845931830601619
0.5531884040450155 0.5507064851946374 0.5999166410663952 0.5727420014811431 0.7643338160249091
0.31976092933622824 0.39486109697430416 0.9171607712112398 0.35205644987144546 0.8092431255608484
0.22356088434368104 0.18180808362564183 0.27904677309782644 0.6557849059615548 0.8244352846694956
0.9727202090460758 0.7405585811880203 0.22915029278535048 0.33658222971173657 0.6292703671870546
0.10955798915765924 0.030927515776996484 0.21864693274301805 0.5200151886321013 0.49632938392052983
0.1453277033552529 0.627756238349336 0.3297102500916006 0.7940654025711565 0.939637130093948
0.46289507644837313 0.9380517172340107 0.34011474480982906 0.3015296657821602 0.08328537637973221
0.49534662785438033 0.8347220439252214 0.13565655669841148 0.4588278446705407 0.23464275008560065
0.6944533395023692 0.10945616467053287 0.618190781152187 0.6004191615583426 0.6598328785644239
0.46144558627118215 0.5332736705582716 0.12110474002360438 0.24158297280362206 0.01582719966900714
0.48083661780110243 0.0993163022485829 0.5624028159121314 0.63048677605825 0.13433808396723268
0.5726952133592176 0.8077517021353973 0.6751305430357097 0.2976016519882555 0.641692609587952
0.3811699399503544 0.6822928961645502 0.4416332636622694 0.09431847588426023 0.6850478354774042
0.35306550761787237 0.9705468433923489 0.13394964588762992 0.8616297745022178 0.10486572670483651
0.03412534856837224 0.3649944013610561 0.8576393008736959 0.8945031746826857 0.5697821099153966
0.15421254516980898 0.4172275057512541 0.44767314211101983 0.9689455119560115 0.38191651667754245
0.113786050110395 0.798035818134079 0.8424206301224043 0.889958303548092 0.1693979243266983
0.9517883399193714 0.1163253196763494 0.7650732662707569 0.44639985541460625 0.5157257348860006
0.6327808351139974 0.0989678316067476 0.7878556062676749 0.8153108963295195 0.8807250149595022
0.36280380702547776 0.13483375721716684 0.2797435854353649 0.2861709801432375 0.8013783485451399
0.888058358356009 0.8996284015307022 0.023024468328015413 0.49175662209439586 0.6329060754377368
0.40907589293613367 0.8723643469885708 0.7482861211777418 0.6459397075720443 0.7147938442987949
0.6735599394110103 0.9719988351534592 0.15989981600044012 0.3111854162882024 0.46355935249575875
0.453708164844536 0.9082070960023713 0.7621673416887891 0.7313576875296484 0.5370840705598541
0.6937227088757107 0.019946998132012173 0.8315500526573845 0.35963164029853056 0.544395860533545
0.4317454638757531 0.014699662986083939 0.9777688678044267 0.449880044448123 0.9179622258409117
0.08708538027009394 0.27838660691880446 0.7657029939838511 0.01358140427322363 0.32903110639265254
0.2329084183693696 0.6382520803646277 0.7408212776599495 0.5410528334818152 0.579190657442284
0.384335210640689 0.7591311706479017 0.31180762530990913 0.06912728497534104 0.6387196319719873
0.3683315572793603 0.5037491641677786 0.33849412090119113 0.04073297566093392 0.35127455594186785
0.6724284953161533 0.33088548346348035 0.10200942748951292 0.3040018271470315 0.1925750550187627
0.7698633816986366 0.34267135402278437 0.1281634755495763 0.3782628775320285 0.7662923284689647
0.19769799165518798 0.8053318062936728 0.3894206008844602 0.993000439789101 0.7909322962983494
0.7253840449466908 0.7060717771546641 0.8755815978797028 0.500195691063013 0.4183642737839214
0.4704030224953809 0.24790066028523317 0.33170851521918276 0.26694059907057877 0.027969492591139344
0.9703546882687275 0.9396926438125885 0.2735357433552199 0.14556788646917196 0.9056441436295213
0.15469542655296753 0.773951649793056 0.4780204173407091 0.1754430836420674 0.33934503168794783
0.11121966116891213 0.16698929879692648 0.3440565795648336 0.7941443616689983 0.058455655658177674
0.9657663659800102 0.05951278758858747 0.3913776700680489 0.22878177237860176 0.7133776920717895
0.4239910661865143 0.42206999589141914 0.9232843917376256 0.17276131282149976 0.7193617238472694
0.34864372359366635 0.15374195744565466 0.5437624742914019 0.44057270810517846 0.02526654922440008
0.06694586716030981 0.41907828048141316 0.04734033456354536 0.03871841256344377 0.32651381847144045
0.20178215034989533 0.6152931604009921 0.17850554866561774 0.8914037851815164 0.05713543039884217
0.19078069842904866 0.3703564990745656 0.8238801262828477 0.11306061397837386 0.36036433792314104
0.6605743297239297 0.5880409129750401 0.48611448724669404 0.2449380157053418 0.44360487416570427
0.8945465458812284 0.8471183972917452 0.5000018408567306 0.653725675075005 0.8355644775355703
0.08326767895760945 0.3020443071779816 0.21474794185743618 0.8887151144101515 0.745708730052191
0.7865844703951249 0.050459210913364694 0.46820156528929135 0.5374817739815226 0.8870954335885475
0.014255658671928573 0.5126728330535921 0.5498145556600486 0.3785120807672453 0.014060199999227585
0.3032161234721279 0.6063708165588297 0.4365062133762082 0.16058583568865326 0.23970829755075196
0.05601676365010222 0.2999320185487213 0.42768740099943425 0.2961618048619319 0.8331740703764312
0.19135748846939382 0.21407197194883387 0.28431915359680093 0.1530996750355661 0.7058723348856323
0.325114944031512 0.901154005831834 0.7693389515542819 0.4504340068237448 0.19097212657623586
0.956877280750123 0.04877287598999902 0.26726539425286056 0.970767442690291 0.6786643661249929
0.17094985715062072 0.16325752794740644 0.35660107155971765 0.6355414609338554 0.4398430234917978
0.9307660679534242 0.7881466497039764 0.3999831199097206 0.7067551147988955 0.007495825707664161
0.48904202103324335 0.19745206537156523 0.5950890170172732 0.8462195327817158 0.9568761677199192
0.770589440009643 0.8364238286985605 0.31149077232547207 0.7468206007706499 0.34518466760935385
0.5435799562836425 0.8916621697083685 0.6311925296972627 0.16979053137039601 0.30421983823237464
0.8072711110878448 0.36718246178906455 0.9238551539370538 0.6709885207325645 0.08050336217967258
0.647473765849334 0.05124408840082739 0.855823211465421 0.4645925799044247 0.7712728474362878
0.05939097437800733 0.2747780144220634 0.8928640533694422 0.13354459579531874 0.303028928609992
0.8599634579926487 0.5579066595903448 0.20637230430161235 0.7662603334844175 0.26577484640914883
0.8144293359201608 0.8657028476844323 0.5804399575630398 0.5635352928573893 0.35715969381848844
0.38042887898170763 0.09863173350237342 0.31119114895419187 0.7263127267863463 0.8177291437879148
0.22550903094698882 0.6090031530307628 0.023281295380890188 0.6636352634437394 0.11353025251570181
0.701174620203565 0.7167681169920685 0.051444950820080826 0.1961226328996042 0.7508041363220441
0.19449410437167303 0.39013830191047916 0.021318127240611884 0.36374610387651185 0.4388693344881428
0.9509688405598316 0.5739052010485308 0.1419167212935255 0.7985480783073098 0.09933595328345357
0.6992942251650712 0.11749576265916717 0.015060054887075958 0.029002521394909553 0.13434853774470357
0.8753497175926561 0.17723273320679056 0.7816304421477019 0.7768096345697364 0.46966980247177026
0.6470145471319286 0.515081634441106 0.04752973098397517 0.6214327440988273 0.5448079151283586
0.4823982180861329 0.8598789966802713 0.5894783092688065 0.4588724088416838 0.5724834458814573
0.5465491061551672 0.9435656106713948 0.9114648376563566 0.014770873413687435 0.10170321775168989
0.7938107254659444 0.2965068110464145 0.15138906809883268 0.9001407090027173 0.927698842583486
0.464064278883505 0.9597443590068703 0.5511947052694373 0.847330038445273 0.9627504014540463
0.4755423388084721 0.3142708868985209 0.18698992085839983 0.31347627662979505 0.6506163027671001
0.3939121904489853 0.30292406031128294 0.12318484773939786 0.2880412886827681 0.49606026398171965
0.34105056815231205 0.6288093026729943 0.49809162852946154 0.20745138346944791 0.23677355605945127
0.3945644608040024 0.4209895635211589 0.5693681650463553 0.579292417734224 0.01601131914224241
0.2421422367858892 0.4623741470160604 0.08010605889901101 0.1693151517292636 0.3489150808916942
0.02606404908966964 0.42086334713111195 0.9835795067920334 0.1790237291702872 0.38716356709996846
0.6263272886701206 0.4881337558332206 0.2585026439924728 0.6849087082235962 0.7741749454032383
0.8220642741516111 0.18706340262075438 0.5539870055348023 0.3388343738136862 0.5103395614821942
0.4165384132669804 0.6001318412661808 0.06756108260958149 0.9561044401118899 0.7711047370218481
0.817374313237103 0.7817666748753163 0.2812268434830586 0.616845279889818 0.797077208568327
0.5276156645602463 0.15024252471206634 0.36509920185807043 0.381261071596815 0.5872446759720504
0.5561947195817487 0.3215566759277664 0.4477609906402519 0.715384974177158 0.9272611474945077
0.45097167291294005 0.7600466530393748 0.6938741579871442 0.21836447577370488 0.46749526640562833
0.17839310992756996 0.400536423179905 0.13265770439999702 0.2935053632170367 0.9712272683350238
0.4892095273773369 0.45538714793080626 0.3023252323081398 0.1792471930805044 0.23782296800881486
0.9542269068958504 0.028008637057777563 0.3724070067998928 0.8996904264751437 0.5215699282632706
0.28118644206460264 0.6292332404828881 0.18975221493372263 0.9016783901163767 0.9323291555234673
0.8769579221926964 0.28301918571769735 0.5941808216812307 0.2644132785964036 0.8054617349783207
0.08734723216672091 0.4671484196102932 0.9976448105950633 0.6230499231095794 0.8566142922343243
0.5902773959889943 0.45700641085373894 0.3170974524132699 0.26570303719553523 0.9772139455812598
0.021202708701521522 0.9754422185915745 0.6088388369602735 0.1992607309788066 0.0410422378563835
0.05952072403905018 0.7483693357367888 0.3802106763768742 0.28340812963795303 0.1234474088373696
0.49120811457599045 0.6960646985371435 0.7859184563460105 0.94906157061299 0.9423638379914079
0.9946409980240606 0.2641739586802292 0.9535861462478921 0.18650183438798884 0.6041066272448918
0.7862121405110754 0.23810605908879168 0.3468241294535228 0.2667208340057444 0.7007421976038078
0.00920693917487847 0.9776054088606443 0.2744274188657636 0.5968497938971763 0.11442744995795773
0.41140381713971963 0.4055009879481968 0.46682252035499605 0.33265271876042146 0.6292726201923003
0.5271357125070899 0.25106967308317696 0.20328421376585304 0.17787409836969192 0.3549784251893857
0.9787614889736329 0.8414385512947195 0.9393145261710231 0.48353240740621417 0.3656584889190386
0.16862898304144658 0.4932245686540778 0.9680253109603593 0.7471993846329338 0.269885181608428
0.5943832084774473 0.3715417061241101 0.9573935329298447 0.016445422678149857 0.13826137123385907
0.1140966435631734 0.6585005339792663 0.11481382767437942 0.5838784257506091 0.13776905011523133
0.5199222373711038 0.9031440051024899 0.9144963746269599 0.45210364919552903 0.903922477627062
0.7030536752025874 0.07870164786256495 0.4721330094763383 0.6220676004631162 0.013272122964849031
0.6107565512067296 0.32920543989183015 0.25133500155364585 0.055587870717628496 0.7163121212249074
0.0458965289676907 0.07127760580747566 0.2609366490158267 0.5390603909157318 0.008541979873154304
0.19863026953919627 0.23204296663363821 0.8579725172776465 0.3556286978655029 0.2835408683739853
0.4579829972830768 0.45576412087712603 0.7672234109852073 0.5283428769501182 0.905664614423036
0.6528281981276807 0.8827838482753884 0.5819879967066005 0.9035377913934924 0.04017026500814225
0.805387343017355 0.03577003710736626 0.2520127473651609 0.7301797675840366 0.5286314660970238
0.6482671100966578 0.019280877746182812 0.9296547242749905 0.046097192033799694 0.5260747420056019
0.19398603151786387 0.21438569664878715 0.3821326222298749 0.6396406334689684 0.9920592405897267
0.64179427101995 0.3889214902013941 0.0496707410337518 0.0710145933636196 0.23219332143912508
0.8880480904719307 0.18586689141349555 0.6149151760486836 0.13444497267514355 0.6854056662910673
0.601593822853597 0.616225843656203 0.7245762466408833 0.6500222733763552 0.679879272305337
0.5925336832582718 0.3724150918924378 0.8742593003168976 0.8654531269581687 0.38904406946979686
0.9004925566257026 0.36350199227833035 0.6904888620470873 0.7640292915841099 0.3586387179196968
0.7953573103483633 0.012156117196019944 0.40244078712813447 0.06358673456098285 0.018134193049103242
0.30585643754369574 0.1444180034774325 0.47029321652721456 0.33490373371501325 0.1442741530174988
0.6854821489099268 0.7704301319607283 0.28750614940014574 0.2998749485631259 0.1563103212340219
0.27001451820893085 0.2027506530162776 0.9434615110675738 0.09254822356093617 0.9877124048390528
0.4939287848361209 0.5404581168804679 0.6670482049947465 0.42735841439498645 0.7448045369222615
0.5573018195762466 0.40553149577743564 0.8911383577214808 0.04845169703731467 0.3808899788004262
0.0408828989583625 0.45624966069525785 0.09988049191496684 0.7632941657398743 0.5218299603121757
0.9271465331205754 0.9143093513683904 0.9621045555319621 0.41587390563997473 0.7273942287671933
0.9157635184702289 0.34371840527334674 0.9361659281532276 0.7134588091334593 0.9360242614685009
0.8863670634076313 0.029834021537899824 0.36505166681200374 0.31356641873822644 0.2799665693875626
0.4167730186501264 0.023411971957919664 0.9901868316455213 0.10003454138291601 0.0802186184978253
0.7390392666711703 0.1856733894806496 0.4001996725228989 0.29221896053490115 0.5644309112625971
0.48456258093550186 0.14520043397739235 0.831913081614401 0.003387928260816131 0.6390375641774285
0.6279961928009512 0.7472070175905322 0.2856892422665216 0.9651628869930599 0.4055931858186014
0.7234036855475187 0.08742074524509968 0.9695196099319433 0.648808153123128 0.6816227501906177
0.12803091722747517 0.7630105665170244 0.025980218758430262 0.8460280685492337 0.928065488794129
0.8062764375689473 0.5562743985796814 0.5455296665502692 0.11461337738591482 0.9223555232993788
0.5280124495736822 0.04377848857688382 0.04177242092962985 0.7872410293992256 0.5835935527895809
0.5210304846009115 0.47342436121551223 0.27225796864389584 0.3167290842937829 0.26619992129555037
0.9590464701235103 0.1412538302297366 0.417960123329847 0.18662455703059244 0.7931351078144757
0.9986453309068731 0.9503374983124303 0.17258940938428646 0.392823564113871 0.6773140584875376
0.9995408626147272 0.02090964057547262 0.2714381484108128 0.3817755826678677 0.22452592518281766
0.785577386236079 0.801671547483537 0.08365288643154534 0.11534675797902927 0.09078862031476709
0.818759962124346 0.3662328366870895 0.432591652848461 0.26565532244187573 0.4219600084873366
0.28305877937214907 0.7675638157299235 0.22615045248257393 0.5342719903546835 0.8338829181947522
0.9330370377725666 0.7263354907401447 0.2476609002935718 0.8373393199928324 0.5865141205035931
0.26167575261306597 0.8242845128314563 0.8854476684973603 0.2587702901996516 0.17159682526657227
0.5580769658326473 0.8826250947095519 0.631912347137654 0.8100860339679234 0.9096909415412053
0.049550914618943565 0.11386775083052225 0.22092611068543444 0.5921870727037719 0.03688939930083002
0.3999562619848699 0.8873663542539685 0.15447692678483793 0.04787790729529362 0.08960339926274141
0.42493552097672105 0.24443154801679345 0.6078925083945983 0.9559223916980908 0.8389597206920228
0.9111789510810164 0.23568752318522646 0.5543332686402966 0.5647606606621087 0.8109625755454372
0.8399440208789366 0.1024142648182994 0.47377093930729486 0.34416811818687043 0.6685338721524778
0.3793604028719142 0.01888266775004943 0.4891232543607774 0.4896951140629898 0.17088192687258363
0.0916767467623093 0.06335848776994268 0.832431214964536 0.8908225169526253 0.5496293677631131
0.2530285331370672 0.19786956880986095 0.08958323499595044 0.5508317319276776 0.3343466509405011
0.7424715820294672 0.6623440300418031 0.3691902793725965 0.5864847497059021 0.4270046519784503
0.17034435436339845 0.4255665797983196 0.14410213941143368 0.34643914432829637 0.277077170809625
0.95567584338156 0.7191088846447562 0.6192939244996863 0.8366178072699682 0.79110656814013
0.025314729607869957 0.0031720718342301835 0.19503732841057653 0.47377742666993194 0.9297457677380441
0.16891116364626135 0.09538110679284195 0.43264580837239885 0.4305973302473869 0.47275722132056586
0.8122356480774435 0.644903790108383 0.030914105850117113 0.045697081405779216 0.717879239379502
0.793862140374883 0.3688169484648053 0.7354689110117331 0.6564465796248129 0.021734094437035223
0.7583823344237157 0.3772796662410862 0.8304408465270722 0.16283349754935195 0.03372953396359757
0.5161700771379674 0.18741495641549177 0.008903692564170451 0.36665922702615883 0.017679991038074383
0.6090371688922194 0.5987149658196339 0.4596341012327956 0.8117800371691286 0.19151127082022124
0.8648597647289504 0.14984488856295108 0.5510512691890246 0.26760254734937894 0.620634700660614
0.5090401512882109 0.1516348989920363 0.6432225495231899 0.3599932102419102 0.013735336919505348
0.3685403344134841 0.288522071789558 0.3694395927880888 0.5234705280234317 0.24600958224661684
0.35396043270170285 0.05992905536105786 0.9834031462909284 0.9246013122469912 0.5275935783396453
0.06378119280314642 0.17702851441814693 0.6428910678350491 0.09375538446717935 0.2168355067046318
0.7750144931049202 0.24030332783137487 0.67405040706465 0.9188949569091246 0.40251987716386073
0.8202677293895716 0.037769915315440605 0.243159581274505 0.05762013605927163 0.7203826524972982
0.9039968800885169 0.7791963101436326 0.42422160039589973 0.8584585367640382 0.8205150036565932
0.2953431284858842 0.9180602936910462 0.3314888179582568 0.4243472601498772 0.9345000237766308
0.09419717685651907 0.8836078549527274 0.747629222973382 0.9625659263854774 0.3605122965859462
0.37511468200223475 0.42629248910081075 0.9113736425869167 0.8922655893225298 0.05784755455128099
0.42223442055791505 0.7100510868559292 0.9393181693565017 0.3746067429933324 0.39994761011132096
0.8168162755632769 0.589291436080421 0.8462587205475888 0.1535655415536138 0.8874800721968363
0.222353368815708 0.9659865775229977 0.3853497185710768 0.3838108819287016 0.1032477187342895
0.1357665275342348 0.9757163673545995 0.09796785980958356 0.37726362988651074 0.3695679576643538
0.6356230556090362 0.6611536008837581 0.5939560288638648 0.8325516840857378 0.5683146408376061
0.6959945448997664 0.8726044678213255 0.5309754161048736 0.7356376223193989 0.595986628877383
0.15755780037658051 0.42482208928244514 0.1968564252564966 0.4748635530411416 0.030683183951416892
0.44098448214194763 0.7717080351678072 0.2480371725203071 0.5708662701532032 0.663066090485272
0.295098472035234 0.39970690068244474 0.5872920557410152 0.2218666522820284 0.35899934415877477
0.1831368754228443 0.6752472355223563 0.05909921006345753 0.33306500081949253 0.4234140719791539
0.18130738704882288 0.04606633380014091 0.4998235578219764 0.5081346418925966 0.6759439849009491
0.12112189717290145 0.4630049056241968 0.8889382614979406 0.31037063812953636 0.3120614090746616
0.09195229704587826 0.22802792239283776 0.587349681664555 0.5900189508099332 0.8285571590730761
0.39325067845137507 0.7857087251598199 0.8229068416413828 0.05331831154659117 0.7575884234327626
0.9499687671018335 0.4183540778545991 0.3563920479985936 0.5475071829225431 0.4534991413155406
0.1797438230325631 0.7368170981818924 0.4379160729890208 0.06151579652534933 0.7961660931757537
0.7702703448185363 0.5004046278029841 0.6139957055887488 0.9537899567350654 0.3840540302136274
0.5164805265776007 0.22122772789301204 0.9814327724787191 0.6184325964513683 0.99234530983137
0.15894793181214373 0.989415322831447 0.437985778442722 0.639205188231037 0.3539087748324271
0.6762239031209953 0.3565828435749919 0.2724888220803132 0.11287179474206765 0.02349613802853623
0.031441468941412865 0.8552569621793621 0.3600285639213917 0.2276848168297828 0.5657142910885391
0.8788979931214618 0.972391437296251 0.9443376967258812 0.5422402733893366 0.2081249103024312
0.5221102064086408 0.7346917099793069 0.516208454566136 0.6439998459086812 0.4887687303064939
0.5682847682702532 0.1907960967066229 0.6163369836014913 0.06715040091615754 0.2305498753575318
0.22285009639511488 0.012043904532675564 0.72261098884995 0.8964983166805358 0.8991350947480844
0.8141168994249832 0.6578337786617963 0.7919015949284754 0.7312702538219172 0.5004827945071677
0.9795139531270137 0.8920081445775286 0.8163551205234596 0.9598301561412538 0.8786325845237791
0.15052242313635256 0.013748596373432398 0.8431091164619 0.4807754738559423 0.43124738539821306
0.1774578159080945 0.5789017074827643 0.659938992879349 0.21154976288534943 0.12879064783358796
0.1176466280687134 0.14126339737436844 0.5638997732693573 0.6157566163416196 0.7672680166885236
0.342308926926539 0.6580088490054031 0.07103647625235099 0.07165061509128146 0.8034811979602722
0.495121720887873 0.001973656769567178 0.6586186057472657 0.8158339025842776 0.6714958690967282
0.8573360042153458 0.5979437420885126 0.8545054048034291 0.8077734342558603 0.6412885798685324
0.4692434499065511 0.9816772227870832 0.5841392886422461 0.5675581738000838 0.5814404506540904
0.9947418239931731 0.8640252094188463 0.1717275636833926 0.5137542984739042 0.871763829368898
0.7973133361861445 0.5797001009132191 0.2465697240126683 0.9330234800678372 0.01909568538950479
0.7048780291861991 0.10509412430270848 0.3794863365498037 0.17660823492248734 0.9103875415082701
0.05570035030593434 0.4191387769072076 0.045008579112441494 0.8894559545950939 0.6985816178876892
0.5607968610972527 0.31813111182645826 0.7053259819302335 0.6876195748754478 0.20705744512607538
0.8641244030441734 0.32102203784733374 0.37856634601724515 0.424821285922492 0.921681417288601
0.2725999297953142 0.34195895474586835 0.4877595397054647 0.6415788368201925 0.328545614602204
0.01113630827023171 0.9085045809298568 0.46354746592152374 0.06153727510907392 0.5813441195165397
0.11904235685435893 0.6203960019847705 0.8784662944268163 0.960485265513942 0.19245370510179194
0.7054573434337932 0.2767202061110796 0.41799486136425135 0.7150227627177255 0.4922442276972494
0.9209925600433329 0.9445208141174412 0.376113304340998 0.6090643633195244 0.07814538122980452
0.6067772588369529 0.22479871556568443 0.37067329642835023 0.005082159107666517 0.1276249657783629
0.9170709860240148 0.5212223884129777 0.5702252375144883 0.6200977405473092 0.8208213015586012
0.027881002179667935 0.1037512047092195 0.2686652154561492 0.533527151754847 0.3704959830138608
0.31068020862902757 0.9433785914010047 0.9448552794663334 0.9391901998091662 0.9130664912931018
0.043250393144386945 0.6394695569612057 0.07644200212881991 0.6499299853672696 0.7158380479421119
0.38718956263430304 0.8576668807132928 0.7143891722460534 0.8279343680956223 0.1481812029617886
0.3473916174987347 0.7270344836395702 0.30132933039363896 0.7611391502721988 0.824546892667752
0.2653194116852555 0.3643191465179242 0.40360254131785867 0.12510598884781732 0.2605837127449575
0.6628398069935444 0.8861346391166133 0.42173122366979787 0.6589411172579207 0.516368709220274
0.029451980732476346 0.5328138157809778 0.4372205125601474 0.1777235617689673 0.3972551100602352
0.1794466148108087 0.33723855450567597 0.9005740548037037 0.5048485588432956 0.8409198882444388
0.8687229868738493 0.21710051948047726 0.41465317077476893 0.3550130377067109 0.7435744361275898
0.8824125118430582 0.9834767924929586 0.21780314296388037 0.08651378153355849 0.4319316572501658
0.26523883429137907 0.9646570417739883 0.3998599016424279 0.033591589695108226 0.9938479838098545
0.5942677848530321 0.6043179371520521 0.1946821982699395 0.10769514575107919 0.8562260378218358
0.5253643228373128 0.6732287392729884 0.8885082946588367 0.8942363921817712 0.40362838852493144
0.2949345521467486 0.7091954478665693 0.48297040310372974 0.6315617925194622 0.8315466216464635
0.7108927213057206 0.14266969842506827 0.500240067586443 0.4654468192694534 0.8718014425850268
0.9460305355737246 0.7242784986108834 0.6129894902419076 0.8189661664367203 0.7027907156463803
0.4149108106596262 0.7795807460408689 0.15688367208739007 0.57506077169855 0.24306694649079907
0.7987475458200413 0.6901898695098913 0.35625737435803184 0.9236385529566947 0.465330645129432
0.5276970797981111 0.09833243387911694 0.38579629385648706 0.22310121730823507 0.8847847797448853
0.10020604228782704 0.8917937691016796 0.15198301844542472 0.08069017984495197 0.14913407698908732
0.6447165248258461 0.9384959408573336 0.3968199782654305 0.12871812368862923 0.45773418957282686
0.170372272675952 0.6730099625675406 0.3080090606922945 0.5432369951147794 0.9010039906309322
0.07721503998289803 0.7289130867854724 0.5658157960515979 0.4854969124295203 0.224752744698277
0.23265627581950654 0.7858535673153249 0.9934434288730467 0.5812184662246763 0.3657690627945356
0.38784266210176077 0.6138693950467489 0.9853995563096849 0.3999184525134566 0.19843615536390813
0.08485291666202832 0.2646246716162941 0.9542853822669775 0.8944154398212264 0.40087225147067085
0.6260486011985494 0.49425818057444504 0.5812387204042319 0.4045831865300973 0.06806723826304939
0.7825301159627911 0.288173591504011 0.09976929013676261 0.9288418021084615 0.9663829969414428
0.28785404675465853 0.2443597508715044 0.8776355708670177 0.641887875436 0.6554050784024379
0.5411358414086332 0.6232384453185329 0.4429491766570057 0.8721121332885892 0.9647495936161359
0.3725542152545712 0.9565624659603744 0.4106768925862565 0.48679728287701984 0.6241640329605251
0.7475618242949207 0.6832954950284549 0.2084768035291814 0.11572575545847796 0.9092411042555422
0.42808697978169363 0.3806628162176482 0.9996454149591572 0.6551436515658787 0.7029864592052478
0.8224642328896974 0.8427036781740153 0.8552246108284872 0.743075754995952 0.01274289823228425
0.6748889522256728 0.33661451310472146 0.029339118832052202 0.5656618552674625 0.47276387265141073
0.5120287008336667 0.05489862915538968 0.9525469063669268 0.5834189220284222 0.8173029650942125
0.43640697208563173 0.5235217042821372 0.7187083063308339 0.7008937356677541 0.9695527399628826
0.7812935066848535 0.17186410622875647 0.5512578116257584 0.5981098696040889 0.9622141678386253
0.8187558366045198 0.13848497691212136 0.1877895100552739 0.9077573737593904 0.5803634596016986
0.800690819364294 0.47016814268650675 0.37484204050032865 0.07697977911452569 0.9235030811169436
0.09487709662741517 0.7838219077371721 0.4906150204133993 0.8974709136838688 0.323642255018853
0.96586790971394 0.3770021065800345 0.4890857722748846 0.4779702962399568 0.050631813771031764
0.17975764850543352 0.1545228183294306 0.08546466385832618 0.09211205248054155 0.29259090075103733
0.9274670066894134 0.48824560468958256 0.20619952111058792 0.21794240174795376 0.010206978453022542
0.4393448216075887 0.3786453996357311 0.5649692850312785 0.9541389763812539 0.4776945782798837
0.9894334337832396 0.9973653440548296 0.8901280787323536 0.9822973311430745 0.3894042919554278
0.9112188349109225 0.9512755537732338 0.08233414152610141 0.6293573762548631 0.403947368589718
0.935769349424533 0.7681018960451009 0.7480444545265948 0.14910815891845475 0.4862918201049694
0.5919643627562423 0.8518546928244819 0.04654785026209918 0.9356822697017546 0.8169459936058319
0.6323432412852172 0.247205452140288 0.11328080425297804 0.06132416110805938 0.17071401209017512
0.4586297200000059 0.11168782945302469 0.27632865111336735 0.06455722048689905 0.7728946722097553
0.8931753007830304 0.06882229256660322 0.5206226377800254 0.5854427084555994 0.9465750775508268
0.567195251463895 0.8594009666911665 0.5027886792824544 0.572274596812347 0.39165692171907696
0.4129517154167407 0.5820149639531674 0.4454795837402269 0.7886173540512563 0.593823942217616
0.7228562415284605 0.4962791523039789 0.9691085640321919 0.3416453742272584 0.6986841071400065
0.8247199030197004 0.45578888099594606 0.4013805289342247 0.4517835538518552 0.4409937980017651
0.5088463113384383 0.7771869672658281 0.054542973591852895 0.7576024376557858 0.9339249798135673
0.6152418192440144 0.26731132181041706 0.26851058825537966 0.8056815050160133 0.5810660124190147
0.034638071226953615 0.9727807272953026 0.4068288508539779 0.31261408091505494 0.7723456450297134
0.20993868099402646 0.6125241644119507 0.23233141862221074 0.3711010542459757 0.05801726710412303
0.09674649992614692 0.8151831845536901 0.5261444336405775 0.5542361967462066 0.5951790635829796
0.9474128827033984 0.36413262096784116 0.15315457919211073 0.031110641651730164 0.6119429894329703
0.764229442039996 0.49325257801715916 0.9139544253533793 0.17842764546165601 0.7964248798394826
0.3728715941186854 0.7677360119840874 0.8240530146509674 0.20698144793793782 0.2698835207728282
0.4011050349945504 0.5393909132368401 0.7368928071778033 0.530870735713222 0.69780935734954
0.7055023390601266 0.7003628264800594 0.6017169540749169 0.6881801125600082 0.47737055527321026
0.772460390741369 0.054575820232841576 0.5280157548017912 0.2797629988982625 0.26902101434965353
0.6445092184630546 0.6575259539542351 0.11178362775386996 0.47001819109148313 0.7398031717339999
0.409881139653838 0.22906030500715957 0.17065469676208433 0.8413040682873951 0.40944465530262686
0.6933422902837053 0.6776547717603087 0.4654157292285451 0.5843983084552623 0.1319069358362236
0.9030962428057692 0.9324624255186085 0.37053040439037854 0.10559841444591378 0.7805731869469913
0.8055090791151164 0.20234666425956804 0.4736811522821023 0.654584733583474 0.3445226019032769
0.8070606102309016 0.5122246869530097 0.05679665994089034 0.216337959558898 0.8412645473075016
0.3117729299366788 0.5197118321325567 0.24297109068393463 0.3235510569327561 0.39110782698109536
0.844772974576943 0.767870316169695 0.5294106819267108 0.8711789155597248 0.10701117108112912
0.3848035652145352 0.44261554000670533 0.4120272907058177 0.5302002079772477 0.9704829218841212
0.4801293684862725 0.7579011884215549 0.5582724242874074 0.9076966303508095 0.3719941342475249
0.5914243805077191 0.23403747077489412 0.7481958795715504 0.7818680677434529 0.3116204476762723
0.5596990451796782 0.15851656463122865 0.3452502205868492 0.6205656325309651 0.9612602538824427
0.8147387301249721 0.4922260320421191 0.2438467108293476 0.500913299406826 0.8144168255632266
0.7996403783270808 0.011315940327184193 0.5610821654422958 0.19637740210650956 0.38986832490672285
0.5668270773401427 0.8673020310833148 0.6845124970220132 0.4981670020078539 0.7833876041531498
0.9034020750220172 0.2147805350138129 0.09009249235977035 0.07993688306975077 0.23802313853247237
0.3614936154031403 0.7067681919711949 0.6130267707640424 0.12105737942352679 0.7950699908531358
0.5211810279350139 0.9345836640460755 0.666545477317558 0.6838974170810285 0.9782416270723557
0.836764298618511 0.20183253714560612 0.6002267784678905 0.808579358980663 0.6857645456375588
0.7672258859056391 0.8758035580916071 0.5402319561382725 0.1938016671281988 0.24064092201495269
0.007741242021927497 0.4605090036916122 0.9817848448077569 0.7150847449303176 0.8183007241882274
0.3567415525937314 0.8807693839721652 0.8653667720831996 0.46297398388425426 0.11575514362901829
0.8069502219735428 0.31444513775823835 0.2000917300601126 0.6257486335409226 0.05940954679614141
0.39810564133065074 0.8171589278651069 0.8778736419719998 0.7223029746382846 0.47695947037184583
0.8360844907358731 0.335178067592399 0.7769445316309153 0.8864887573607476 0.7220873412580495
0.9071694964372783 0.5737911516128503 0.9466857903291651 0.5195365063791013 0.5030963021519498
0.4506849226854688 0.37274789946504105 0.6406236302453837 0.7653255971937477 0.47900053585871827
0.007925164941969376 0.8936880570823017 0.7712809090396547 0.3308066399766877 0.8412675944904254
0.006111239951338887 0.2010932565693171 0.5432681098763689 0.0076221344088091 0.4947533189812925
0.6074111890909671 0.2036032344027333 0.9430205684442295 0.47611059326947824 0.5315450372987635
0.08483245207517864 0.6096995461483328 0.3246100600584467 0.828204119675533 0.010839329865358849
0.9352700327026197 0.2923773983296106 0.02337677823586426 0.6626725800574813 0.09525856940383826
0.30883229676535473 0.535569205227236 0.4270796258031403 0.05489321103847156 0.4986157021873109
0.20490762941520357 0.15742693056766877 0.4771116446975604 0.9543966384649567 0.8863164009928493
0.6651107860818831 0.6450190758509845 0.44221176736194523 0.8565800667006902 0.33592969560495667
0.07421168173008852 0.6933344435401058 0.6725558539279008 0.004665905575843343 0.7651459529055005
0.4156301779776357 0.5372234003512133 0.6222216550943768 0.5308119747864006 0.9946674337475592
0.5570029481733126 0.8405376245760585 0.5500637284638027 0.35920625528908456 0.2942643739254023
0.5443675548500267 0.3762459402288323 0.9030688552901699 0.9984017933532342 0.6339074825379144
0.2152503580876024 0.6122659726843536 0.6465469450456247 0.1495537060379406 0.44296460795372883
0.6680209190502852 0.17383994857986806 0.5020293281151814 0.6308811967447806 0.653444517802144
0.6543848631998544 0.14939870111224285 0.6706266796422499 0.752636112313443 0.2172453674043423
0.6079434409419426 0.11639858504781275 0.06715904028075537 0.845756666839714 0.30856934596157626
0.6992213570698561 0.1462306758879055 0.1089857625730144 0.9780756903969973 0.07402194494481606
0.2116952180542434 0.31611988018773796 0.631341346882958 0.5263745039176162 0.9725550516252889
0.566118442397567 0.4678412020836884 0.6745306832368844 0.5939473303179911 0.5234509465156147
0.8919637504926634 0.7145193519759198 0.32242884961364193 0.7713478139651041 0.6148242500990639
0.9587754898585352 0.4751511274017116 0.34909121498203044 0.24684404764037926 0.17749339222186022
0.36949674522468134 0.9751615247744484 0.734362833570345 0.7817321356831275 0.7870919576762855
0.6194370228682088 0.6925907603550087 0.7756361189826305 0.037956130850753556 0.35846415265495457
0.8276548090583375 0.8737784492127988 0.4565593125393621 0.37989790905985854 0.3113606803769925
0.9792076499596881 0.12830508565392562 0.9528286602137791 0.181450376279359 0.7372425739454135
0.0192089893166425 0.7603241907430461 0.6528612032921149 0.8679814046106985 0.612696151799176
0.9867313387621459 0.7914011724897269 0.40635775048641165 0.2036096420670841 0.9607611019520103
0.9906747336013995 0.3547859344906632 0.16183557692574158 0.6130435591506312 0.3888438648014534
0.6387193761566714 0.588560902114124 0.679261125437661 0.057582795896013894 0.37231233121345786
0.6898467080350764 0.5691431111815303 0.9676195904388027 0.19547739695949962 0.5248472289705917
0.2599108644952719 0.3596172098772682 0.7270552182557657 0.26512471732800935 0.0881186521494548
0.18583599081537028 0.024948188353352996 0.6596986410444122 0.3728490204712511 0.542766616906247
0.12891732282945156 0.7876804745567484 0.31985326222681565 0.5680842472203237 0.06317671495799526
0.09501344314250948 0.27384186058907467 0.5966801402739217 0.928243272397035 0.29674838658602565
0.5543657909616101 0.2385152931843767 0.1533079192032376 0.1708727837457138 0.8452310762417783
0.3737526777520682 0.5747797898740074 0.41794001771086753 0.6964089884328626 0.3327467819708977
0.19181383641730654 0.21095252543697818 0.26804293220687814 0.5021232796290311 0.9618449891001197
0.3271145929910325 0.037921287116878255 0.25920813375754215 0.32094746086714776 0.28469247794081376
0.4542920518204743 0.7425879883474689 0.8846138671176029 0.8273619381210681 0.07223639440233542
0.17549158110918817 0.17871942036456734 0.6235454031542494 0.004623867427364536 0.8699865530284646
0.9544815085797653 0.6883770349534314 0.28624177824029073 0.8107105425878142 0.7493308246581406
0.17280065636854325 0.06193030813256217 0.4951398854849216 0.9357785774254035 0.897933810448641
0.1834156419778159 0.6255534711509118 0.33204175826257454 0.06706454393235906 0.5184779094059851
0.0020686848654274392 0.16311549645263768 0.665603788901716 0.2569043846876733 0.39424007512850223
0.9776077165159187 0.5828345519242553 0.3756311565768454 0.6835226810998276 0.2918902150137389
0.453359917331831 0.5366674601965389 0.9744730968341226 0.5949664083900543 0.19354273670889865
0.7710823538168275 0.40313875373852603 0.25065642064817706 0.5535561861169 0.8030151811542627
0.43490065371468745 0.4717009919977053 0.03824692959924336 0.7834329758815333 0.09835274855067877
0.6007493421817847 0.7694349193039479 0.04582867695127424 0.8534102413177892 0.5702453236582887
0.06292929439967254 0.8564854539056607 0.3714203933804483 0.5245380153567398 0.34658263519798294
0.7646742100520583 0.5647947241995923 0.40008707609301797 0.703916317693133 0.44810485971524816
0.5035916682971292 0.35233547083228833 0.0934074537620948 0.33852482415545815 0.19238880858422347
0.39924681689669894 0.5168381823130666 0.5859716977322151 0.7529209045779367 0.9934381435926415
0.969968648072048 0.1914566126644982 0.7588149848790748 0.9201854631854565 0.127266951621531
0.25152755060490417 0.012886899900396709 0.6681116944821681 0.022559099894674195 0.9519360994332612
0.8300667740099698 0.6958400425592626 0.09918045762477778 0.5092865321220144 0.07494911841179042
0.8657766929014864 0.42633386640875737 0.211317880583497 0.024903732252743227 0.35909363613652034
0.9443857720001588 0.4722290513184243 0.1404962354759972 0.8440258471529022 0.1760448026793957
0.5974363840501802 0.9196429093030164 0.3420405958905647 0.6459742089541298 0.1346641704096968
0.7659809724694425 0.8663027852466807 0.3256660255426489 0.3959353439135326 0.9588021898753147
0.33181374221369886 0.39984934719821763 0.45323847283855445 0.9976055278686891 0.7942534820063416
0.3199071004751154 0.07593161921611635 0.36355296302572637 0.12227752232461486 0.2055950590275144
0.11619796577541186 0.8007832686511694 0.834667521130291 0.2915179345523161 0.32038031155697677
0.9727632771039466 0.6613471410826979 0.6405618983888871 0.3520196411234663 0.04054590563729288
0.47367867944293707 0.34061543372474357 0.12415376027120939 0.9917376501918835 0.757412973225279
0.2063574842678032 0.18363016860159054 0.08811053700717486 0.4106834781721357 0.9629757426402259
0.6035617270994773 0.9081175779494159 0.3829679966812125 0.4654547715812575 0.5026741733558578
0.49078342768215233 0.6592732814816342 0.43798749301632167 0.5815928028791599 0.20508136000096022
0.5531556064170716 0.04562745304974447 0.25088015917698014 0.8308770159752842 0.30924159945241214
0.07989949361214455 0.8077907322542773 0.40465622344854346 0.20882510769206009 0.9220222710517605
0.90912267475177 0.8403635820863676 0.6246335522296177 0.7288092655466432 0.4797668156877073
0.29996626476894617 0.572232534710778 0.02304165683673076 0.16818171372551016 0.13869623863231406
0.560455813366115 0.10392873483859111 0.4753673575551266 0.569211444889471 0.5456810795658659
0.3931017856435045 0.2536185289592423 0.04732505188367653 0.4209340855924739 0.29432034811731833
0.0868362227394418 0.7731730530176514 0.4253055007146218 0.9818363233745032 0.3814566593246622
0.6815197645366984 0.3743023719801518 0.5754845465766903 0.08207647614195934 0.20515662792182543
0.6159871668759853 0.45309173395400815 0.8668576845258791 0.6650544338387137 0.5909041860950397
0.7539078101525873 0.23833465660360365 0.8022704416512838 0.6529483276058801 0.5842140178211278
0.09313881259237322 0.8270203299958651 0.7452137179844043 0.4884141352458772 0.14830302403083728
0.5202973393108641 0.5598095482125355 0.20245089838742802 0.8640391463622583 0.27460586952847077
0.3762079471863292 0.17353549737127472 0.8986638672046339 0.35459286157981484 0.4684356589172043
0.985321968777643 0.45808560542810406 0.011687597739630684 0.7237675634850251 0.4225538888164446
0.8259253014803818 0.8939678327263765 0.55836156457614 0.5835401828002676 0.17598854524898766
0.18104071315870518 0.658204003380997 0.8235270589328119 0.8398317285862476 0.31472070771750316
0.8886228932311566 0.7955253616971163 0.15840476811113802 0.2819874876728049 0.9386710198777167
0.5071668144904689 0.39856397280856093 0.5211999365611087 0.9771783894897352 0.9643691315807195
0.49502402898573605 0.023351454189568077 0.762529645383493 0.14720999271951551 0.10901707707298558
0.5150765568762968 0.8386483619818647 0.2936430489245252 0.7082154515840082 0.9173993043693145
0.6145831615053418 0.8352305179827213 0.23464919371325088 0.559151712337449 0.6944710752123968
0.8210563146059973 0.3229508569847275 0.4568109179941904 0.015360016470720939 0.21046521158590215
0.7373557516934932 0.8360669094153069 0.9373779876864514 0.37927997295876714 0.5500553329673934
0.999721518485913 0.643119771332187 0.6314258206135709 0.1450955000362889 0.047633834058703806
0.435084488369207 0.9054451274592417 0.5698472077348798 0.35268109321255314 0.7627535547459908
0.3199310429003486 0.883950910442779 0.3166832012233879 0.24664880660139366 0.4516932943881733
0.07525581506915657 0.8465682621251994 0.925488600940153 0.9911926218519972 0.507480368930251
0.8073621128107845 0.3379506802126323 0.2625490508651096 0.7676482366365223 0.6287238021845242
0.9441841014733017 0.9586234700526058 0.5470811387986322 0.06269890404872647 0.07964634776647461
0.9425224860027231 0.8700924995264758 0.039577072560812 0.6724690001603542 0.5430343179317987
0.5672049214514091 0.6523228737701837 0.11322923362911086 0.4733722061913589 0.8717625167799582
0.40920896750444213 0.033243894863625 0.6827375300696799 0.7733009875922202 0.06697643248905172
0.24812218273222764 0.09542030054245065 0.5070289362972826 0.4845944387253338 0.36797520029757724
0.26629101472415795 0.8005781051026011 0.4288990942775124 0.4475649573240238 0.600550988375439
0.022294629618835327 0.47008100669034547 0.29668486340337863 0.06633646836287277 0.19365097913593132
0.040011095240525596 0.40928916352617006 0.8306007838619387 0.8462584195984709 0.5598550488321463
0.6885300741340353 0.7606124852074911 0.3795757058283077 0.41468650411947283 0.8783860587878168
0.22077982112334138 0.23938532012472746 0.3300274780167566 0.18145446737433124 0.46762748811171584
0.33610557449454903 0.2913590986026603 0.2015085394136591 0.6624069987515268 0.29880428266367354
0.4724078879713446 0.9574884873648168 0.7134097580595183 0.12309931317755918 0.5466109438122164
0.12288387234715015 0.24544207766059167 0.9465338940409608 0.3452515638057899 0.6340025811779666
0.14965385004052467 0.32610232035322406 0.5859831368091414 0.7607307638524726 0.9071818574150057
0.01622937684035808 0.7565747577205685 0.5503697843501258 0.5548101359472093 0.31040738376626353
0.042549224625507365 0.9161068478608094 0.15145057991878474 0.002951127377902929 0.7729752496470422
0.9860783825247386 0.7863301553032307 0.18945258450509228 0.9881427659436818 0.7682365044572629
0.14357308481196285 0.36904533133632267 0.9263350512289996 0.7979836149566603 0.8670722937227123
0.7863209513872973 0.8667050238035695 0.25828789589405676 0.48299009076295574 0.3480595612053141
0.6392716528450961 0.7449769146960555 0.6007693473802052 0.09002169535949223 0.5598670177183992
0.40999024641291826 0.27699256715566556 0.32244215744295834 0.16750853510885888 0.6482781815468407
0.9008245714112932 0.783233990562586 0.3817871926585533 0.47889778969977437 0.4078495549173853
0.4624504729736313 0.872786891676904 0.3679748298087816 0.44011586939595293 0.9829531384789782
0.84485653624007 0.6794186278053175 0.7533546172181032 0.9045097317944435 0.4384133501256613
0.7389487164772486 0.9677281746372339 0.8719837851625831 0.4558653051013556 0.8598731355631017
0.23548413511191701 0.8503406152009448 0.6996892253444459 0.04649216895486352 0.15635758527956067
0.43935929461223633 0.9865657467322194 0.7107997864058754 0.5481176635654095 0.5937221714183156
0.5620986006638624 0.8730444497564583 0.6922248664245754 0.5679948833681139 0.28054037776187124
0.10975383308912778 0.3212381364865464 0.8804857419417393 0.09474744791389111 0.8350718804435878
0.01328861238766399 0.4877240181894702 0.22632094612476983 0.3269947905147873 0.7881613113699293
0.2192608580712211 0.5250575956274206 0.47825205920965497 0.976404220837858 0.41147947992471756
0.8799476242775724 0.5659571555998291 0.06995290851771052 0.8225766092003552 0.15856494688164524
0.30648006076488765 0.21944560050380946 0.24001229625688536 0.638777527080966 0.8687702857477841
0.9133143850957831 0.8322725134733507 0.6467616778206443 0.4422957990371351 0.282260622287933
0.5247641917576891 0.9955248936379778 0.22644958027148743 0.11540423053446536 0.4826501759394337
0.3210427412547008 0.1552066734879376 0.8730568918754805 0.5418664890148427 0.9079605356200158
0.833787037964763 0.42092341932291477 0.8275160129854575 0.2523603138182682 0.20818252849193386
0.5507959946701683 0.7933403589328453 0.10183094050898045 0.6868556428014508 0.6184978251380713
0.7602217928405809 0.24260652719602716 0.2932812906186637 0.8499637087729183 0.5716545375006933
0.899913159292465 0.2129766030999376 0.304776121808388 0.9900935437307438 0.1108713649271923
0.005021326319480268 0.20930509709472211 0.8194291324449645 0.023436094911368666 0.6194239096803683
0.944188678003973 0.8492319915519051 0.9654824380692751 0.9388060429243731 0.18935108073889284
0.6444217938653304 0.4972104851959528 0.5810157605618407 0.4470982068214101 0.17506845960475625
0.6269914561591952 0.4344792679750126 0.5412449004295633 0.2599501126610466 0.7622043970653857
0.40251389762228407 0.7023660911903498 0.9686562252260402 0.32025866840112827 0.9300206167920025
0.05754356095533342 0.5690167825836208 0.3488033238065913 0.09060358008634073 0.6158227213324552
0.2453067360627661 0.5246171451172793 0.30909904586135384 0.1722189105058879 0.7283714581534303
0.4159444843161657 0.9204699113801604 0.27188167708926303 0.8474977746153689 0.9022104400085407
0.3754848893802245 0.4007068660902874 0.8438114863725608 0.6285107817375322 0.3528741163245275
0.07858491291451053 0.6094811751137325 0.5254072651465491 0.2015757601202095 0.17796891285250838
0.40245333545338535 0.2880629732992187 0.9319286574754428 0.21632851754215876 0.4330821579159648
0.4839569907047818 0.6585882315640418 0.05735158009617092 0.7697340148562891 0.3597817265855966
0.6441054524363666 0.8906332564049709 0.11556167480406576 0.794378242905639 0.3256496506494654
0.5166374099954598 0.5998054812109369 0.7906704146140716 0.18994027533527946 0.6755564234731878
0.6460749072748615 0.5412584203935038 0.36626814594502943 0.663473712848171 0.3507525578823776
0.9133245144608285 0.17129922456681013 0.8014173214319542 0.23096316903116 0.7175786635100727
0.8300066947475508 0.6422274834326723 0.7706033726549198 0.15864653925115724 0.49829656743535766
0.06755674056464034 0.2635945543007413 0.5359194907368052 0.7285327662818011 0.09027068084042156
0.574255828423504 0.8717696177645381 0.8785178799559052 0.010646967154873122 0.5965547055876596
0.0010061356731868587 0.8465614445731443 0.645074269755626 0.23509807267803406 0.8261348380947314
0.3049620952589195 0.9729652074948124 0.47582165238500884 0.5549673892847862 0.06936591591062169
0.07238497533479349 0.7240618226427289 0.20203829474306123 0.25665659828728227 0.19269226083243007
0.10886424669074468 0.3469175011929123 0.42609152106412873 0.9650586087641797 0.3825326665248696
0.9955811341987991 0.061662546957780506 0.5912487277333581 0.8023871933033724 0.3240395912256133
0.06351336866760826 0.00729165406939114 0.22992066284872925 0.1443142092454549 0.8868165289540149
0.2716011469593418 0.6979774150225083 0.8919369287883469 0.2807862769180145 0.2667401652916297
0.8182665399091843 0.37425273405332027 0.5333452494539019 0.9606901965006445 0.24977939929893
0.9743445011842913 0.8672694310351357 0.7996647601143732 0.6155876128222431 0.9287841544509822
0.6969017578847416 0.388560766218639 0.1429053383462665 0.7303664567731815 0.2919491672919021
0.5122634743932316 0.8639467959616626 0.99793068705699 0.5152396623845913 0.06689612856030536
0.2774278319758846 0.021634801286487648 0.06614478880877461 0.8370045161962555 0.38931244984330726
0.8737286775543425 0.048898046300416276 0.5008792762007599 0.6642641292347456 0.4153664137722488
0.29509832301608563 0.8930204263771415 0.49019090414082855 0.7634475666269316 0.8473096617533411
0.8629358960552126 0.4528688344994424 0.3730433357038079 0.6824313594166174 0.03216777537666582
0.06316080130429136 0.15718178721350518 0.49562683280106024 0.04566330160953336 0.3466873002157327
0.4549968439233033 0.7518169904163935 0.8851631976432381 0.47775114622786685 0.9076156784695674
0.12864654179493407 0.3317023148363105 0.15094737287574544 0.3337337801057245 0.011341831529175006
0.03870934848294727 0.2436208586170292 0.32144353627063493 0.7531994051422646 0.933965823171852
0.829105069629686 0.33880740437451384 0.39549969491163006 0.6088471681250267 0.384560983120788
0.03253996735963882 0.09399446721726346 0.35425661126355745 0.7580131668446152 0.6660044511933648
0.4751854236177503 0.7121923950510141 0.8586078769484324 0.1286218105018968 0.5444997610138103
0.7958309842470637 0.7215430959032177 0.9654462763670606 0.16696954332887193 0.5322231871082598
0.6971230030118163 0.2920249496638456 0.08798151430771084 0.5345667675352878 0.4400884572701469
0.5770303105103248 0.8801240841555584 0.47437825250161103 0.5346353203320117 0.17791138880623747
0.751534057926457 0.2634575162275389 0.9690403949402198 0.35984882431781884 0.5452710270707961
0.5131488121777951 0.47226418694318284 0.5114683659430137 0.3114973217236843 0.8793504651843147
0.33937117885053125 0.1638318577990634 0.2943832355502506 0.35508003958624224 0.3813021384576847
0.3152698586689816 0.3752119483392736 0.050218659139273925 0.7738044842046078 0.9844233206540904
0.50482287758478 0.030109694171615686 0.09012051654593423 0.714080897436852 0.36157310050944214
0.55294739669915 0.2195610410976767 0.9664513130925025 0.34250246682612584 0.730203035464071
0.09361322993266252 0.5913297466703937 0.8939587741094893 0.8184327611375816 0.4693592758787649
0.7354131564275297 0.7971064640990274 0.9800761545286042 0.8791711040627294 0.7067442680916389
0.9083065987750848 0.43110419906006436 0.5241120632655 0.6181282665684417 0.4510216671105881
0.9194056574397825 0.4241955825413778 0.5493357936404885 0.20766599332275948 0.5049227882259403
0.7938857947891086 0.3759440197693388 0.04042097594200933 0.21130083916610842 0.87424975566438
0.5676125746587934 0.9749592201867713 0.3994549080863061 0.4947592268917733 0.26105910035210456
0.9318554900621936 0.6524320962951314 0.1736767696582905 0.8239518505361738 0.5866800730387354
0.31860063998102983 0.6480993774580116 0.12487685821387862 0.4602036579418176 0.2851439664736336
0.14087063410192058 0.3030049373378756 0.33626989093192483 0.9936186547083509 0.2998242018975009
0.2596667687133719 0.7601332122091206 0.8387604508510238 0.551853715210498 0.6094777636435813
0.03398296376156551 0.13672755110862178 0.2565110001084304 0.8564062696461266 0.634078970937303
0.18897431384515762 0.3731145084641141 0.9067420124319051 0.5208491900616365 0.49893833413303745
0.18639925100397348 0.6804072864208595 0.9445495309121865 0.5357588749218023 0.4376963236818072
0.8514812496704661 0.2687725045219751 0.46531058430171934 0.8873034230839809 0.8218476257857575
0.7355919009998234 0.5423756380654604 0.02567559364348515 0.49832492931014627 0.8890564858405515
0.8313066360540964 0.8728226427529872 0.708043706289938 0.5389738760482025 0.550052184980744
0.06994641850241956 0.36826735999079885 0.8795920344765676 0.9465171962783768 0.5165145605636897
0.9255833625342754 0.8761451841304527 0.4933893313357127 0.1551789839599237 0.8413560045844907
0.8493070829259152 0.47790322520449435 0.17847060230353384 0.2643830413307675 0.13869132941075613
0.9817318615895073 0.7053795256627836 0.45044536110061983 0.4039157940073522 0.8082529718993487
0.9477433761966986 0.7800647802503548 0.7026062681378062 0.7637383782590206 0.5078189119089752
0.501977659491151 0.29336473211882164 0.2367269971552699 0.5283372376697562 0.47687131821433215
0.7164152580909859 0.539058528787697 0.8687983332163951 0.6940404229603456 0.2549147138994019
0.9490309323577815 0.5591093189727318 0.44655121634854233 0.014947492896755232 0.14023071259494746
0.27314991093337293 0.05862285759840413 0.6327021045919137 0.08763928195853032 0.1649144220066634
0.4217307912385737 0.6947370293284479 0.6849869904786688 0.5073302065658623 0.3399264778540292
0.752669900380014 0.5170170074201728 0.8616807474616203 0.18281690169169285 0.8652912470702108
0.6132245142369154 0.18483141402179526 0.49833873720011357 0.005854681659357985 0.3542995397736134
0.45669966569975073 0.47041037347618664 0.736771079178123 0.614838292542454 0.513858546328506
0.1306216224631681 0.911358592058387 0.5520474110586592 0.625751834685765 0.2622221435564426
0.7392636620524641 0.8508869945622931 0.2513397606969686 0.26958963973773276 0.019613508327605444
0.5663853074553631 0.21698727495309256 0.7934031356433655 0.34645791701293427 0.6055370067261576
0.8902351590653311 0.3088045445658697 0.2968418002348967 0.13004325215041335 0.30988134408398205
0.7385958072423494 0.707479377340567 0.4424719407916895 0.89591449944956 0.5621055132290648
0.5219751303004027 0.2810318869096631 0.8073489387900488 0.7282315440896571 0.818197321488326
0.7478959687004209 0.22883194835816212 0.1965738766053512 0.08957740853766616 0.26752280483869284
0.6814321712083391 0.34804969157826005 0.6466415324347217 0.9419410505255172 0.8106044991509032
0.09940912541568514 0.8702954472670144 0.6792616906818719 0.826235777399919 0.4424646062334556
0.09871840619464622 0.34086592198436305 0.322223557790012 0.46883183737926004 0.6204336129220022
0.7613011724427792 0.14308223941311615 0.8006889752135449 0.5444903057321947 0.04767322698967469
0.7238724071737583 0.14333971339980311 0.49713482818956267 0.8832008858450467 0.7427831644500699
0.7559204573800126 0.18236101062512178 0.3391617541320907 0.0704789900551881 0.6468813539736246
0.15361955253976134 0.3486796883025084 0.3973603452584039 0.9292517365356039 0.232801778711895
0.7168828408492273 0.9601760321640389 0.37190733865759695 0.9363389427686319 0.9439633494486509
0.7884851538771421 0.6110050700894004 0.3140264904798177 0.8006556306716252 0.7391262320629619
0.006835439193238035 0.4015662666980575 0.4035959600760596 0.19420972066757858 0.5655228717876446
0.9455719252478639 0.6685334505177923 0.2786989448289423 0.5357350506145375 0.729950378011734
0.7347192555293501 0.8054800659416829 0.45624175051700333 0.5456251634563767 0.14407376065032929
0.6875813226455848 0.4913540852968262 0.835357388525122 0.3089898911968856 0.5982655536707885
0.15912008850405535 0.9338386376633958 0.6534601858592888 0.6174293569230027 0.15321652034850264
0.19355809259154855 0.6445010621752052 0.08321889965752982 0.4195168220630977 0.7312337469107195
0.26768460584745 0.5590211397556546 0.012163859960812595 0.5396508065190648 0.20273848765095237
0.9633040813275306 0.2806696634152678 0.8872817210315208 0.6020486178978139 0.061976072888395795
0.3384585349350533 0.8939060866271274 0.9389563883329496 0.43421411445157365 0.20809538808044692
0.07971390535931588 0.5430116755240486 0.9331570415082451 0.6925104605142219 0.8206234501329248
0.20310320627615386 0.3543340811857304 0.4533903301116803 0.05624044149736984 0.8767017456781954
0.9946481302987452 0.2662595677920194 0.03473222976586843 0.3509587760685524 0.7563372172640085
0.5883096232306918 0.9012192153689235 0.5751779665662897 0.6967321753796456 0.02774872770615755
0.15307941038815465 0.519295306288214 0.3876220423479769 0.439830381889296 0.9684011348609016
0.043943955275604685 0.055259779392708985 0.13272185716829632 0.05084179679404921 0.05883499879766951
0.5987877241074996 0.5663190178635028 0.172804357586272 0.8545942626708011 0.4112058768664365
0.9060328200110249 0.3161354305301117 0.027439565800862153 0.32908212784928137 0.22939603774101958
0.46573107429302374 0.8909265770628125 0.42900330854223545 0.7219875546043623 0.03628033761537641
0.2985904319946955 0.40480314702725273 0.8058378701665128 0.7126059442895666 0.5868204401653926
0.7354604853283923 0.7598013786904817 0.9624883408963417 0.283617926962767 0.41916636158873866
0.4516319696572151 0.696843326105389 0.9271196894748635 0.3627301574819016 0.20974733774289656
0.8198781246775285 0.9716678675277386 0.9667496575425975 0.959157037411502 0.6103993348983515
0.952011309058975 0.3279001987973209 0.3434477246999582 0.7881246635018563 0.17290909120855757
0.6085921528302056 0.5003760579896767 0.8875379776897812 0.6637944782349484 0.37087053842041406
0.7691270668604966 0.265326449862226 0.9465896407525598 0.5896476545666676 0.30900229194053364
0.012225199746058735 0.4071875016856191 0.35751446850408397 0.4155535666776742 0.9775616646225146
0.415356887380369 0.8356015942904079 0.4814813936469915 0.7157799035788319 0.65895866741672
0.4550768022739661 0.566426307637691 0.5064035495674063 0.0007267661698705519 0.4412451710151757
0.10657840917030381 0.6595104542364959 0.8535019557817388 0.5559425588507882 0.5722228044446371
0.8087150984052016 0.8464106322976418 0.5537654540117266 0.09924952846503055 0.6871864472418224
0.4570080261094991 0.3849770412461446 0.08785877562968669 0.9687993838212803 0.6597251094983198
0.48118512925129575 0.8964726525954186 0.2905253258239421 0.1105436592003759 0.3988854967555697
0.2179675879294818 0.6838936598569862 0.6584203499751666 0.7008417065043197 0.8482893063503334
0.7991890661279468 0.6579983652556868 0.9439961362229701 0.2365867969927602 0.1801808939880264
0.5965322126864505 0.9462232241290952 0.22121025099244596 0.347220661407022 0.5572346453479227
0.07056911138063715 0.5944793407540934 0.8704702060964639 0.18123872888249903 0.08912486072865822
0.7836721348828299 0.06407787694995459 0.38603672189132565 0.38111186976011413 0.12461941862689341
0.5167009406476849 0.38994400882027713 0.3259839572901937 0.003474653699330865 0.09244563052024823
0.7638810771450698 0.16570343156124245 0.5386481927442582 0.2691145310544557 0.4786881280249474
0.49874668953727863 0.42730899704181025 0.9791445065020796 0.45161611682398684 0.25391439880998823
0.31005730131228315 0.07891118049244117 0.9266836947920718 0.8243746498376507 0.9619182442414317
0.2562007997309418 0.01499138774032227 0.6988562119934525 0.93055780673388 0.736157371092047
0.22241497416275868 0.2727889854389254 0.08776401423233626 0.6933010666167813 0.7203816494541805
0.8560172177924521 0.2437865621433325 0.32606909805575424 0.7678692346442237 0.7696230832103857
0.11018749298129193 0.9761942762309178 0.7258509792509497 0.9710907743038669 0.20253130672656183
0.4909669494073916 0.4523935450998735 0.47001992267181536 0.4605573462308764 0.7739822778538687
0.053786398957296866 0.2369948092475903 0.5860416392278353 0.9873442706040418 0.8023732713445209
0.4722672562825797 0.43718966173805063 0.7535000417115325 0.7760945302354277 0.3154794646436948
0.6199210013395509 0.6815809391919446 0.10234933940171598 0.8909092600969784 0.18375902771854957
0.09781802170411824 0.20136814613488208 0.34807178890494106 0.7725130922061239 0.7049899336469011
0.3198649627198513 0.5252460830454593 0.9566242595874782 0.9643082672291428 0.17449312829025443
0.21830939669086158 0.2120173957736855 0.9928783828062718 0.515310375022182 0.7422015392295913
0.2860561046094925 0.255839475443168 0.17948271558047524 0.8863607527821468 0.7648223171150509
0.8146404424913042 0.8292124738109571 0.5694818849631839 0.7954445857053031 0.113459688361638
0.27265927520438316 0.06224842271523556 0.5223895925690567 0.022862033363274192 0.6979802425758527
0.8096838568424459 0.6621294478799914 0.8300079153519799 0.18438381084058963 0.4558173187365794
0.27913084780942254 0.6725570960681448 0.4389886732567727 0.5144082429326936 0.5464676455629842
0.4755824305079026 0.14695658218410357 0.8105403553723717 0.12193930171664302 0.8970214915989047
0.5058990675541298 0.014805550978660986 0.45400588965218236 0.44372291921177065 0.4190762840121751
0.6949863012282721 0.6004453904434056 0.5118420895992434 0.12409926921880088 0.658435965880236
0.5391763484395423 0.3881564519467601 0.024168892152012567 0.16365558478013165 0.7090224463829592
0.07901311173341807 0.4706019122209094 0.10240908821625583 0.18390493608228575 0.2281067434069326
0.3631586148243561 0.1460982491806435 0.6622629003828587 0.10033291218014173 0.867794083613295
0.35395372237936873 0.012290999095582955 0.33063858969924487 0.40528484744499726 0.8317366431081746
0.19948181717794788 0.4151706597184859 0.9534949950902709 0.18180175006347288 0.4266065921448178
0.07985125588777009 0.3699966518384714 0.9610663751660065 0.6462997139311876 0.2726229785025299
0.6641972433356319 0.931348544219079 0.8572281312751241 0.7592926208395565 0.5955815756259465
0.1155882343179443 0.07662957968940853 0.4221214403011322 0.9476461357549223 0.2629072564845254
0.23276837788794502 0.5120874728394265 0.905339945013767 0.14982193015338374 0.9279197722467044
0.2000043291533219 0.8188967697877052 0.8914075246030404 0.11673826446209112 0.4605035101497029
0.72461015101538 0.7232243487876157 0.7274640132054823 0.6845130761662881 0.5278352511038182
0.26280529694899557 0.7515031883296386 0.4546723018458303 0.22907255226333412 0.26744113187357976
0.6365467892177156 0.5466424461698003 0.5955908833531777 0.4562950106555983 0.13560359899658014
0.1207620404564308 0.015434538698419376 0.21915940472000917 0.8093956509340808 0.14751472500901008
0.9632193459720193 0.8652411468201732 0.4806699290828471 0.06529656695904029 0.06546678260624006
0.5478535526383089 0.6950710325053215 0.8854264669202887 0.9154547702137529 0.04813774713460006
0.5508663292960349 0.42237318443937455 0.6939891761524603 0.10206425285668419 0.47707301386873013
0.3708076699255628 0.6414394885809248 0.6818016784965059 0.9625922971147839 0.5663559711485724
0.9030089067484175 0.8725300569879818 0.13977899529726656 0.759360889849993 0.46462672820527584
0.4407345143931112 0.3202904189745418 0.7126565999978562 0.6084172494307419 0.6484076702009305
0.9969609678445085 0.20894487261331507 0.5002065534049955 0.5173123299035 0.28611376428000956
0.06299549722254283 0.04529063565068381 0.5267790815724966 0.3072488082023125 0.7511078515499355
0.4273539702533121 0.4041163375716509 0.5238622311809419 0.31856695700248705 0.9005332599803866
0.15859860363349398 0.06582956664984929 0.1726979704245203 0.2790566222229941 0.8849668712520451
0.5609978218215896 0.14567093503110717 0.8096050993186394 0.9638670495718799 0.947305318966484
0.7494583203831487 0.9907844878792774 0.6929608563958529 0.42174255269689054 0.19803237579129807
0.9582895257310842 0.24104781183804558 0.6645999662194987 0.04652102242382372 0.8376898895379208
0.9809412564864151 0.3623968017593572 0.4286798513145763 0.44347196787756116 0.61632868936845
0.1517662333139309 0.41061779490013506 0.8339141275806736 0.913219488380208 0.6573246984492221
0.3347617257593616 0.5722896667166685 0.8805148242393555 0.457815389224563 0.95788833128344
0.6576882799960142 0.5136248329972148 0.9816717388560322 0.42072935612375173 0.4381205554331662
0.8874962153036371 0.5724635054472579 0.5128914795451497 0.46358638017454745 0.25231392846533374
0.3317148026396618 0.04564165712064361 0.07329555128858811 0.8540492913600449 0.4906427567921787
0.4175246549230015 0.6936414239324383 0.4167505847222376 0.9506678416855763 0.8825360171785503
0.5720260880865063 0.34004212492005725 0.2859879520186821 0.4320136363162026 0.3513525805188795
0.16652831035788607 0.7348975276621035 0.7209977398095355 0.49226339489737436 0.5375550195519943
0.4700578008053313 0.8286705527371068 0.5201408255836514 0.9792234477662062 0.8755432216695311
0.6622089288533681 0.8602805304307632 0.026964962125633485 0.36915104037235935 0.7370302612133545
0.7122089196346758 0.18210599101478708 0.6222162636533508 0.6787223368673541 0.3457462875020494
0.983807038140556 0.8863413386122108 0.2913820039549093 0.9725299468874514 0.1862637857037741
0.19453586757530716 0.651547579445379 0.5032156944101431 0.9367390999147254 0.9123122090735342
0.503230248380988 0.8886084206615122 0.1339614453349668 0.7239166572434914 0.8039553440051546
0.006730189151332389 0.13586081923714222 0.5816595774429941 0.6789687932343692 0.8607701004216594
0.5202956778838282 0.2874323897912624 0.20498649291553772 0.8184454778328015 0.8736025629225063
0.6886490968185497 0.35420570006190255 0.4627431987346189 0.1763207487873628 0.001410419666441065
0.4449722987025633 0.936642470184009 0.24286697275497515 0.7615237520625384 0.22643128678042335
0.027679622284760952 0.6759443436018254 0.4082354968796861 0.30740527979865706 0.9179817494854987
0.8405889386789832 0.5401989180565672 0.03607811407125505 0.6384744875107059 0.6659835596036671
0.699750733564855 0.174441214213363 0.9838540375592488 0.08149520521054321 0.6808925159103155
0.9906826120199003 0.13554523427082932 0.8993521178876074 0.2230187413520498 0.8565331676818677
0.4142682562910699 0.4832638082755977 0.11816725168184727 0.015367525451906783 0.3373721194489433
0.6283907756765474 0.31661004703329976 0.3343834493275517 0.22704534089418626 0.9624540359787899
0.5134274197844296 0.9388723633383504 0.2624233549929431 0.4208692480855034 0.17644354736237433
0.6140370560316855 0.7428354353138791 0.12342759352689137 0.021824313911495974 0.40662053884002136
0.8692720809470131 0.4979939918434335 0.11644731500873406 0.5744971004091337 0.062412822157165704
0.23824272713801786 0.011835498891082485 0.5621152417333837 0.33896326551825917 0.29964175729662745
0.20601399393467534 0.618381403340826 0.6077223891627229 0.7390846999100174 0.12520238618731738
0.8488819260946406 0.7980026999495371 0.7114366963824909 0.6672818035243075 0.25882952957748195
0.6383287046973682 0.3247404778215648 0.22570236614697603 0.2857474691399946 0.4636693937808285
0.10436689593951765 0.23467178443694758 0.6375090874001484 0.8276679831760715 0.6667623386895959
0.6301073912147331 0.7787372663253026 0.36361790899007207 0.115803843218927 0.5028382643053991
0.634516589711745 0.006553379448459018 0.5235916880104399 0.40383151909741255 0.3114605685440658
0.11892990913002122 0.7419905344723957 0.030913349614479002 0.3317435257833503 0.4521780152697653
0.7371519992930422 0.2798687149001191 0.29504914442389085 0.6881668413461074 0.46202346086605006
0.39356392954127295 0.2518191481553993 0.5378693502979801 0.940731904574638 0.6791252168977119
0.8622651766208836 0.43537269432541015 0.2971873940164983 0.3858366934178602 0.7394448858666005
0.03895247728298157 0.4115971965305263 0.6376920243345345 0.6076262483042422 0.9593791205084439
0.12353144806886318 0.4179289669085522 0.35632761140213043 0.5463151404045289 0.2884211926031055
0.30611704879314794 0.768255606718905 0.9924690907399571 0.2028455048331177 0.5204172391027961
0.5546324936023079 0.7056327703705649 0.8062152078785584 0.6443949740572115 0.7908454926205903
0.18708646878789814 0.9476594327903484 0.4529481477585562 0.6551050789581718 0.0861676425556629
0.2646502008802406 0.8430959654175598 0.8398515212754635 0.23458208804931946 0.44130254561420124
0.8547523619373121 0.410673130277861 0.7007382580157001 0.8496533479133168 0.9327240578823079
0.1536673315930105 0.28884715795560023 0.19681626204909608 0.8961876993328741 0.6945961269594536
0.15589900839730964 0.45961418719820324 0.10078020639297547 0.5937986169668303 0.803204358000378
0.8618089704621756 0.9283682384058857 0.8967535760207572 0.7239794841789268 0.8092404500282679
0.7968065680929034 0.3257052850420279 0.28539043140852904 0.105462042088867 0.7477168090218639
0.7729612109306421 0.04671461730118753 0.7511341249043814 0.5304193710206021 0.21014435796973718
0.7284111044906881 0.1622950761496197 0.652070209983602 0.8901024344709015 0.06807787230394169
0.19444322433633277 0.5186434624596719 0.2001320637062166 0.689616854851623 0.45130664384905006
0.7807575046144826 0.22441925091276183 0.33122170229971726 0.5516358033224571 0.4368649566540638
0.0031910655675071453 0.3837988673674604 0.5852796450429919 0.4992506956904924 0.5081261151424823
0.3557376473025937 0.897245118594425 0.3619631940534338 0.06748895713756875 0.292128098633439
0.8632943475151207 0.9039958738786613 0.21808631319197136 0.7848896449826781 0.6926932133754155
0.27847981590246307 0.4637606448737994 0.6996932569664788 0.2912433373438569 0.46625957853937805
0.8852431253861426 0.721816487794909 0.49712428472721737 0.5158558231011028 0.5856929385626771
0.8249332953633729 0.3510459812856134 0.9360528587907299 0.9581658860530045 0.2278144056201593
0.6256226257412455 0.43700803414504685 0.6772364481747601 0.6048508849887794 0.3398508374475052
0.5663087464062933 0.004677075861802216 0.7309962658845153 0.6795804941866893 0.6478747620127914
0.911232273642413 0.9693981556418464 0.6591071953428042 0.6414952115282379 0.22538860589949983
0.9514611298437033 0.8278414371229603 0.24820604681979497 0.7783463441055597 0.9515080164159406
0.7865281339309544 0.0632422802571152 0.2825196478297268 0.86468309048504 0.8546583071602121
0.6615419428112534 0.4214216882989823 0.07250090465724301 0.9388548087073968 0.11037521934801853
0.501262959799839 0.37204524564152597 0.9454654779400232 0.3304150529870664 0.5983939266278178
0.7592371490442007 0.45003289123545775 0.9016333811231423 0.6881281074106296 0.9841616911289596
0.6152117736545512 0.9071550171990889 0.10534724833851838 0.7920678063170848 0.7854476653124938
0.24115469049672988 0.3323932638055638 0.5273999823692653 0.2595467326301736 0.3022361765560202
0.5173691909363205 0.4244354717983153 0.508834726020775 0.83686181158215 0.8730848574551938
0.47122936318773045 0.4296542614339198 0.9476107247001083 0.5529008009901822 0.07316747300034177
0.8748915771821018 0.384873602939909 0.7538673479272829 0.061927199104503394 0.04506845250697711
0.9377849619310766 0.30968711527937653 0.37206275577341086 0.627631824657958 0.7801566150332884
0.7979146214366356 0.6783905470114098 0.49775863625562444 0.38569182610936437 0.6546474830148291
0.6811003329444996 0.9710731747755114 0.36997409410826576 0.8010232735569951 0.049482370936715814
0.20960951725241195 0.7750847558575122 0.4840310171340282 0.48941096273066265 0.8283280343914696
0.7794422677944419 0.24393978691545637 0.9231166228678802 0.8375087653073617 0.4707772907981729
0.53616448177319 0.45725719135707443 0.7118068671210126 0.872227005608724 0.5767042641795889
0.4044306508665404 0.4310628961081927 0.9123503972170506 0.8176537631704744 0.01815385513301848
0.5113578895406011 0.18464923706992953 0.003313037195087687 0.16693499498624875 0.5566511196470189
0.7705590012495979 0.6032728169921184 0.7958814677060774 0.363630665362218 0.4705539464222772
0.7171726778032758 0.3633151204931806 0.04405390588175828 0.4324934313468558 0.11244579064164317
0.7653048627898531 0.8447399782256378 0.738075932014764 0.9394659384696562 0.2782486509751634
0.12572211788627163 0.006032169352121031 0.14522265967686976 0.11586150394532102 0.9029942896642206
0.12936085884522552 0.3053035782376955 0.7634030615882709 0.5568980156066263 0.6870861623079044
0.7510943381624607 0.15183289349887874 0.023350409227661628 0.8239291279050032 0.19763056728135264
0.6083154498872191 0.9279292835451429 0.8812587882087873 0.0629977307032048 0.10405432584326757
0.08944612545010378 0.8759177526937487 0.7755079234876875 0.26389164308087265 0.2604346070781315
0.16747470554241428 0.2977604040220688 0.40615338135686785 0.11592096881996028 0.2632905402913529
0.9507758539641976 0.31461384935999215 0.6930096614776153 0.9771752362058134 0.1760998626137551
0.48703372856060356 0.7806397176124474 0.9878714377944446 0.3515476838245166 0.5685709684579411
0.3429167525985466 0.18323853965125747 0.9636453671543337 0.14259805007851767 0.44353363993043193
0.6989886297988613 0.4694683146930486 0.7287422583960953 0.5987107221061259 0.656620293291534
0.3570886771932368 0.6897719295360869 0.12514691179131443 0.4981703273611373 0.9493338177047634
0.3503934512442878 0.22023686949972454 0.3406138665239855 0.7023108306332482 0.1596333754875413
0.16994505063969834 0.7517602802089263 0.6419603323937882 0.49016252281835915 0.7367970488108471
0.7659499638156317 0.09454571901936615 0.18703100362195735 0.5603754845016822 0.25148851586932175
0.6840221103784344 0.16469979048695826 0.7604058426432676 0.7894779851586253 0.7596633298928082
0.5786606816895997 0.6632579163437354 0.6862911817435035 0.3475078332833589 0.3257743212294466
0.027517731912361287 0.7787219124931606 0.17266318708053396 0.2393191508683724 0.17584424276522348
0.5051098270753719 0.9502595749813703 0.1327823811954757 0.23743674102821521 0.479846807459974
0.03506670920803989 0.5535611973001441 0.4717934204250257 0.05978814175819802 0.7837916604421484
0.06247614547136204 0.6629761483619143 0.7360221011695242 0.7736410579711023 0.5122642620826969
0.4135479468800737 0.605411148306398 0.5331973475325474 0.3315988084042346 0.8299142830910105
0.2925821466067102 0.417494181866341 0.24212386609552206 0.5174499578821523 0.8892568941321691
0.37573538461868283 0.3076182541676359 0.7967728122723905 0.3563393358833459 0.2802041194290771
0.8122097550613164 0.4573635115352942 0.3760125491658991 0.2825710449216756 0.3367540951363065
0.3222752178489534 0.6803306285406958 0.29613911785402136 0.15911164673163347 0.3453567143581555
0.6618256503805638 0.4880773285938881 0.1479645462901692 0.3418246587962481 0.9649455739484203
0.5744281740172414 0.5118463502666716 0.11447579248066453 0.018060259457520655 0.35044493818514444
0.3563781991697106 0.7738649016550893 0.29482279177331416 0.4631643943558591 0.23729942676513094
0.6747766993482915 0.5236409139439879 0.2311513073328918 0.7409083299137736 0.10104118849141319
0.10899456027393928 0.11678609191491118 0.22900111004827106 0.0036558572121893063 0.9943395650054901
0.40652584630770827 0.4232500893841932 0.8983522583883091 0.009666004405446849 0.16767280675115714
0.5844914400278917 0.5318447423964303 0.05474138850801247 0.9468086992411334 0.17470357390957192
0.6407162599554114 0.34267173040942045 0.36808922600017246 0.997689147418473 0.19274571051961453
0.601879893284224 0.9908750142889904 0.6196814539415963 0.7109346633285163 0.5995092739551696
0.7096021498377855 0.06423794935266114 0.3303899993660687 0.6409424318809327 0.31600996747106436
0.9281436636670123 0.05578743354962601 0.46323302683872614 0.17716534932983474 0.4939158876439408
0.06862758393730983 0.5072939587638791 0.559164043747887 0.9981187845197492 0.30162890708177015
0.04044873624769019 0.48357685189937927 0.6841168976770179 0.7239768933345859 0.783164672260577
0.5295472734040179 0.3187339001072206 0.6852024746286023 0.362471257989175 0.2611028553887078
0.8681651297637099 0.29915018880501354 0.8484997214976214 0.7866690869346397 0.04669999993346441
0.3410334184558057 0.6200640092621141 0.41585779610149487 0.13208086890608395 0.8993043211468728
0.7253515476772163 0.4800634300745784 0.019653606636331644 0.46830358163586105 0.05125519486712349
0.04523136392419058 0.20579719992625978 0.2805963916288081 0.2575646268852907 0.6575737144526572
0.6342179341332044 0.31529058511502017 0.9478870438849133 0.7372894836153785 0.2924986213840708
0.7138478096189541 0.7734814813770693 0.3589033431157359 0.8994486748381639 0.05116702311890875
0.5408384080041546 0.17115722921233245 0.8485536376849167 0.5428037869951987 0.4919718620477789
0.529658579881596 0.0478005434263572 0.20432857937200244 0.3748368012085429 0.9946546550461927
0.9697648569663269 0.7415938172533556 0.10311719139152631 0.455384453809232 0.214814546568744
0.042794220898682456 0.34993358575655653 0.07572551621884449 0.24395872290868303 0.42617446164036166
0.3591234164468533 0.011913273569504779 0.6863837946348873 0.29322307353497445 0.23127681750953688
0.4325486002379909 0.3139208332506843 0.6080780359668969 0.3900969784751658 0.7350132052282009
0.6897257699086161 0.5044536432508914 0.6041120351375121 0.6386023995507678 0.9616864039564219
0.31834687275541695 0.16815746070543136 0.6841030541801324 0.7080607173873197 0.9406185533829564
0.35101332612641334 0.5328846567889466 0.9002094418073743 0.6294294305238944 0.19259911893513182
0.812264507481645 0.45357089203835643 0.8131207585545348 0.11723659801399688 0.6185529792937473
0.16747530196004146 0.40033861060950804 0.7802009606303814 0.621173014132179 0.7969804576215082
0.4898395949894594 0.8448853049424668 0.5525453057538533 0.6493265405592645 0.26543306984485904
0.6400801087173523 0.9601160786872668 0.2616580379740264 0.09281769584954747 0.33879783288050447
0.1317596975712403 0.28273423531140995 0.8497429115050736 0.9248682311903702 0.8113070361339623
0.9398861268685619 0.5085066958744613 0.09312674777033558 0.617827964614452 0.4676925623279531
0.18942050209443662 0.4224160296690468 0.5774760875394621 0.2988667696916175 0.16976529895696613
0.8990424402586449 0.8639759655027651 0.25271334097764264 0.7381919181935113 0.0046906952228840115
0.15499392446974924 0.12278373962738154 0.777218200569054 0.5431883408575147 0.18647539663584878
0.36619197277347315 0.35325423105344256 0.7972660405174969 0.49823068810398663 0.3395561007686628
0.6459829598185437 0.027708394644703316 0.37488848765398464 0.7796408832979093 0.9718387047836684
0.8957373278144338 0.3972949231335625 0.441887692241846 0.13530312834660407 0.2964099735971103
0.4880746303744694 0.17080214372657354 0.4248028186674051 0.8116072072531895 0.22624287186036984
0.8205932617865271 0.32834884816738275 0.19248835484630145 0.45491742525526657 0.35857864811040163
0.20175730826298632 0.8107454873632465 0.9816460533949596 0.9634928484815682 0.06245803739322853
0.572796151076119 0.7300598190238334 0.1402767254539089 0.07981296272836169 0.14919356161238662
0.6131989059699956 0.5486083692904834 0.9167548855173322 0.4158927565736764 0.61521653295565
0.5276261974897495 0.21463263720395687 0.7489895113421848 0.8014593442342065 0.5459962187428924
0.5915349120898303 0.16930703748643994 0.04306063515780678 0.4647310593545917 0.22518614889587185
0.7395282526562332 0.43448941811152164 0.05540321862440567 0.6665759854122724 0.6567897703183087
0.40230665245681607 0.35443975743709555 0.7015862227038581 0.8844677013330448 0.5019786892609684
0.4405140239554265 0.3145648943286907 0.30651714997634083 0.7898128666923355 0.5810834397633402
0.833392766832696 0.978593858591701 0.9653027718364406 0.9415216460547481 0.9589290891309841
0.7859355541450663 0.7021299535702492 0.596895356870681 0.8838325369737291 0.3957499678482468
0.10698011146580666 0.09569079149142101 0.7315005187820119 0.9855720545639245 0.004142309666992472
0.0018715084890007505 0.2165644189185334 0.7088609565613027 0.11671914711875542 0.9362958427091677
0.10349816279767421 0.47592658890091266 0.7053633762070015 0.556196128469359 0.07541969342880983
0.268279721664859 0.12857085020018677 0.2558120337082813 0.6734981651745149 0.2543748715784222
0.8543193854953876 0.032256029672867115 0.25781303420094304 0.23497225874320815 0.41104006506995516
0.2851323935070963 0.9481311709490367 0.10759627275045092 0.5550274711475592 0.9558032515584856
0.5064101057480528 0.8791144791270562 0.15892398746081504 0.4162753084608197 0.7444268769258475
0.70407196604577 0.23243159149349368 0.8173525939364874 0.5680809864196101 0.8889230339404124
0.03412554354245512 0.5542280047631601 0.667223486602993 0.4411293538250135 0.9658323349037904
0.9845077428206107 0.8076457336522144 0.0327303271174485 0.38368270038270946 0.522107749149025
0.3770357353964032 0.21587989475895664 0.2113701221872667 0.2734228669290131 0.734482126809908
0.6753070397487254 0.8932329973557255 0.9800325708968874 0.0832438380043452 0.21557724755399132
0.34513284977619896 0.0143087845538159 0.0837937396749775 0.5326032421199075 0.009359845093266483
0.8470444863829073 0.588440182769121 0.44583571061914906 0.354674097721808 0.17936134855340058
0.8532620849775089 0.17914962676367918 0.18509831938738686 0.95340143334412 0.0376824715814148
0.7924357419099062 0.40851118360221894 0.5844128594705191 0.562415244443729 0.15523979803229093
0.8219922079404803 0.16090432704656044 0.9822262747993307 0.15750735809147387 0.8637885339265505
0.732287475157047 0.3605276824552929 0.8409968651327983 0.7823119675481338 0.12099916222960139
0.572050931768834 0.8366795582407982 0.8643944425525676 0.4207628517669758 0.4487939514709558
0.33698233514456155 0.011555763336859148 0.056890727121561624 0.804926331795498 0.6662743047066834
0.4806071429579293 0.8119360262054091 0.006754866123493297 0.9926700979415717 0.5434152394481054
0.8900488919824469 0.3222981060299226 0.2539874698950155 0.09683775802029881 0.6107169216780506
0.5000389934876243 0.381787192594118 0.2882765786413265 0.8471577729095126 0.05710631956104739
0.16531383649121656 0.3159064260678789 0.030707391520211513 0.9613610962913642 0.35382972961419235
0.8160887474352608 0.6318879766196553 0.8228883604040707 0.256118536777176 0.9040171085777964
0.3407165373337626 0.4582475522877473 0.21452029455262167 0.07632658229848543 0.08433758425349336
0.6875411979895594 0.30023362179890356 0.06641008288343664 0.31036572102306315 0.039674757466210187
0.09108026584186157 0.09884812159547374 0.8028541307902054 0.09791260468073393 0.043790773257612825
0.7659707263279644 0.6798052470449325 0.5197262109392347 0.1802635492293121 0.11391199212780168
0.7556337441035303 0.5076160422076096 0.2653336619557428 0.16896221063914718 0.11810625308932832
0.8405561149388225 0.3973139237544254 0.5223116946725338 0.12366865999577159 0.44618414431347686
0.03285374961615484 0.5368993032285908 0.7533523577149851 0.31449430801852984 0.7082426397133658
0.7670806257664856 0.9913568581887322 0.8074726779724514 0.7155978140362281 0.5975579137761486
0.3035547014461847 0.7458348106839102 0.164005165089958 0.9530918245837151 0.3437052756960768
0.4960894566168471 0.3348532989623968 0.5332522057564149 0.7215041859902968 0.17841240602006925
0.18572538974802555 0.5248334690736856 0.3022329893209301 0.9459057939057414 0.1846533653261414
0.7529569222576524 0.5233576570165421 0.17373580156291613 0.07561976424730177 0.9770792114797794
0.2718051839978747 0.021029335945950245 0.0823212450977584 0.8166843380183101 0.8662294495297346
0.42752253265344364 0.957248377202273 0.2920472783032506 0.4354820350312886 0.30789680339472725
0.5827089110611152 0.23518519963218065 0.038085638482652784 0.44796506304087036 0.9059683637251474
0.8714517721650458 0.9860123893261284 0.7747886562887557 0.455127437788833 0.6029655963175623
0.32925654252611014 0.10079545272141921 0.5553514000782055 0.6225828147878305 0.3295916312696804
0.376800339878702 0.6726774092568435 0.4581704258857636 0.5984213803595229 0.43468697958876823
0.8263547389347605 0.8571694717233638 0.4442935036944671 0.6450114791344169 0.3382293795836824
0.8901737605417614 0.8716674589731312 0.4123107385794633 0.2143878095551438 0.1273121914869184
0.887436891059696 0.024752445376149512 0.23212600754535517 0.4207147718466079 0.6274180344527396
0.9899918012869153 0.9597663248324941 0.9113558847211886 0.7923273613262433 0.2039150123593303
0.9695624398556272 0.845598150512655 0.9303375597129199 0.5468832122204862 0.6240768120565714
0.374227855031809 0.060006082393867954 0.40676244542213125 0.9581000031944477 0.18686861104395724
0.5805503340602782 0.592609538563453 0.2897208445891595 0.012074563207696398 0.5367792012507513
0.11713780000378093 0.3109898820897533 0.41503407242190293 0.8153420695324517 0.4193760295041826
0.6304230182505616 0.15864894321875178 0.6081836496883875 0.22380341564900197 0.004671685868788966
0.8354191007488836 0.3883227464106407 0.3953688924180001 0.2468786117035794 0.6587242189602618
0.23753970973501704 0.6814640035456428 0.059654493070520176 0.32531403384979796 0.9122074033404856
0.6405592937481912 0.18004800498893592 0.8580601127349996 0.6316878861762719 0.8766862379640512
0.3095637935929586 0.4626729346156586 0.04512605022295313 0.4519316429740089 0.21951311972319787
0.6396684573096416 0.4717206029716713 0.5182722652741668 0.2919057899623787 0.6140877688039167
0.6178003240508857 0.5787754207087339 0.7034405490851098 0.308589086166554 0.08113197187872889
0.3490684088748248 0.7241426973263525 0.8978090665795138 0.1502971541504874 0.8779709723969887
0.3026813041773496 0.3534201245478248 0.42517075776254 0.6762361501741239 0.5377611821250843
0.5108537957091034 0.49659187567031204 0.07033550281229628 0.6694466192292562 0.7500251285875064
0.01433900324309545 0.9519903909617026 0.5147029098876004 0.7125570380623752 0.38997309847297834
0.9082216134227721 0.46434488135076746 0.9987831400442798 0.5493429302774111 0.42903367257831826
0.009404613748630775 0.1517609414274389 0.3581863641878824 0.11342887613386021 0.8710781114902645
0.9337488877840788 0.6807081389710403 0.6530885009001727 0.8493152181585748 0.7144782039537728
0.40997773564524753 0.43800867453472425 0.43627457098381284 0.07383199417937547 0.922625985499051
0.13022573169602736 0.538453368469276 0.9981284948458996 0.11437529481174757 0.175744405813422
0.20881873517755356 0.15387180357882924 0.9964574341211497 0.04562351060101211 0.8007311454507591
0.44858212480599713 0.2797916595884047 0.5110879981384494 0.04729363624740979 0.0931050009143527
0.4447700626526141 0.6544565210150335 0.10643165275277677 0.639312804171453 0.8396634123536931
0.949876130780694 0.7507102777208389 0.8372074638673398 0.37552436889973095 0.5287084022057291
0.8996565683893221 0.09507404037817069 0.9401607985795211 0.9240524360244493 0.6370519323456023
0.25720498675401315 0.008662639743367118 0.6000786511202018 0.6011773840292617 0.5312512804135725
0.6772177327847044 0.17038192486890313 0.8143592088331224 0.8876230738527329 0.7648163007570117
0.5378396397025745 0.7036410699753995 0.10237492175253793 0.40906750853126905 0.16354569240571648
0.5747345461130059 0.6326332194633438 0.719571066077772 0.5087543893502856 0.3068503561274555
0.5419573603885933 0.4548372115483824 0.2219937068713379 0.8231831497346026 0.2536287474860407
0.9942068213098165 0.6176708768705015 0.8480077204947862 0.9515725541229874 0.6127393820101114
0.15085793078847765 0.6046761587440477 0.9736347312671566 0.010353564322261644 0.4353750778198391
0.9990812102478538 0.7865577040328915 0.6579158148985796 0.2517137504144632 0.25931108510149237
0.293278645206835 0.24585039847665202 0.938454147223786 0.739554565948052 0.18247786123807597
0.6452625576882303 0.360783857342329 0.8499150460477987 0.5225700018565994 0.6000951691346201
0.8429172689933616 0.7953705679699201 0.20709748408778372 0.7494492417764963 0.1862721342728495
0.8225555124770623 0.9941028226846647 0.1975055285736853 0.5603947503360635 0.5073398554782483
0.665750815392613 0.5706833434837436 0.25658170653900636 0.7721882240577141 0.19010192688052086
0.1936048802807867 0.2539867619061408 0.49161785897623456 0.7263146814732363 0.13459279330691654
0.5679209613173358 0.9194295350644514 0.9670405323157774 0.7227926444888634 0.4584580037962215
0.08644118203946194 0.050007238117656616 0.871093101739073 0.9017970232761029 0.09918559065213772
0.8789516406410752 0.9847180967936613 0.09132069314641955 0.515528215212336 0.2803521536186886
0.7132555910873029 0.2467173492410909 0.9685718382554858 0.1318994985288 0.39431922388399776
0.26946962173821587 0.49310321525572853 0.7971540613983417 0.864536226560334 0.9951248494643447
0.8976868349522448 0.7483618212313831 0.8424199390508913 0.9869565702674561 0.6514876432337009
0.571518407436123 0.38163506617450527 0.7365510606281442 0.22201669125588275 0.2077986950479357
0.8751632160789531 0.3014194277310551 0.10637468979417875 0.7185403496790106 0.7904737245141179
0.17266911791237005 0.3797462003607197 0.4970183211067626 0.4141696610367178 0.3911047342283166
0.224237711643558 0.2042114761826882 0.4250343046800801 0.3036792600244993 0.04468543388731028
0.19301027878426147 0.03986111513036861 0.14582787900624117 0.34922531339246154 0.9856899415249774
0.9151087099228054 0.37330061636091094 0.43727618890283926 0.6734173203181886 0.03587732758130857
0.26729953333229506 0.13447638743747126 0.6565264491824379 0.46011111943407823 0.6601278464249197
0.03430198370840398 0.6465408144499833 0.43208837116846177 0.38487520846798706 0.4692822300687731
0.5645076810406148 0.9155972729301488 0.14142701164984162 0.3857048474665563 0.5929885755370534
0.022750639997284994 0.3762062963346109 0.7478641194321355 0.48270468638120323 0.18370706115521784
0.20322558397079915 0.4999045052295944 0.8896154105377821 0.3696446144925145 0.3732239157395215
0.7450099023065384 0.8925281489268757 0.09457527721615411 0.1523907403234862 0.278349556158792
0.3323266934900043 0.8868766359290896 0.7982392769690487 0.2838093237910887 0.6510812670861389
0.391229061647859 0.608302443426222 0.9792506828520715 0.38690765448821196 0.7972439096411851
0.6878478653577972 0.38057989960742866 0.4181613491792602 0.9139146277581159 0.631134064655274
0.5393933238673778 0.2517271166370295 0.49593655937980696 0.9295746676651019 0.4018788143948203
0.49584108572755026 0.6127944159761191 0.9473669777451625 0.995114495136041 0.07340559334910879
0.2595691055600329 0.83270125316259 0.14717696494496602 0.4259555145534891 0.9529532017287453
0.24331905501988937 0.11044160048792173 0.13486123966942865 0.51881401792131 0.7630074479833209
0.8661414177500173 0.8925941974525473 0.7473151559803735 0.3702006980281306 0.8046010770847317
0.27602931210257153 0.6286756012519975 0.9878447076990866 0.2610496625319433 0.7330696475019126
0.5443481579721533 0.8056434571404814 0.15185586312094645 0.6117413969800698 0.044061986369346995
0.8071771909538616 0.19550930673622902 0.031400011617339074 0.06980674889785687 0.7553937036703171
0.859093429576486 0.6025189118848561 0.054977275134645676 0.3704647739561119 0.5946454795676701
0.682162501668538 0.25677816305360257 0.41276931070866607 0.6406445483104979 0.07481349933243853
0.2574506521821076 0.6490925299142055 0.5071063428724125 0.2491954013195814 0.0373112884671859
0.14802631487824325 0.5300678775044081 0.6261517674469401 0.7390352342584289 0.8764669328180029
0.6684739200039131 0.10942925728169661 0.5564256688778771 0.4767123653262564 0.40519445453147307
0.37339078844328466 0.12320764101420101 0.1173017048453 0.283982107622888 0.5197088048147587
0.30168638673633297 0.19337842338898403 0.13351438901391843 0.7143853484057908 0.21207110017183084
0.5977592585701925 0.17571721945586494 0.8439617331498036 0.6945135925750727 0.9072582779107452
0.8695539500907737 0.046085211617810984 0.5216068198438043 0.149248643058004 0.11365825838777854
0.09561685704211154 0.42635403604176647 0.890321994753586 0.18994824873389726 0.31330253579508693
0.12857380463493495 0.9165549525782469 0.5655504148355899 0.8371516580403738 0.9979085107592242
0.7108969089162301 0.10917741025507555 0.8271015309063119 0.11473712324212415 0.15939935256687154
0.09926906329412577 0.8369161570833595 0.6496104762623083 0.25898597174170956 0.5867907203088821
0.5894283502777152 0.14906477307303712 0.8294500490205942 0.17070471319771452 0.5884131602418021
0.5187309119629968 0.8979164483688294 0.6432962129926574 0.2601799825853579 0.9736797990313618
0.8853593619049724 0.08276113793203388 0.14553826845306783 0.9291859359924033 0.1729905078470192
0.26339631551707765 0.5636298587925733 0.9520293020143257 0.2325983081738382 0.2542143571269745
0.6428979570551114 0.013964737770098878 0.19802930634861926 0.3983781320934242 0.7971879741825495
0.8312438932429392 0.0909045717273147 0.10371292197539217 0.8023547392817103 0.7807775781386018
0.33338196266966214 0.9686212437970834 0.8438659332184315 0.917426377472093 0.4028830289623033
0.2989526026548338 0.6183110312980119 0.046259844946862305 0.8274091024599535 0.6794432179171871
0.8009526409585294 0.000735571302761473 0.07791832408067467 0.449858049826131 0.8896898108806919
0.18789927947791563 0.7759723464450582 0.32196693179189795 0.9762308838987848 0.5658929627451541
0.8222460354051683 0.6449054237129366 0.09068659429636361 0.8773838772650145 0.6975646872647931
0.383007520757363 0.259591692186091 0.40054144409375625 0.5267664959864199 0.21513075247740787
0.019028735981214462 0.37081371672995167 0.3379949451674529 0.536007504809844 0.34005445849543925
0.6921891180319375 0.3861786454966122 0.8724210872529856 0.7020109417400158 0.9107915201532105
0.44766581132694716 0.3533047452767263 0.5677858257095331 0.8222693385487582 0.288978252525952
0.907461428004774 0.4857958701417382 0.7605976172490935 0.6743085601964703 0.5940672733654208
0.38829066262642487 0.4973360320213345 0.5447327352692724 0.808287683001834 0.37186561569056364
0.6339397434894901 0.8824520589016196 0.539838418294626 0.33703129356513284 0.6327586290689351
0.35465353810066313 0.7056558827036078 0.4206469083093294 0.7899514981508057 0.12164055410131047
0.16772948296548007 0.5661824198787867 0.5132531265345442 0.9308563150462444 0.9461105092453471
0.3304674456930389 0.24545149345330053 0.1209479493669805 0.40268793428894967 0.7582726130308759
0.4861633121207266 0.5404461225092067 0.3433069813442746 0.5173196895801078 0.49042030845498374
0.7663222867696448 0.36160617025210295 0.27318211368895884 0.3206732252773332 0.6362721914151701
0.013247581226806693 0.644279098477731 0.09969226706447276 0.39864998549851527 0.24865343733595224
0.2313996611594129 0.027249600346325176 0.34455306777565087 0.05039667512109369 0.032956334879809646
0.005098045950936325 0.17204643250276075 0.1616659354034078 0.8357584596719004 0.8130513467968377
0.8114086578544395 0.6055300925277646 0.7307118170871175 0.18802203170935627 0.3634526584521177
0.9569782696291634 0.04649180249571605 0.329733539062089 0.19761967503123623 0.7174056308772533
0.190195526224762 0.8712885088816824 0.9318424871807711 0.732854281390954 0.40573648492662373
0.6902652253823381 0.9366691115837367 0.41932874170019696 0.8235109334633706 0.5800816184817883
0.9610957064342531 0.8099137213138206 0.9941171630318627 0.7704369947068253 0.7285050876106767
0.2521311250111028 0.19018467164432495 0.29667090148130415 0.3261417589477923 0.6459654339178567
0.48602418037655293 0.7601791947671421 0.539963450839345 0.5661432802953259 0.18006293468040302
0.6666454448866647 0.728790983304714 0.2706749339140264 0.3241185225132953 0.32260463390331706
0.3996456682131274 0.39910766909376505 0.9507102488902379 0.2680298126668661 0.25605503996677315
0.21414110317150525 0.1885110818451663 0.1441043522130837 0.7351007365439698 0.6813193977275094
0.05513314675484993 0.899774353970362 0.5579871408096382 0.011628521654238666 0.5190228021721576
0.6061563532858567 0.44501546834543027 0.5614590851209621 0.6757872261437122 0.11883205663254981
0.35095868460985125 0.4852712315246783 0.10980404684255163 0.7543023880058164 0.8186374557546469
0.4893912976930469 0.6249691570782745 0.6571001233726466 0.033595459833786645 0.9936810659568143
0.5009679429256488 0.37295081328795365 0.7101687125891664 0.448820852690744 0.4537967305754754
0.30417076616387506 0.9007317671902897 0.2999401697749817 0.3597152614422764 0.49590477116994536
0.3144203472836903 0.8393758892610235 0.1342693533237096 0.08517041841765982 0.1547220726406091
0.8998243365355918 0.7687573127381904 0.8940565656088588 0.7739215256881862 0.6341014189716744
0.9160712385603094 0.03189523884728973 0.9308320046092801 0.23806184215227866 0.21356986163741465
0.7776481742127254 0.48043099931851974 0.47916807641140213 0.539899075457933 0.2305095450788055
0.617456612022695 0.8805421046738484 0.13680612553154448 0.9757567281662763 0.27591701951496195
0.23768766379168627 0.6245127560773835 0.10271493211587102 0.7437816943038733 0.5179445240623494
0.4828168918998397 0.9401083810318337 0.6367849612808233 0.22486831045255573 0.36014300025211665
0.18494017801730966 0.21258364151707532 0.05308646318531607 0.06456277955614853 0.47050480264925365
0.34544570435997546 0.6668950347329949 0.2823500873882031 0.5013292396405019 0.24314630173199836
0.5814118209993255 0.2383945413228249 0.3282533838412549 0.3618364387980231 0.8520037464061234
0.4949434352363127 0.4763091603885098 0.31840846166157255 0.8699593826580121 0.15262633312361307
0.4341273287791616 0.6202463631855832 0.22620222792520783 0.18427263018400053 0.3216402958900014
0.5102451019490225 0.5161978601044283 0.16576381798226025 0.08506407888526502 0.9190372209370825
0.07084690420622775 0.4035347643888756 0.29294840605811523 0.12469863910551515 0.06834426544061711
0.25897959452202135 0.38448854196840476 0.5283554630117163 0.7011219610566363 0.1468103618250476
0.9746286002934396 0.7490022544572512 0.6168676543073219 0.8923445371711657 0.8788722339617697
0.9197150363338094 0.017884026140038145 0.32090199592359514 0.15858526167800457 0.7659945471294106
0.8612583553178016 0.4476262385377112 0.4439755551203223 0.08370820821373082 0.6844112887372548
0.7690533205803937 0.3632088597813089 0.29552336232340315 0.7019258488306507 0.5955066790342044
0.34828452709556323 0.39703133742172947 0.8954488579041853 0.9422961401264845 0.16081126845378546
0.3520112349434523 0.8281870777586414 0.6212495371943687 0.9657651098624916 0.6732832082110002
0.9317674180943052 0.4835453973518383 0.9280784753905754 0.3255109673099529 0.41285332006560393
0.2592330766544495 0.3793709967819133 0.5493058684687991 0.9305361286777352 0.8104567825650711
0.5790632657934675 0.6463784722754287 0.8134705484587426 0.6724061377812375 0.1051123255042089
0.9717121858530304 0.5969495764752671 0.43442832760735606 0.4447869970230752 0.19797152653068728
0.9748840984111622 0.568513687703224 0.8892546396729792 0.9485962018029924 0.4842368182557487
0.8424505405622298 0.7217539102181781 0.5513828073106377 0.8011724158245509 0.06636179455360447
0.46207911849680794 0.6336946898181506 0.9084849495265752 0.6765509719259135 0.09072442778346523
0.4888440432693455 0.23044358655111596 0.12188125725183052 0.427334086558967 0.7431334370298388
0.13816666142267564 0.41714762291508 0.6871095036615779 0.37973101791293884 0.5727984177005018
0.025380591080099046 0.6129643521248624 0.340673291841593 0.8557044493759535 0.03669326744708934
0.40656753336262885 0.39263238793389266 0.035316699371354066 0.7696817202619229 0.0223803281046161
0.5234916524668697 0.7662876792637677 0.5808623498404586 0.15539570106723455 0.5624356092874699
0.14211262725527385 0.8583453921001181 0.551864409964985 0.1832967540777094 0.03491961647679598
0.6270682962579688 0.09697254406015776 0.060485810311433075 0.5952117512029095 0.07409012171596208
0.25537807409666236 0.3490919949894553 0.8000653990815327 0.47977247087879116 0.5402923584284528
0.19355213473213295 0.12449019464727828 0.08250593664705042 0.8760622340728794 0.5664183689751932
0.7550402111218102 0.41290711763605226 0.28832659119015336 0.7450291516287764 0.5376243898568625
0.05467602811633587 0.7835765393395362 0.0431665377936018 0.8706414308752017 0.46544745589470216
0.8048486322884888 0.6967340851685697 0.7142597370840919 0.8144769354525107 0.17606432199372213
0.19790916847030238 0.014777506997256773 0.25604762208128795 0.08226827561470762 0.8698310545435805
0.5826646177015178 0.3532823292237445 0.6394109555359621 0.8923240074165406 0.7986972991288929
0.31386398768371315 0.495587279296246 0.7990615178957304 0.9367269741023795 0.1177981168623905
0.6248963534105685 0.4051277505369405 0.8486970918170271 0.09392242241824356 0.4074070079657456
0.5076948671423985 0.6054897853664556 0.46860450571742474 0.4643293078968067 0.11318450970375105
0.23234595928524082 0.8852688303767285 0.948953594626675 0.8187712509896017 0.4599763595546539
0.32235907220948035 0.13140511457022386 0.2007429774540752 0.15046896289966682 0.5100378528035838
0.9853020355231176 0.5797270976770512 0.7859213744774635 0.10428965186575423 0.18722612653996284
0.14360179720095823 0.31077257586686735 0.07665382529518905 0.5319469721194012 0.5206754053949458
0.15380113518072314 0.21014644052481835 0.655527332856496 0.7731949194030359 0.5483676187196791
0.9532963861979792 0.06694185018668541 0.7240869477118363 0.04532487873501745 0.2727710095139445
0.12520184363955766 0.8870683587179978 0.9214530109471141 0.23302710646511726 0.2450692772595333
0.18038391215843064 0.08867374232458336 0.31848830735390543 0.6931037830761738 0.5642194308875644
0.09491930048813568 0.3948429010080041 0.2778541388589567 0.9280991801416084 0.8848091763652717
0.5477727674226301 0.5766283956461773 0.3195327849570426 0.4662684487677923 0.6928018273856696
0.42115244436447796 0.43067826306193746 0.5424183535437204 0.7228644096814238 0.858101184192878
0.8758847119477265 0.7469982188962803 0.2144349550544764 0.04291053588249072 0.7977975856659965
0.5201981380255661 0.44224266327120876 0.5896547689441094 0.9448163242259264 0.5196674617281716
0.45171805539324583 0.609184586378759 0.8198985880933808 0.925124910670441 0.08780130855023227
0.2703299064388939 0.8511171238927903 0.8019342797424163 0.24579814612040352 0.604437593868887
0.9465015699474599 0.5010253155246494 0.5475654903863544 0.13061536546739516 0.07051905360032673
0.6590127324491147 0.5670704459689903 0.5140221418933678 0.513494056795338 0.3036455531108273
0.9260106571364611 0.05461818898917503 0.4273285655989775 0.38105236195564685 0.13055691060217
0.6413606476334575 0.26255504596905077 0.8165645299758035 0.8873705176054852 0.40644981413881187
0.8986052585226347 0.2955369995169195 0.2545032236053063 0.5190274977495898 0.525352612515511
0.8518657268483525 0.2326167135562055 0.1416840083021388 0.13481772184384522 0.5167604777888878
0.571799318132924 0.6920944189814454 0.8255171895129705 0.345399277054975 0.06883698832615237
0.2343170878824108 0.40049053693415515 0.701212172198291 0.05036000605255675 0.1911281592535461
0.453875525102427 0.6619965581874762 0.9685067213566952 0.9966967709490391 0.09509768767218862
0.1596922412063949 0.34432767497686656 0.9165303067016894 0.08118767993373044 0.9601536981226771
0.001815170440111924 0.4381661486366414 0.8155204593169717 0.9195484153948448 0.2987981796034559
0.4944393939454613 0.9975978104238457 0.165967255611582 0.6312837174760492 0.5574918886269273
0.9561022245822856 0.8126370354660958 0.46967487761592286 0.03899277629910136 0.3891860487544072
0.46945300548122115 0.9497530487468386 0.7190184359747572 0.33983014667372546 0.3863785520609232
0.16711732313298888 0.11282708709926104 0.548282374074159 0.6463346385126801 0.24569916151771942
0.10650396076925084 0.5249052538696202 0.941795780971298 0.8721989680873592 0.6639081562687178
0.4074928892132307 0.75695259290434 0.8899947260558323 0.07731105176276454 0.9944931833919743
0.5255072016607962 0.20271755975395944 0.06918288725575839 0.5138492646220705 0.8723051533192475
0.26293282667373996 0.6816985092274448 0.45806307908777444 0.27162525679701244 0.05950894425617925
0.22640642176077175 0.11184302393272472 0.7746348293479116 0.04996312345952347 0.6572391989689396
0.23088980326267927 0.8629014964573223 0.3349513755956084 0.17188416981182109 0.6653190497882772
0.9324303712791732 0.11312776121478507 0.826484838805589 0.5905311515474297 0.14188498416778816
0.224327949090674 0.46843882613438725 0.8874464634710324 0.28985426620183685 0.6208821188007484
0.7110113207934763 0.2545658751567821 0.549278377708192 0.400965587326666 0.8254312947883283
0.8302516826421361 0.983390090570929 0.6136671811609457 0.7110842760465194 0.23789555730873324
0.4752350476320293 0.6787400595673035 0.20437111414575682 0.41690183153986216 0.9420233203735077
0.46944988090137485 0.2592875740158672 0.429645111512435 0.22520464374743077 0.21619525819811458
0.9485948830795773 0.7208542720993136 0.5322896526576734 0.3641795080836101 0.06296583577296133
0.48069788684384296 0.36050823159638756 0.03979918343389255 0.9651068047885794 0.29391697655721394
0.3310046554383591 0.3930857141347657 0.48531338125422474 0.9480548434985508 0.15831758871336366
0.350154805182035 0.16536219414713693 0.9322140104651981 0.18287832278216243 0.0970602741272163
0.5634558328075964 0.5876777006554577 0.4573894880713849 0.02529910819702741 0.5480969841793587
0.007514661194490957 0.005061360584265984 0.8616220030079548 0.22058831596225015 0.6415863399183945
0.32623164240631686 0.8239744594708039 0.9220469401654369 0.8237815513882074 0.3222304385943565
0.33703156935897394 0.5481028534031263 0.060531065647813076 0.44067246337423127 0.514138297680364
0.21464177412902152 0.5173860264043821 0.34952017936291047 0.2503549728713724 0.9383186521382022
0.05654927568227264 0.8394255898840792 0.5702156583668869 0.5073580941480016 0.3712102650233804
0.4943083692725482 0.17966966990973965 0.28961903442399894 0.4955298453631011 0.3161875467312718
0.6368994661056272 0.13401796122690912 0.4932913457205619 0.10086329697186602 0.16765146905040063
0.9444824277440748 0.4182794179290179 0.6727484178317558 0.8113336080723637 0.8624463101695766
0.5878808373009885 0.8378685955207262 0.22431016558807004 0.5524891238331082 0.36624815823632595
0.5695360612338888 0.7065361536403603 0.9680716066259774 0.7522964944709916 0.6255577230357423
0.44795774208261463 0.7222455540131126 0.6739529042825461 0.29271285390885526 0.013843585285516102
0.33864371014657335 0.19562516359278992 0.11420516892584653 0.7813505101062732 0.4155123685890355
0.5143896504650982 0.06117144829896237 0.6818943523281463 0.24964909696430193 0.42013011554270885
0.9087386106202808 0.34054403797816324 0.9032644112413565 0.02736776162042609 0.04468352510721929
0.2457826671526303 0.5697746636219861 0.12027475635475071 0.9210061133496422 0.4539601815325466
0.5780092182291237 0.9193143633928277 0.6666483582134516 0.3292335618479102 0.7145098214000021
0.17591268835037766 0.3700284895134557 0.3342297767944552 0.39542782311909475 0.43390851768632577
0.3435859325808681 0.4769710422723892 0.7244550235394259 0.14026516830674496 0.7861223654696792
0.25332359274889515 0.1959941502753716 0.14478730942758622 0.7548876752815968 0.8829865888306079
0.4051503122756086 0.9060131753088047 0.6459306340126822 0.48596915716154854 0.36407597778006695
0.2144669847991425 0.29659517292678805 0.2165291109895957 0.3595594065188664 0.5909044462014794
0.8751954911934821 0.08078159962501053 0.422808692107973 0.7210146874031734 0.31266878062592274
0.6719625010690284 0.6097509017509113 0.7831051762066192 0.16063410343348783 0.342183206144146
0.21536220355497926 0.7583124291576638 0.2027941155990154 0.8142365510736694 0.47562521446067574
0.16663454468616345 0.43995740322153 0.6731935128981325 0.9532248570297043 0.8653946703512305
0.13683863467818314 0.9255585927251009 0.3257038391229443 0.5322993873745168 0.07312161550392826
0.8315025864226682 0.9563979933950758 0.37759289694856946 0.0268700509488341 0.6842024293212251
0.6045449547227598 0.8194369115291621 0.9123378650505126 0.3003602918233883 0.4196349061017106
0.38606933028668766 0.5075038698084153 0.28869542074426957 0.6761767490429399 0.32238838438252304
0.8304618833837442 0.08117544945992361 0.4963713048203764 0.31344830579337946 0.3764445740533452
0.8890101172369113 0.1470002342352703 0.869370270086685 0.016156274602119658 0.3687910707683947
0.3167714983935509 0.8666197766974216 0.2813339457638935 0.391897365115884 0.037819793104819865
0.8563291771472864 0.2595123111587275 0.4947300729289509 0.42396958408482455 0.11797488885291252
0.9789506775977427 0.2780773805757557 0.4423240050584989 0.16193792015664965 0.40616375037588504
0.6575211051956386 0.22202096653886316 0.36780059327406034 0.24372520375071127 0.10503699555385271
0.8953707501335781 0.0956264961546921 0.8114566758559837 0.38790849930496074 0.03380177694175246
0.5271440872748898 0.9479197838503298 0.37839959097751785 0.629430827375725 0.5522742320021039
0.1832552601926677 0.4961940293307847 0.7599458355967632 0.30530322409119814 0.8074924715840043
0.5316606222017332 0.47300204236492494 0.5395840195894738 0.09003000504944447 0.7221371572654806
0.09925085426174596 0.38849855757536556 0.06026640958714191 0.332995802689545 0.3463987323199711
0.30432283872713684 0.857008182336755 0.5423296355875679 0.15693679602533184 0.08609691599469993
0.13726063626553597 0.21773544621021534 0.9818845371655507 0.7961149295253397 0.7242309745637606
0.6845850034783997 0.5136995423379423 0.16559626894932022 0.20102134969603735 0.9860160496393537
0.41750430388237114 0.4787023967091725 0.589018788360233 0.6415586081300811 0.023764346736205977
0.7340457784162241 0.42884282236833615 0.6804041485288977 0.05371699743482272 0.014958990375984804
0.8829713127431993 0.4405341556867134 0.7753123616854594 0.9300937211111927 0.2979451072158672
0.8786082359445875 0.48595715377515525 0.06989643237828091 0.44355012234525915 0.8161297757839882
0.9924670993806939 0.8700277453284054 0.07308160016921006 0.8295160868285376 0.659236818253329
0.3853605876070195 0.6184788623385402 0.6801080278580666 0.4814421251295038 0.2658146695296104
0.45142676077246235 0.5148762075672909 0.9429090722599731 0.9323937394336368 0.22005349414178343
0.8178203027229666 0.3958474923752706 0.5210935331555315 0.9740413388480099 0.8488506008487461
0.7463938495543004 0.14411414206196727 0.19244380913600423 0.8494712205777365 0.2314218524627507
0.5022392570928518 0.3423919277396408 0.9801540794139232 0.10671658860796096 0.5254469328655926
0.40949980443225575 0.015212072954916112 0.11796399695623605 0.4449903553417961 0.14611818541155785
0.6647990093410301 0.6356679446100635 0.5140797941477917 0.4243577401461677 0.35040250853275556
0.8139551168476211 0.9102015399916483 0.9109837110625267 0.9923182265062185 0.9541890855355347
0.22515201204146396 0.4689048604657472 0.809198137195075 0.7506579815048265 0.04869753640364749
0.5196751786399866 0.9946870977944242 0.3610720695631835 0.29958963202866074 0.052674375403423235
0.9145381499931321 0.4305296710936515 0.6794470842442752 0.9658307371091432 0.6899755139906265
0.9577240049264988 0.7990984949918146 0.7301700744240501 0.02840044897000915 0.7500231157159164
0.11119012064524592 0.5693480372974895 0.3010015920276444 0.1836346610943015 0.9375758978583023
0.3874245428136386 0.8798407733833495 0.5933156185979194 0.4863870546971073 0.9039753185083114
0.4901125274363344 0.7296503990174327 0.09355569627542448 0.08264978738569018 0.014236975067491442
0.6525053709192248 0.9105432598456558 0.6602489666599056 0.5577158519972213 0.036502058653173464
0.7070713818856489 0.037058147811642406 0.32796104717054364 0.5306713005734105 0.8448622474465369
0.940853369076959 0.003831473756854553 0.8733533210038387 0.10346423364343371 0.046349561651945925
0.036357568759150194 0.7781963615051306 0.8734479394882602 0.8488556724019197 0.6442389340213943
0.10637525150543492 0.17613516139223384 0.17700145865050154 0.9188947926441955 0.5874718932708747
0.4353809145118417 0.7544851468628395 0.10576813790264172 0.5873206146351717 0.43114819531308957
0.0007811983116330357 0.4270477078084456 0.9378485488449492 0.2342157864895611 0.8437558752837241
0.6199057748973834 0.4513760383909622 0.32336669493649695 0.026055079027751726 0.7498990883570215
0.5328171426296064 0.0436063899162723 0.28742022882199314 0.3570462903845931 0.31973213854615956
0.10463094932677575 0.17979331628049533 0.7760481869271788 0.34268014361039234 0.07365498450599872
0.45093497870254795 0.23927736567579216 0.7852759584003698 0.7269962859740627 0.5837702432404788
0.21931179337624418 0.0042239632118290515 0.836893439723604 0.03541420952046226 0.6192853806019112
0.12272501120094137 0.9463700625408343 0.11057735921064216 0.3132185598420517 0.585088516592963
0.7302398564906638 0.7945393969321912 0.22655553724500344 0.010791639879864312 0.5426579321510241
0.5413069942704019 0.9001079663433028 0.18258940745106922 0.9317063815844348 0.8195789636006245
0.7288444922921756 0.07729319581641703 0.7363869648115431 0.16375883186032403 0.5058695409157076
0.08577630052939178 0.898448133112163 0.28448140276303535 0.930843408067826 0.35158301627148825
0.2620625158967431 0.8435317836589514 0.6175819688620068 0.9859294591470171 0.9233355967428815
0.0414167050745069 0.3304979068424452 0.7832222406899992 0.3284005141552684 0.10279531456788937
0.7585832117108247 0.4467194568780174 0.13815662476476864 0.9730604851820254 0.7559641905069197
0.9330950683670957 0.3615971448404599 0.08789618634345508 0.41703698327212846 0.11181236953798468
0.7222789243918094 0.8564458486843599 0.6605569767977 0.5153575973923605 0.7030856547727717
0.6449247943940962 0.8960265374451942 0.475824499667424 0.9885141287056298 0.8269921670891293
0.21428790555106747 0.747275695240393 0.37062451054243006 0.3012762058793782 0.11852340728636868
0.7728730741385964 0.783518936092663 0.4385541640221938 0.11244675098421653 0.5452044659347395
0.45484626408816276 0.13980641535632454 0.15086586125376067 0.005394545092961556 0.9022133245567965
0.8349898393831051 0.6356973783697119 0.3683208014157694 0.3808455513004001 0.41295567686675116
0.31386617222801194 0.8853438987290574 0.3379929909488578 0.8085945315877635 0.7842503784449848
0.831195738836058 0.09004700617771166 0.45561231816201375 0.943280615862893 0.2883852928188618
0.25789100939109344 0.8449254032017643 0.7387636907312848 0.02766767950867055 0.5252777070978845
0.06286746863159598 0.5630415882666053 0.5837205121980474 0.8358223447216585 0.05648173595491024
0.02900958505233786 0.5646105580939449 0.7639534058484287 0.016090480181484512 0.8031838776595958
0.33228944631757407 0.5973960483397023 0.9842336960176015 0.14122015683776568 0.5132993388039526
0.7201741067537704 0.17137615059092337 0.50143804035739 0.6523316974457808 0.1039733244240284
0.18445349037535863 0.8969911044433834 0.3998271921376695 0.05598882181948339 0.9404726995067497
0.747649655732201 0.6980093652891999 0.41934800348587786 0.6706709714445852 0.19425502862179211
0.7259454138544676 0.4979719484083479 0.15662708308768036 0.6286144848440344 0.8617875847369467
0.05418086376712461 0.3548313614134654 0.8336060531268147 0.3755501127340063 0.45011121180165936
0.4935785848073849 0.4239422965733948 0.8078294121659344 0.9376820861118627 0.05492158770293598
0.368389149484317 0.5045723452305746 0.15085111753289315 0.7218702242119851 0.4381642253885133
0.2788965671583511 0.2782204158483249 0.132512387811756 0.779264522486894 0.2949289476689819
0.6714262692459756 0.5456057176684221 0.04637795242340281 0.12592803053952528 0.9393387305717789
0.3871914099759556 0.27490549012385646 0.5523105442992308 0.16659910812113277 0.3480970429455815
0.9184256304664734 0.35289497674888215 0.7532547287247158 0.0437781449348037 0.012355146523974958
0.7596242164375199 0.946558257792921 0.8172176600221689 0.5681301998515529 0.5852770619573723
0.915065988576581 0.5186041775667246 0.6807082811622704 0.7207800010779006 0.3537028156494215
0.8203557990218829 0.42605734996858347 0.16174770013143636 0.968009246659813 0.3056042252305238
0.9790189804876934 0.8312992614193722 0.5617269330011847 0.9524699949467091 0.22373718021656297
0.8939195575386003 0.3606506911519406 0.10503851484183258 0.19988193927448883 0.25698248016404557
0.22906483084586293 0.5550403515111615 0.9627109808326224 0.3629957596435621 0.14789115007794118
0.3975770323103497 0.0028846806639387657 0.32359398247369253 0.024749019016143237 0.9339412335637078
0.10319513567346106 0.12431600405538423 0.718474873765316 0.2729011290466916 0.17468422180301335
0.9355907096030267 0.9284367827563917 0.6828906325690745 0.9806732115339887 0.4449079520022142
0.9358025021671196 0.872289008342522 0.8211083095687932 0.7781163702198843 0.2074400643514429
0.7812479683573665 0.6874148191571049 0.5297855521514223 0.46055586936687776 0.4687922169822868
0.18149948694679008 0.037092121651269516 0.2740997073035192 0.29881203609655116 0.4157033589602097
0.3466922898700693 0.9048601367278618 0.22751121232516447 0.5225786305833944 0.7672010175346092
0.4025876778675008 0.8187914279983256 0.5091434579995525 0.743866804151293 0.3246509338607231
0.42716660494744274 0.15016082396071273 0.4580315430438183 0.1444090972443236 0.3857211510978561
0.7542282210870591 0.5438169525622154 0.6182314495249358 0.007826295060285537 0.5766344986646871
0.6905814135490277 0.4618156256001048 0.47407288569981476 0.505996235571463 0.8022843166567988
0.8470030641032407 0.37801540848452275 0.09479484510047098 0.33071211596288685 0.5910421456867603
0.7275936295587041 0.6509435125696955 0.06185206727490411 0.3453212369807359 0.6205359539081594
0.7550050230265328 0.2226042010301751 0.06186237396276262 0.708863438761165 0.6616338002857252
0.5085803208311511 0.8747065148093189 0.9878827057709089 0.8466176924547442 0.5906841046646734
0.8878285014928903 0.3669720208717243 0.4631517350238099 0.6113173182122117 0.9256137664623558
0.16614263713530142 0.7474877959366875 0.19181485089484074 0.4009105172316766 0.8116108314894463
0.8276631714012438 0.9969749395701798 0.28321893060540526 0.9269883622761048 0.3321105599339855
0.8647355010683111 0.5168964581408366 0.24292864464619746 0.8040206785381235 0.7929617698108339
0.17525786894414463 0.010421693935505627 0.2669631047061509 0.40190157118365555 0.8858835914203512
0.2731216061914159 0.08062847465981571 0.041192206021752886 0.3514117565814898 0.32046171690704583
0.5794194086100143 0.22462332643523986 0.3512105171921799 0.729885517432171 0.9331042626288937
0.8588631280032439 0.3655546344475571 0.5159404607833289 0.7101003460610756 0.41179494994522536
0.47422148021041866 0.5642444070233571 0.1410806217871 0.28983433167594597 0.8455012063503922
0.42267334672658574 0.4408855030034424 0.5927301613436029 0.833137532566988 0.8366653943879852
0.10915662315954267 0.9022278428551195 0.8736939585669079 0.38552080125672394 0.8429316030354165
0.8284943720016492 0.8420430751069561 0.8904716915318736 0.5211759185962375 0.23566855538291254
0.41492918735374473 0.3513793061765227 0.2493736040263036 0.7214399171135568 0.12240268357280504
0.280427510790232 0.5958807996633255 0.8576001536121852 0.33602231943010497 0.8573122132946112
0.33606695892688654 0.30142190373596633 0.5326842692933027 0.6999254896594163 0.9682658021931005
0.9018415394073568 0.0835144268648591 0.26489048629073075 0.539456862858573 0.5111099973270641
0.4397090695637945 0.21003184588838597 0.9257547300902209 0.5213006762466686 0.444921051465033
0.980224530941554 0.7243962884385458 0.31692412689112304 0.9402080460904516 0.18495954256495017
0.23312020433270264 0.8676317230718912 0.07690321635170771 0.9871972331856579 0.2776863261794692
0.6648105132621347 0.5360631935031964 0.009087629105338113 0.8721621025768322 0.14627502523600788
0.7986139383448871 0.7526413190439261 0.4855106007280633 0.5304132041668181 0.5377651999605864
0.23170166087444743 0.22009769607086005 0.23603863280865023 0.8298247803668878 0.6447771313342655
0.8426959268516647 0.5774976519728491 0.4132573729435626 0.7351156684302346 0.010742847448532378
0.4143877808149129 0.1276641804161186 0.210413900149243 0.029470400875612923 0.5150637992472904
0.6474581399641443 0.5370685592580395 0.07238822444834425 0.059003255690522005 0.22614191257178484
0.7334027457538769 0.7874838968970073 0.7542053333728794 0.30447176328261916 0.7989773893260835
0.6905419176968343 0.5638219551399971 0.9074314756853222 0.48944975185996964 0.014312383907760684
0.8747696586079863 0.7333886862363304 0.838641721503219 0.31816233752455536 0.536276231172947
0.5392669857300202 0.32340358391640667 0.33089368911495654 0.6102103448689163 0.9428480134059447
0.2532275417672426 0.5436576221357543 0.28725105550022145 0.3226832187349943 0.8486624709498285
0.09135127267266718 0.14306651638155898 0.8422682492676093 0.22637327665283258 0.12845681904594286
0.045115126070552125 0.603149389457353 0.09678332904373099 0.6808487261716022 0.31595472738672115
0.08242632383337078 0.7858238514172129 0.01647811842443725 0.9840238189623816 0.17687203072269586
0.43158295320413587 0.709810255522709 0.2511418208520704 0.4581037780206393 0.018080382789171456
0.07895516108491285 0.995714805473075 0.4613695355021715 0.8286137871167578 0.12071746412056061
0.4919805648895238 0.4636820499003391 0.49380449217433386 0.23677667066279062 0.8028862395539459
0.4911545204878479 0.7426778376361088 0.4379069838401367 0.506922777852566 0.9095943627588481
0.2687765431798719 0.7237817116983326 0.19929018578985214 0.21008362546424741 0.1529067878618432
0.9959966853880252 0.8087192768088879 0.14674439205482037 0.8044646364919184 0.4862734473372995
0.39265069425985066 0.7553824443756426 0.7860103072323384 0.32405918329734196 0.853374469530944
0.9901222419825803 0.4758902353489518 0.34198440039691935 0.3971406871152142 0.17490725917570848
0.08925508231404522 0.23200218313035748 0.7899076619133427 0.4360737440566499 0.4989627668688057
0.4395967183701083 0.6592137254436277 0.9929009293515116 0.22427765331379945 0.5145806161976823
0.8017602971412704 0.40505091972107 0.8518561416249545 0.8148835125872403 0.1156497857020552
0.5524262755230447 0.03969538985323029 0.8553995907823494 0.28845336744357253 0.2823023110014018
0.09306147591184077 0.981439833524094 0.1485947298978707 0.2109010495866146 0.9894043974149895
0.488451036673904 0.2974808352386813 0.7328403181964347 0.7017353547555136 0.25400557786140676
0.5752295718342428 0.908013959943338 0.8084554644094627 0.2990722514010623 0.7613838202183291
0.325912774875061 0.22312311105179372 0.09778025254602107 0.225807814553021 0.6347702665019366
0.9579368065746864 0.4590203629588826 0.4739968748675113 0.7693135249486414 0.7423591352582056
0.9998833652618122 0.2644658093586304 0.06882247113417428 0.48888126103600715 0.2754987775729546
0.04037041531095742 0.30325187395473396 0.823126947607216 0.30732630637112623 0.057492483544768214
0.27386050533604855 0.783768842308352 0.6932449601923278 0.5562731448120845 0.14082520770875928
0.785034347120538 0.5902460364959264 0.061105471002863676 0.5539377989801568 0.3503482848717181
0.23425053401051343 0.5010216567929533 0.2711351511843979 0.8533690063905185 0.9030631035166975
0.539613688304343 0.5121157602454802 0.5306980113382858 0.5555634932069712 0.9987045218378592
0.9503216000035547 0.35967989588820437 0.8225372556328099 0.46185630740524697 0.8919643974934328
0.31545925181923884 0.12932043352536438 0.8007966482574634 0.27535823486362965 0.17206844623759165
0.1596110502187852 0.7790732872782946 0.3290236430217288 0.016716468741352575 0.3791125016182939
0.7080535558581212 0.29633033109460283 0.0974221195805125 0.9359849095240599 0.9688360280169278
0.12780196971821856 0.12003179864998126 0.9041519615237009 0.9655875258946665 0.3272772618787628
0.2761026776313589 0.2911936568552579 0.3711811463744469 0.7394779179486731 0.611714189929232
0.5721430635215803 0.6515629290708848 0.4481502235734266 0.1890613501961288 0.2105719872508628
0.4816709709627529 0.8204498427566892 0.9124046133658282 0.017764826996241267 0.9510003063418347
0.36155631602239446 0.26183806890881356 0.48868655031529296 0.15503376390737367 0.5251770043939519
0.45438012581964726 0.9384669104935459 0.3137762073017618 0.3508818981075804 0.8151152659169041
0.05964259749486933 0.2831563401075564 0.023003499555352858 0.7511781948225276 0.8244431487456747
0.6359350310933763 0.7694701050640912 0.4241106122593413 0.44557048694534795 0.540084135402565
0.9222119385776733 0.026525238721161748 0.12748301612623858 0.5365903323087492 0.737300439395477
0.3926659505403113 0.5214199349760315 0.29268564824177923 0.5415507211107667 0.39153470975629845
0.34340570006220694 0.755574738049588 0.7670590799123143 0.8505967319605915 0.4138076299800145
0.42664717915188377 0.14628267487116176 0.44896695538123055 0.09106638465741357 0.3515376476158968
0.17694457888895077 0.6008731224019871 0.5315914569661164 0.703550605511382 0.0037557667294657593
0.9944121594785836 0.9777829132271219 0.363440115216058 0.5428268713898192 0.5206731972080647
0.39730554342299684 0.5904957851614339 0.2019878611712309 0.7554218522348836 0.70690075238013
0.9696361697864224 0.25636481020110546 0.7463610579290906 0.28320068952990896 0.8842971199424547
0.34408902162454025 0.7146427348345693 0.9307832419813353 0.3586271080464103 0.5720221754441305
0.5125269156124624 0.07126777834441345 0.4663822563643931 0.8938027706519526 0.558261234351653
0.9307162339380152 0.44183553107245777 0.585142350654865 0.35863591515755755 0.2880865778724121
0.6508356216522763 0.2694809068825552 0.9250089678448153 0.8945500666395476 0.6002470654161972
0.03890520304896461 0.7367951733589098 0.6987705555688588 0.777895319091132 0.7272236006395127
0.10705384994868317 0.1263979004801874 0.004353998075832366 0.4754015641737276 0.5320468043251542
0.9505044384338114 0.7030623536167188 0.8970957552922467 0.7191758792860319 0.6918794339904434
0.9075872573426808 0.7584202339055452 0.19790943614753886 0.8845926556124206 0.1694829896908877
0.7490496453694427 0.47396399982834625 0.3864348740779706 0.5324104133116537 0.5417434861289856
0.10476859051281473 0.0714944763471429 0.6173012391731404 0.6145958175796727 0.2301837062744535
0.1260268255925867 0.017688721315972877 0.46694056434454345 0.4698950918499385 0.7236652087631118
0.9486394643260996 0.3761458147343383 0.21347461497636921 0.039551148678816817 0.7651292209580974
0.3548093379567764 0.6599843756000708 0.2939643533627657 0.18617561477133138 0.11619717840187183
0.8659898284631821 0.6713271784706759 0.32309097626205674 0.23893978761519263 0.5196705887096023
0.1663167990684824 0.6956001604051291 0.801360857494138 0.06935658578665715 0.7201253998151251
0.08478271738288523 0.045956008944523674 0.4752146542467326 0.1139342505928097 0.26177476961614343
0.751455190702257 0.5774532799919035 0.7322159663701348 0.8551028359710713 0.6221228515315597
0.012461751610520322 0.18784598660042218 0.6795893236304912 0.16170950985669652 0.11035131210966798
0.34601760837934425 0.5006232361522988 0.6553265965434892 0.9884071645605501 0.38751804808767
0.23678222066402077 0.9517308240636339 0.014431362885249488 0.8361324123605316 0.04132513399034621
0.14711633574172556 0.9573444184880512 0.5162325954821675 0.9185318365513914 0.9680778876106454
0.3111753450666124 0.4708575765998796 0.3961016747160333 0.8388723893858397 0.3548122809197024
0.6457648120717244 0.49476108437247046 0.8450587772365551 0.102121281181621 0.7945219467368094
0.451788640325144 0.2631378085074928 0.5558742635590855 0.17710040142897954 0.5556406024853775
0.5967020298775337 0.6028381899238018 0.41130433659372034 0.5811374233967106 0.37622151080744415
0.2854354667320679 0.3655247433134806 0.6536813152886711 0.7610929865930062 0.8822405396899431
0.7344489616830795 0.39900891820275985 0.24684154657580148 0.5423571172379905 0.17792005078340367
0.8879585769055452 0.6680274956398078 0.1510314262882566 0.7621830881770381 0.521627458019558
0.6494622975069327 0.20574865691388422 0.5894824392098972 0.3648900897183043 0.5424358233347225
0.028589907740278697 0.02208344589179212 0.13465003660108954 0.6765845594606164 0.04189894550768447
0.8356308021967228 0.9194421312665642 0.7047973063109433 0.16432665511817146 0.04159872454699798
0.10759376617432281 0.6462978963945556 0.9640629527183807 0.1536571341212959 0.38456901706455726
0.5584921651262039 0.9588010882620441 0.8190964073165796 0.0804909207496658 0.7846187885488733
0.5416010164304875 0.7170954169391516 0.7609638079676667 0.4962232343422428 0.3641706387076191
0.3677790386595351 0.7221894714502917 0.48583598262039385 0.34169884099876224 0.8186426356879947
0.631670774349152 0.4213481082487176 0.5796215317755881 0.627809745647582 0.7476415550927672
0.5213021901280034 0.6301826680856857 0.18835946908530343 0.16402402651420156 0.8750256608307354
0.13376509088302946 0.9298596046278307 0.3073701025316805 0.27990701475842794 0.3521253188215927
0.5756985049668685 0.7828907601817054 0.0445169752953789 0.6630461664105048 0.7300716263228322
0.6026579340568393 0.4746990465845058 0.7999033580760255 0.43350607864908897 0.38965867142708854
0.7080635276144435 0.9859554569521215 0.29340351711475376 0.9159064190612975 0.7617434059061577
0.6994797233072257 0.722858015859429 0.39306121223440904 0.07460084058299055 0.9568075873170805
0.37956881971496326 0.6018788229833694 0.39877463840033545 0.3086439527228375 0.7719113635242135
0.6850050555061775 0.3389904539850641 0.1347140277403378 0.6832023094437139 0.9065162263022417
0.3139271498296783 0.6670584351654582 0.9498441876915147 0.4870649995451578 0.8319998646794132
0.10636949034051091 0.43748986928776523 0.3699046955109271 0.7395271016592609 0.1780237307665501
0.7446860924532884 0.04601436574660411 0.14691193796390167 0.7068659508975671 0.47822078187920203
0.016562266312205032 0.9236546401822889 0.07774714961610707 0.4006672120100512 0.3041952937730166
0.8790327314890094 0.6306157083471947 0.03964237712501373 0.10444743131761935 0.9079377976741047
0.10894050390163867 0.3010062029737888 0.7737861301471441 0.3851148331607116 0.9427891444020545
0.07663293184795783 0.9177632136162864 0.3654413460595971 0.7029503345051463 0.8381242478906815
0.1930496041216998 0.03714020030664755 0.48251979004541545 0.24325949446390205 0.11425765394326981
0.2792342247360188 0.5008512075350449 0.5588762724648834 0.13329850717338132 0.0573730858660596
0.2315273423826939 0.6339913135370289 0.5496165135312265 0.12862326652190226 0.9619640363567228
0.5829983510392778 0.2960474018371271 0.7735118057908204 0.04277964068829221 0.19165022657553787
0.5595567413157766 0.7323003802157327 0.29368836654322616 0.2672767622711052 0.46960489266101224
0.17352171330892197 0.5551698257745682 0.2160364010482877 0.38818310467749484 0.6398345703194765
0.4924603645271799 0.6278789321929652 0.3220166384208344 0.7693928997035613 0.5757282893990616
0.0300661853774834 0.36792613504838156 0.0011298988662347131 0.6869500095360938 0.02948764545694016
0.8604666796117056 0.1273783515869481 0.22264415723965758 0.7504694865483064 0.23296012256574394
0.2842436060973549 0.365047081627908 0.7048007884932014 0.61179369161775 0.9632719001303643
0.9227796525202118 0.6927468083006317 0.8736252621971505 0.6918396267931838 0.08356919692862086
0.4337135357919102 0.16329895865966237 0.2645888854326811 0.647935060271672 0.3695191272013292
0.626339297936047 0.4470245614967856 0.9657576137741466 0.9991500392314558 0.6397083224357772
0.14495113254436953 0.24517120027537065 0.1354910418277181 0.08729512023404928 0.9546869640441331
0.32450679465861965 0.7666786896595515 0.46809360042556003 0.2744194218651006 0.21040292464423227
0.736023207570097 0.572386999578424 0.1160477687973056 0.35448823766034043 0.7521410637364945
0.6130892619801455 0.23687023792856066 0.10793657750898478 0.5294613205268429 0.7470131250584341
0.2636678041884607 0.7055168922684798 0.6371156419863983 0.6602880041081618 0.6719022959803074
0.18777689766721384 0.2395447326120278 0.16067479984251098 0.5696410300466587 0.12997774104803095
0.8430389775327716 0.9397377530788075 0.903570709207357 0.06259815670812785 0.6981245309925895
0.9931521076065917 0.3383877743609275 0.9042169018757863 0.1540939438744534 0.3063466503032066
0.9264757097404124 0.1916767088906427 0.972766952226065 0.7682555026916438 0.6028416951379972
0.5873853537073931 0.7889102614536666 0.9288616608103423 0.66801917198534 0.46149095225542236
0.15258806292688187 0.08351252124237218 0.5012348822634205 0.27673723210273804 0.8071958704735839
0.8669239192489798 0.23754208617546346 0.8917898164329006 0.7824653731867165 0.27328838712439274
0.3708857471090159 0.2921248789805785 0.6655717947961645 0.026683603945458656 0.9819176757359143
0.8505925135950307 0.45686245908526113 0.07940256087106323 0.10665715436799184 0.04115107847344224
0.3880517632661066 0.029941401069022655 0.5959311474375532 0.03229144331487843 0.8279037646345223
0.8197194082760537 0.6977386576926293 0.7780571570256714 0.8019910920897355 0.32769544670408235
0.8111655086017125 0.7062193141396724 0.7438847716723936 0.05154818786379478 0.7138923767981966
0.19071115595936228 0.4798464982798686 0.9488305081950689 0.1955188526204371 0.7390928946931691
0.4492236108342408 0.12128884754165359 0.5862637712293112 0.5003704107590564 0.9329827276647484
0.12304963325606466 0.0031878988841967937 0.11278997284087466 0.023469963428264573 0.4537444229666612
0.8788811050565418 0.9054211065342678 0.12582105693133172 0.3188856207382883 0.1570946860346425
0.27283454291658926 0.11604866880446085 0.7285260097998928 0.3172816166069934 0.5119854598633568
0.9957195772538242 0.11004102289087703 0.5703573838986897 0.4236442814962351 0.2137663463349201
0.5976281914472704 0.35269919337814426 0.5716911514983968 0.9389166923371368 0.6927733542098801
0.027796932113190786 0.37082482677468354 0.9497343019321778 0.665600680692644 0.7590197095070091
0.5750427323281747 0.25380354278011374 0.936973902374823 0.8121162204151704 0.45603959544830897
0.813566929015738 0.2754775199013556 0.41910215222556235 0.08683109053923388 0.9887922668743209
0.5227242816882388 0.738964869893544 0.9204992503343976 0.9011903187457351 0.6219933735546571
0.6986997345974872 0.4147627864007718 0.41763209770226173 0.8312508211079396 0.984780996195314
0.5160296570046932 0.7574022119766192 0.13679907598845753 0.5873706065696992 0.4425611257695463
0.8362908904161822 0.3548597886622178 0.9704637117050415 0.6806536261920016 0.9404129827428449
0.9644136368556003 0.04813272445110117 0.2117386116624712 0.775403194251258 0.01489081129051173
0.7951225941323912 0.5535161278180187 0.4030097068591424 0.30289943682919884 0.7072511800877403
0.13797149535022857 0.6236136014939152 0.18531648381472354 0.5148702591800808 0.3149400363730718
0.10623915317287158 0.07828511919782921 0.7105601754112626 0.9170809965697648 0.7210800948412424
0.09906600440104285 0.08038989723993639 0.09014649727001756 0.33531931562834283 0.1475029514238646
0.1998831734001526 0.46909122200026665 0.9601817997984899 0.8423337140524396 0.40081389491020314
0.8033581824115223 0.8434275990203612 0.2793536778577075 0.666271321366166 0.7579745916391603
0.24222243970007018 0.15433852724310948 0.03268714704947273 0.43403241660444825 0.8637347098855508
0.6017792653328204 0.6496075984065446 0.8055515251987512 0.3557997517307411 0.22259558290279102
0.8276802066143576 0.19843090464597235 0.5230651646834302 0.45420203688708116 0.7220485332551173
0.17112898284772815 0.7972016849144707 0.04097535179658496 0.7470691392645048 0.1769852731860435
0.8544047431120507 0.9666107413210814 0.09215200746086039 0.4150381270804141 0.1851858795033695
0.3072989210898047 0.8552563619000899 0.40138090691422246 0.8888724781139464 0.9820614513685809
0.43939719948090294 0.213763062548618 0.8803899907827042 0.1766446685935099 0.917197908125973
0.036384834242402686 0.433146143237627 0.9341565996710209 0.8372133319433681 0.8188721884351724
0.5721739512618792 0.05492312334638094 0.28113399669564243 0.5419151447940297 0.6973445686632659
0.6032678426128648 0.25250624754150863 0.6289407459758826 0.5168551096996506 0.8752020646458218
0.48538551418034814 0.24588289496062032 0.44041265352645564 0.6326072784111688 0.563845064004748
0.22562189300549296 0.3347612006196443 0.6674997904375477 0.687363226462093 0.5945944168398598
0.4636785200450697 0.9357115880672908 0.11395842302963266 0.950272273212428 0.5547673145155594
0.143892869607125 0.1885284513663984 0.19851668876817574 0.7819911522986802 0.4250240966149115
0.21808323329064183 0.06002950632871806 0.6752252387425652 0.17580154565007688 0.980530790610221
0.055420781145102516 0.5411322309909842 0.015343901530124326 0.9261776630167139 0.9997007739949244
0.9875868659899801 0.3307710991893812 0.1731672136914294 0.25208102433159574 0.1347445275067376
0.6976769875553473 0.8984420366661244 0.6533772381717488 0.5396085424439314 0.9906472226871156
0.32295016768273044 0.5282624904455263 0.5017890860592235 0.854953338579734 0.8384696666928351
0.018883001787381115 0.5585820066126052 0.9345158042831981 0.6609913279587918 0.42174139998778415
0.16560211922144763 0.2627677667447159 0.65173351051601 0.3276378111588282 0.44658759439531837
0.813493207197617 0.9393164080473364 0.8268156618432471 0.9583797344687329 0.8517865143803894
0.1442562663155973 0.05820491734302036 0.5427649723922109 0.5008173948459285 0.13179952058778466
0.11080623805401257 0.26732623557914303 0.7087596869865924 0.2225162960493593 0.9641649418278999
0.5508657855024811 0.995703087490941 0.10999170522855006 0.2665387269949141 0.9294130868437457
0.6731723828301543 0.9163340742665887 0.18952737478905035 0.9770262971115309 0.5334065062890565
0.5303316479965927 0.8821369683866311 0.31772278675120547 0.38161487224502577 0.13326844974933194
0.5311223179383036 0.6280815498595581 0.3217989172341539 0.46161648428559166 0.7273496023919832
0.8176082089942448 0.972897164940535 0.6232619560329609 0.3991984676296748 0.26293111484262066
0.861086759460358 0.9399810504197754 0.01421362400821935 0.7854298871117196 0.49989613722158543
0.28520485754310987 0.4735117823316751 0.11973748727410138 0.11660441589136528 0.2888385524533291
0.7130868050100502 0.2843967987317234 0.009605493017831868 0.8969425403486269 0.7855691304740409
0.6660435857301168 0.9654894306280072 0.05544651632310171 0.8176027855307775 0.3587935642594534
0.7992716725817365 0.16192672050927093 0.6675186073936997 0.5958982833091967 0.13935175358094232
0.6687571003740646 0.8012793742288166 0.0878687940476115 0.9834098438808838 0.43492622700527317
0.8736302216138097 0.5662479949016225 0.3996933588120427 0.5415064967508446 0.6165132703097719
0.7041791795975854 0.7811205714379191 0.2000882962527366 0.6758110463797126 0.560151675290178
0.0018524037224266765 0.16244025355834923 0.8650893656968139 0.746081173561355 0.023635875932243144
0.9032055073131376 0.3294708240597024 0.13828029764493543 0.33704339665014926 0.20407428800938532
0.956367084413463 0.036498403324084605 0.4102135496663133 0.15440347652328912 0.6897528071087982
0.5603652242765361 0.6957985405030945 0.4937468696136327 0.33477745206420184 0.3703707542722269
0.8387384830562356 0.5172932482640549 0.1878306039215366 0.5484452991285964 0.27440692684239454
0.7299914901739158 0.6455282518430926 0.41110113129170067 0.32915095049241594 0.2850446304326347
0.6583999417929844 0.1573598023482471 0.7660120520528119 0.7342449925344121 0.9407795788789272
0.925923478319778 0.652314599257989 0.6501855677841338 0.42872749652581843 0.5962049788169833
0.6460066018257251 0.0398411637003403 0.34632763356148266 0.6222043732728505 0.6620700120472763
0.35623582502569673 0.6808949334200871 0.9737885997934389 0.06142605556298486 0.3271687986053421
0.8117375833121186 0.08318126532125247 0.22122943357314429 0.8450073245731691 0.4523305437270967
0.409296315245557 0.27064075196805704 0.8631979946178442 0.5417027252886285 0.7742113275722696
0.7877920720414436 0.7272597216074553 0.9951717657682377 0.3544344816966153 0.9038626761444625
0.5351886792861552 0.08247509150423893 0.2625570025431213 0.037341418985243124 0.38308878238975785
0.2202049973497604 0.08630085008383392 0.5386832881091602 0.017879965220702676 0.5366014164080702
0.3303239961936577 0.8391088168419597 0.23974094996182937 0.46885755371096915 0.18160156854037757
0.35626668203048084 0.049051719287096396 0.6293258215130163 0.16328730905024125 0.08024659950284063
0.9904685289370769 0.6066234885447348 0.5821892380498029 0.7358211294909719 0.14828284878452247
0.9667208578952468 0.35288719398733215 0.9467417405003493 0.18915093926250115 0.45721199902709775
0.16466976119551202 0.9079813914592948 0.049030413858644706 0.5552627495873279 0.8327108302720295
0.43929446266820615 0.6315186457866031 0.1174128531463875 0.7302442291006355 0.689152832120205
0.7849505490300004 0.908984691779634 0.975891242832021 0.2337178587333344 0.7183633935831261
0.19616143983527268 0.9145322898274972 0.41189068056855205 0.1711393598353137 0.35423934808219615
0.5843469054829712 0.4623003145795028 0.4089838735655844 0.5168459500583532 0.5265970392744229
0.11255004279957637 0.29676231330132274 0.8654487781416884 0.5980484521613714 0.5381420974210673
0.6890275236101924 0.7070727358500788 0.9280029500576713 0.4592303895151033 0.5930797289246852
0.6769765298571642 0.5775662779994707 0.40153325195677314 0.3679390330615022 0.14078704502559858
0.10066971532497959 0.26091011247408114 0.4211810507035011 0.17340491845122097 0.7643141755520659
0.18669281419024564 0.24253368406768927 0.7064843962095058 0.7624903249383693 0.2817452946341067
0.5358506035292634 0.7096579296326941 0.3551589576425176 0.6120167258979404 0.7781218743515405
0.1471307071571547 0.4324920756546363 0.37960145126385925 0.9941998079907239 0.16219019569494308
0.2951574131407628 0.36560646377009764 0.9113205676998377 0.7634959940438079 0.8816205071499886
0.512567932245272 0.13674899627651227 0.6968866867947952 0.6036133873379296 0.3442119839894793
0.6345521854351475 0.24739295594383692 0.9843166841089279 0.5736787429988527 0.687159757414238
0.4690592373479845 0.3982187304050149 0.5740425543504017 0.5311295418361432 0.7394461745143441
0.4191189094431266 0.389329499802916 0.8194286257245544 0.08168974826438402 0.45003974024422755
0.43204210751022853 0.7177224269806232 0.5831228036130222 0.2553792264623316 0.65552925723356
0.20272976165877465 0.8018841216320128 0.32338552890085326 0.9148922428901005 0.4753720998299943
0.13779324972519935 0.5407246413554936 0.1573900573979402 0.9656935747655144 0.15546914257585054
0.25118474022435844 0.11590342618478178 0.6288575267667257 0.5854388093207873 0.8565800218463302
0.06833662922346606 0.23918275333406924 0.8500807172239392 0.3180523866751962 0.6222963686465894
0.6204675179239519 0.6699032983089315 0.24035889393680943 0.492900117885429 0.6376162977480735
0.316580855518377 0.3090969799536143 0.6468502976733607 0.7511649591920622 0.7375580708458837
0.5484940089160958 0.03688280848337744 0.17890366506473898 0.9514461765837071 0.6675588534298221
0.9337184328686262 0.9292827002951326 0.22785965388383755 0.9495345308168311 0.7231284585330373
0.21292241251944322 0.10856324954677421 0.33703573093037964 0.7808244272515324 0.2647726693782485
0.20505897143378926 0.6067894819405062 0.7875381590385496 0.5044037677158987 0.39919597332337975
0.2711573732323782 0.7023181856245696 0.7748303888707414 0.7378957389605816 0.5759239231588116
0.24741303868097397 0.7178910440724621 0.22652947815704982 0.3465044080625608 0.3999472059947059
0.013813051348749328 0.3525823146558117 0.5512080745003554 0.5663665252202634 0.6948814270014193
0.04871610992041153 0.08003811757334556 0.3312886231905998 0.9857508477684576 0.886395276544584
0.1831146222840987 0.9172684743746188 0.9376182673430932 0.6067889151495132 0.5907890789761202
0.7342178489272896 0.5430425240959778 0.2747873640119374 0.6340336507421688 0.5880574664862455
0.21674609210256102 0.7968800394338355 0.7626874876765682 0.20425762802060188 0.5753348624481085
0.5624319454814477 0.2881963890811392 0.05185952068986699 0.40434406861266625 0.9784283805352945
0.4501481110404836 0.21045895238357115 0.8479702490535325 0.2163825580919807 0.34286278642034307
0.8688001964664482 0.37600935668922053 0.004454672348458977 0.7906991833292704 0.7634044166555033
0.06702460971486346 0.6495675276008255 0.027181930551935407 0.8142031437607559 0.9851783879696475
0.8048859539315657 0.8810091723543142 0.03759986752694533 0.36969312520182873 0.09226128743657636
0.764357761097121 0.8853482772084683 0.20143665526600985 0.09341852980056742 0.16172138856839935
0.7602016363981405 0.2711961389501214 0.14819336475502987 0.020244815202486 0.5131681899817319
0.3601892419320559 0.4634866224024238 0.6408524417137567 0.9909144382670522 0.9069300893803656
0.2932360169299789 0.45718252013160454 0.6131005541145093 0.8339601044820751 0.45161982727549077
0.3325466520385486 0.7171555660220243 0.545005277292173 0.2316679516111394 0.8162076173696322
0.4531457109625835 0.8361302670756009 0.2218625837008097 0.004026328466149365 0.6280587132993123
0.018472814919684555 0.6151777741279375 0.8162551365469902 0.024935909680067314 0.5880702167395382
0.7921681002808886 0.9404837548187944 0.6533193787681781 0.7568151211535469 0.29603113730002006
0.5156086264642745 0.5987904402461391 0.14607507789471397 0.11338292920607873 0.4483837160168792
0.46367794638649895 0.09969309337049392 0.6653740342835704 0.9737506221826855 0.1146409438848841
0.8745410911175783 0.9494302661952987 0.47706960530976616 0.9069247223789206 0.6088818868383143
0.5334066724847667 0.5193513192418335 0.9475452842814569 0.19303976374200638 0.5815701937460773
0.538987470235592 0.9795735334589537 0.058749411296123655 0.07670999083493091 0.35825398835806954
0.7840822800415006 0.29944977866703615 0.7564548632899953 0.18003610743723386 0.307443183179959
0.6981756061045341 0.8721987380546358 0.4729648792619029 0.8770628504416654 0.15607122718356814
0.5005785324447135 0.05455468251144169 0.02042627673568964 0.8674609911161438 0.09817816323115369
0.03655171026801962 0.33229278082078384 0.6623063718435631 0.8446977035136425 0.16499519591300837
0.7070349810481051 0.891880894487632 0.7076189273747673 0.08742389774720982 0.7150747252567969
0.5303401140042239 0.6093316315700411 0.631798538742979 0.034791850806762725 0.637115886468912
0.6344613572711558 0.2617330275641516 0.6906719294980208 0.9474550574438437 0.0044182227913313055
0.29295540060763825 0.06783566029383703 0.7325601218336463 0.39931381874477123 0.6336784188552883
0.8598484279609978 0.731869698300376 0.837584873005659 0.7877288152686885 0.237177494061814
0.785793727396677 0.6626790673221867 0.8135650464561845 0.8915006106069053 0.5758782044777988
0.22518510427336702 0.5828245169224997 0.6740094583743906 0.3785742711881146 0.11657613985846249
0.43841859729552934 0.39365838010595455 0.6466968666262988 0.3368014802359025 0.2407596362653115
0.16973296985980135 0.7508861001928915 0.6211353721403846 0.2180499661544203 0.20751938598345865
0.8142567223260907 0.9519512196292373 0.8253106586635646 0.8997619856838022 0.4244617089622311
0.9340830284509636 0.9447900221557688 0.33725315009370527 0.4319358459864232 0.32352476328771695
0.12216952930760194 0.37758338482744147 0.2849215851649033 0.7353486747086236 0.15246397358684982
0.6136569411034271 0.8071613356098795 0.5232677944745022 0.6853491588251819 0.5763035739451773
0.7887812369439162 0.32209712094899157 0.6180453058207764 0.9985629350438963 0.6516748045842874
0.9825038226921649 0.30958149458435336 0.7758207408364363 0.030403315781032614 0.7424788272604436
0.7641841350771011 0.5285897062057041 0.4228382027827464 0.3520083571253404 0.6129134857180949
0.5584344932101557 0.8439973234577833 0.6169380345809415 0.30111636575941314 0.831448159925943
0.6843845451915418 0.9211021279969561 0.5668078317125252 0.6341274175016675 0.3313909888614456
0.7630220851605655 0.9657547040650865 0.5998448569345018 0.6133472685541108 0.9008416198791512
0.6590964134475175 0.29127809897935875 0.6215125178119985 0.1308563124726747 0.3573920511526024
0.7169263955882751 0.495107612013185 0.630088206971952 0.5452645264180855 0.467348376642846
0.4937627614148279 0.14778772394637774 0.34786409822301567 0.3283221579149679 0.3297989683382778
0.6363514279052703 0.4687980101194682 0.2792685587021232 0.5645906669309438 0.32760104115821664
0.5789225870455822 0.20551397362269241 0.9847963763793337 0.48483383894632914 0.48219352373793145
0.4774631092113334 0.9269112895533153 0.6507615470311158 0.6861776240852234 0.5643176291458721
0.5484590832776712 0.5933777603999689 0.7799819050267168 0.5332262365277135 0.03643684887972909
0.236634790894944 0.08475265282252009 0.207451369644591 0.24344545655288663 0.5897515870648852
0.07780107864280539 0.9084363727498777 0.5874457231850657 0.06154898235818751 0.859452164834213
0.6121212614184994 0.5417184404408629 0.8851366133703816 0.008601501906210895 0.4276623101215117
0.305861712122952 0.014513189558381545 0.8674775783690052 0.3342272154609851 0.09735292887784286
0.820937373226233 0.5838193192965185 0.6135461457726692 0.07673612323127688 0.2154703206107078
0.13199864464470046 0.08121597047782292 0.17142934361308848 0.5149106600888202 6.703259479790002e-05
0.6389120446424941 0.5327750710913364 0.5508274612082225 0.8541532591442071 0.00841997887830348
0.7734221052107776 0.06362709359938423 0.8940938063730689 0.1932632595631144 0.17987216981836285
0.33404411441805326 0.0629954500854949 0.5044656263028409 0.6800876822443085 0.1410826162704083
0.1907462225199028 0.4578249551452124 0.18699674403642996 0.8418565193534009 0.11896539425459729
0.005258486572901622 0.8703331058458115 0.29129584428439814 0.5374122218361949 0.8856264547458716
0.7018162331775127 0.40687957034978794 0.6046897235297101 0.12739315556340225 0.4761694325867447
0.4946831816010685 0.40881295411015794 0.7043127765448174 0.6369018477297678 0.8867212126779719
0.8772766185689866 0.1818100348606334 0.05019903661449543 0.06981935854602417 0.5231232735591178
0.8568822406094272 0.29249271921827336 0.7352654133855767 0.3727337716865675 0.7623319660968711
0.9348351653119941 0.6978663309654409 0.1478875734552636 0.7941099329580277 0.41076610267985336
0.36410296271591414 0.4871169289826287 0.6719776331693775 0.728302911087891 0.7515304061163418
0.15095864594008912 0.1867682225899887 0.22351554334803492 0.7295738783927108 0.7140052202088736
0.7109924623367095 0.4485430549259811 0.201684351341759 0.8128362929766574 0.6929615383987956
0.2429117085182615 0.9630885882800091 0.45798767074106594 0.20476695193085248 0.08713668684176512
0.6780202099948861 0.28076046963769286 0.39452178126666193 0.7816337463605576 0.9732541322374936
0.9959329259223155 0.7185866861214752 0.4968888947917547 0.6637204537018658 0.27310021238021465
0.4525395184110288 0.07751446433908482 0.25161637182621466 0.7531747126320869 0.38632693294332465
0.019332160530244447 0.10736180881832535 0.608289420430524 0.504223676648368 0.427181777985041
0.8699587243138679 0.7484606125746248 0.3409602902694203 0.8183677642589205 0.4177524653473229
0.254126693348368 0.5987997250418162 0.08266255116530652 0.7334508827283344 0.1239576344226041
0.07693339027343693 0.8665610837404555 0.8067275278151991 0.7221428983242185 0.07972745689502736
0.5005165913289795 0.7407937489854146 0.9148043270370112 0.7357710439431232 0.8625545629857021
0.47991433023542873 0.1951511013113384 0.46876123389459057 0.9694895848540208 0.3063556123983927
0.5957042818424385 0.5084647567020611 0.9038912964047263 0.8805820110908623 0.6682298861970414
0.99177248977245 0.8445281483451442 0.9825075662790541 0.49417839086624515 0.8620831756098336
0.9639470039330588 0.811446144265711 0.39331697385585807 0.7737268733434688 0.08371030696772241
0.7557150345079099 0.6906472837951455 0.9321635989531271 0.28630663113026156 0.6509807333557949
0.40044254394087264 0.9790793702556089 0.6775495903131058 0.6900244451397463 0.5022892857475897
0.12559421646285462 0.1333568484378821 0.1950086217746757 0.29808357451148415 0.042509175194171966
0.33729597335615324 0.7847286285040274 0.8600983384432929 0.2292722218742166 0.08582438130206715
0.00594467661672371 0.08624154300773568 0.2025127937971617 0.9691928629787255 0.9805677965786539
0.8827017918680664 0.7625863963363416 0.0954045780074888 0.08483618748201804 0.39335924694358326
0.9970276895995974 0.27702276185444497 0.4898129293008209 0.5970552507327319 0.030509020958952138
0.37384843428012793 0.32371576454744344 0.9779160456394301 0.7341114486493151 0.029514225554758244
0.8371298856305099 0.577029953810623 0.9700767938761786 0.8848774440836925 0.8052219087548055
0.5470040385355417 0.9568301514066864 0.9771848435516641 0.19482903403963836 0.42084869950099224
0.204734131382733 0.8260838392470898 0.457924976866837 0.08759261836393784 0.8245014633720144
0.506947527978303 0.42796330929529425 0.5110000271310492 0.7251276668697013 0.7745336671276898
0.5452814206362976 0.7909162614575257 0.07675336559567403 0.9245065110823676 0.37919842234362444
0.1223185631593885 0.780253809973786 0.7135541799734036 0.635705250870799 0.2515494157288114
0.3682616412249653 0.7029643294609391 0.1978202749891229 0.7291502228214266 0.8247474596809974
0.928726283065475 0.04993098336393875 0.2869756057618089 0.3218524618843309 0.7095368464729076
0.8219249137666507 0.13615158730510946 0.4815770364522417 0.7574930163976662 0.7864125859402863
0.22040309436662064 0.3614426268420462 0.20262426343750373 0.5533863750668209 0.7111642370713318
0.6212677750090915 0.23439556451943722 0.8266607621864032 0.3850982101647775 0.3084967919609648
0.5855432735507775 0.8660652880176422 0.5865515830215099 0.1947285157943517 0.24451044247300846
0.8757618744585279 0.07151581749513625 0.4505788043998631 0.01944064268179091 0.17204005250911114
0.396695808800558 0.27153295018349277 0.8038950892502603 0.09410765569403678 0.5129124264427467
0.2748076094526398 0.5976952329740931 0.41141606100175465 0.3629131503437343 0.30525945119614784
0.14345184406308298 0.019765047789180756 0.49041872963237687 0.24930731191431432 0.36383476817344995
0.9884682411363093 0.7482531231275743 0.5466083160634376 0.43241501802447657 0.8705230580439361
0.9201156082100873 0.438894618561101 0.17265874285330152 0.21345752165194765 0.6232501686140863
0.8558373555290508 0.03800788270028255 0.7526705008685121 0.4692052053324278 0.2722992665789048
0.21238327548626035 0.8390210521935153 0.6332136518537563 0.7395321486179003 0.3994776485599689
0.19663091400606147 0.14141513061498256 0.8407166134908957 0.434096007543754 0.19627910437204799
0.920329792183778 0.09955251859820402 0.19137466852770513 0.8607972857309348 0.5906525109914457
0.9176167462398686 0.3691055339020538 0.7696210313065217 0.4305528154704561 0.8279874068728107
0.5490259006054603 0.02786637081052612 0.7756188083001448 0.14491053861548397 0.06678631331301499
0.06702277485861241 0.7296427143287249 0.053174954783791195 0.6640086357220436 0.38850087969008307
0.9766011029270637 0.2243657917437486 0.1777485262791979 0.9702384266643508 0.8522421864003785
0.43135685834222426 0.08022187353380161 0.9584536241916229 0.783570233983442 0.8517638289203863
0.32782581216472384 0.3561339550889653 0.4575554847589931 0.22097757604585377 0.4526683103532909
0.3590663894592996 0.30352065903549996 0.023428225546889614 0.6887678136713336 0.05690094184714767
0.4743175913925123 0.6904498414230384 0.39979256276924935 0.2702034270197555 0.28825632972018267
0.003928220586164599 0.38323563530178495 0.0856532125455689 0.13282903108231425 0.38948742116463464
0.24050838587182854 0.7714871342719072 0.7766021557127777 0.3386086363827452 0.8148020687849447
0.08356655680824088 0.7150076921251535 0.5087272537621861 0.15179353273971596 0.8461391196846682
0.6726176602387575 0.917709261412165 0.4515699323216914 0.42521349002441 0.7574502068927327
0.4544775554614522 0.5353969180765754 0.8308431286035718 0.22670312492195988 0.24446048817396437
0.17169011236498044 0.7639580581712568 0.06860399031356867 0.6734660137621478 0.8177845483823983
0.03810391852735018 0.6608307347463366 0.23470482233929246 0.24598133222019403 0.1036224074606853
0.32215022548002203 0.2257057852743034 0.2400461408620953 0.21621109663996285 0.5700034968641025
0.28383386451077997 0.011610676975371326 0.3381135237262418 0.3697384394547253 0.7350488974414042
0.45574548734827613 0.8535970262861672 0.27658411657238413 0.9261122028173919 0.8570657402008176
0.142425133804435 0.3629924706081531 0.5941675352451325 0.1321579358481768 0.4197501961951886
0.23969313107052426 0.8929896183380805 0.9684860205795661 0.757784263650682 0.8479735727385989
0.5843066392753679 0.6723816464679814 0.6261829318240455 0.5518836511969195 0.8201579453741786
0.8405019621427134 0.38571300092082406 0.43688510644806877 0.32864330612744774 0.4025028854198467
0.8373324696349218 0.2910998520664769 0.9184773998323307 0.8891030715645756 0.12310266517264656
0.1730547498167453 0.021681941887190193 0.5078107610589495 0.2160817747488547 0.7858176279376512
0.9523245991630636 0.10832364960740559 0.6335614616326345 0.5928048633618904 0.3492856435137195
0.5755212363067507 0.695514638606518 0.17304073036765377 0.3536298973732678 0.9249218741411925
0.5437676651228311 0.05381264576096245 0.7128973440612236 0.8299726044432122 0.9015622684565604
0.27265074911258513 0.7357858080951107 0.7196878770940031 0.011461843026759788 0.8099020006891233
0.21828502610945932 0.47998525760826416 0.906440311353947 0.8064347217300073 0.7977713095596726
0.5099593877505828 0.4322161777487974 0.5222588607969144 0.11004999836140283 0.6448528027154473
0.9538238124509992 0.9563817900474825 0.018497699375507937 0.4068344990128063 0.8384324109010265
0.15870911259401477 0.5328555693361636 0.5083674970203274 0.33536977727464645 0.11255839547051794
0.2627864223493923 0.5599251433505504 0.8397526598135829 0.057318340553154434 0.2974182558949895
0.9991363429191982 0.6467495943288186 0.10325222348935281 0.031522926637159054 0.27895688059536883
0.11648668367675641 0.9200299937183661 0.9499684695504642 0.4222932846475943 0.4763757103810585
0.45154735260226697 0.009918593687023192 0.7800316971609307 0.6486347430641649 0.8397226555313677
0.14457666784722134 0.4976897814778042 0.8772684590868449 0.04555416020935865 0.29284940361509504
0.34127213235511533 0.5825569219195131 0.6009208714806689 0.4597540643987067 0.2215402206678435
0.8770167732799053 0.5451294486436539 0.1944543690910524 0.6001317947012998 0.19760455538429245
0.3579736568945493 0.23532589750841237 0.1385131051760249 0.12792025028932086 0.9672620966491415
0.9234152499731783 0.8846437986042962 0.14518572352397208 0.35944560276502235 0.6884706791769862
0.599867898840205 0.9661511615465018 0.5972903279312414 0.5212007375325234 0.2602537205923585
0.8853202433627232 0.06005818115206629 0.1631117528746021 0.589774872938724 0.7969916971093505
0.13718346520265345 0.865922622118017 0.1036274662988067 0.38283648166336515 0.06711950921504717
0.023944928182454417 0.6118175927884121 0.12060664076544136 0.8362660242303234 0.8900991521247464
0.28155475946793873 0.8045850448820512 0.6401909296893951 0.9281364438226725 0.9514807352035409
0.521494758570866 0.22602695051626032 0.9998677203688253 0.1638084948545837 0.8115253355888166
0.9332639490430963 0.803505750145375 0.4395874452142722 0.19120961557272398 0.1409570776134672
0.5254711361749319 0.16294378382998664 0.044853258763954074 0.6609345324104055 0.21383235616957186
0.5466216926798942 0.3184039687062121 0.8556853518651928 0.8795686589543821 0.522405563099066
0.5544664006122569 0.5104719785509171 0.5578441506604339 0.5835258218875922 0.016676064249611877
0.10054731768929226 0.7957057934667681 0.44890755173289465 0.704705434422079 0.6283336761257834
0.7450105860692388 0.0734345351890826 0.48069830827881854 0.9968639242366423 0.48702412860594935
0.4488291795603153 0.9741500071276498 0.0006181173336432533 0.802665455026367 0.9340840515561988
0.9144472803532656 0.8775186823195624 0.3636206095301048 0.07786633309403446 0.00765928449991804
0.4527246424381228 0.6293760835137169 0.8417182975889234 0.9528964977783972 0.29992084007331266
0.7360166032354742 0.5144266571033899 0.9959786936797207 0.0980279267346289 0.46541385002898883
0.29602827429661016 0.5825667863028867 0.6750544481514952 0.06664252624809608 0.24946597589768926
0.4221115522923531 0.07782145165368937 0.35194485417361365 0.13187433408028904 0.9778242702601855
0.1562453880612792 0.6503080323708008 0.18714203971888177 0.4408312442515936 0.6503453045673666
0.5208312784569147 0.047320834169368275 0.736253575476043 0.29243992607335045 0.3368172389533216
0.4935662208752918 0.8227530362288417 0.307797973638233 0.35650711472966756 0.9606481651974402
0.019840454701631094 0.7232177589987528 0.5065060547929572 0.23337471291850964 0.6359113930258955
0.4844914200480136 0.9138705960646571 0.44023981599639816 0.26699808917330015 0.2748822927659611
0.9017449659090008 0.685469382778153 0.3276601105237308 0.9040654593965218 0.09841942315346419
0.024102584369798175 0.8252432980812368 0.9906130965582617 0.6222458011364012 0.04922781483167726
0.7975727862444117 0.9162518079614254 0.8999213414285935 0.16075104169546128 0.6490488047563229
0.3974875161050945 0.27443318887678103 0.10101386261847722 0.6722832651028974 0.9361331118905584
0.7229750459365215 0.7194557327292831 0.1428457985314242 0.456024682767474 0.3727222405996762
0.4215114071417667 0.3097462319209485 0.5934253735895804 0.15753791921503757 0.960928053237284
0.19069959156395166 0.24510178483053124 0.23387133823751527 0.40704920566751834 0.20193790993774807
0.7374526716054104 0.4960327476607036 0.5954243891510416 0.2739271662984829 0.7257717117588425
0.585106256392653 0.4748585721669777 0.869422567359985 0.04273459811340119 0.5280645082515412
0.7543962333816906 0.02751066809839453 0.20649435025751128 0.2215849072105791 0.2817008050945353
0.5501959351737652 0.7412682228065869 0.3081515263478569 0.6407421129706917 0.062290281274899106
0.0054414607226326295 0.45072734361228395 0.45702657254795753 0.7919866240493095 0.1160248156994903
0.6856477366600997 0.27505650066341025 0.37787929702047196 0.534218081341669 0.21649280433354723
0.7666918536326724 0.15961656064023777 0.004958946304559397 0.20004589764006342 0.5950892800440559
0.24898226163503157 0.07254715097913356 0.1576945618082638 0.6947492243002954 0.9547001522076967
0.7457800546148032 0.5204241108410687 0.8670423337307808 0.17906946929319212 0.5340753178262856
0.9670877284200139 0.18724891688490464 0.774904636693871 0.3492155567378623 0.6190964831580805
0.1472738953259597 0.23217700555765008 0.517858683599457 0.8429281258800233 0.687741552023649
0.8331827833141652 0.10855652725561893 0.6337450420164832 0.41899100308629 0.32974166679175565
0.33939599849615676 0.9484062157722103 0.5348797758087382 0.4420047501948319 0.47963050534088814
0.40487750901592245 0.6224172409478688 0.2806401669637786 0.9504403451366373 0.2147172317069077
0.4069378843181606 0.33329027206202055 0.6073828246545837 0.2504702912466915 0.8748366534008883
0.49187599294781525 0.9834704272299571 0.2462117241584949 0.31345947452041 0.3419489273435621
0.35195328596580155 0.6075820477979855 0.7950460910534395 0.10790858953185345 0.17796814121253346
0.909368695909583 0.0835316604010079 0.8797797396284627 0.6739990255487078 0.6601732201539932
0.9582113050457687 0.05784098044040664 0.6796302185283383 0.9800334773517645 0.8217824737206786
0.16595557100883118 0.16538570438935452 0.31413562438460374 0.6797058190532166 0.33082451868199425
0.13891616588263145 0.4320111928494179 0.777015111124917 0.12657757236233425 0.6722174881473189
0.777846934494108 0.9920690996215208 0.5201818724654913 0.8813464921318311 0.8695846733957311
0.24608889485241914 0.41689749854147495 0.9537587072310887 0.5018504141828807 0.29762904243060984
0.4309032055704918 0.36821806727652906 0.937103160395562 0.12009112213562934 0.15098703031024818
0.03720877633157804 0.25229098489722135 0.38670428727502293 0.7600154776141309 0.10094570942182635
0.908775772633678 0.04690822208833878 0.6581923315254129 0.8657785398456659 0.06619500942809231
0.40085108572041495 0.22477735341950356 0.6248549069161549 0.5025248663594993 0.7606735668438845
0.8916575742619 0.8742907301098102 0.21251073542087795 0.8436207701931742 0.36611146315261733
0.08134802039454836 0.19940714550900096 0.5224150822360987 0.3697476151356338 0.6461899374994257
0.9124131503893511 0.90373441935986 0.029580813923629434 0.4227201357649233 0.3808151835532476
0.25267726451117933 0.5324036953594117 0.09783373181507049 0.4657739258194924 0.4635789675890821
0.8605773120156813 0.3865768582793636 0.31631135233839136 0.7357420890371146 0.6733258871289939
0.6990995986375735 0.6326399250136898 0.733996919259736 0.5365817038691134 0.6138971465274313
0.09206275602613445 0.7739248998633579 0.8281617284725116 0.14368284526496922 0.4244501409573843
0.9591349463939867 0.3256247429893534 0.6231270713252771 0.5661518641457804 0.9308098080532187
0.1874838737682648 0.17529000929122396 0.2779038241998517 0.5197848269970029 0.03277680105288017
0.12987668619466775 0.10860275906275607 0.2225769167445263 0.2703434008705762 0.992012557607674
0.44962248931424476 0.9923626526194912 0.09629247077189484 0.6440996442181195 0.6906647591414244
0.9925204551585982 0.33706765963454743 0.4308779641517744 0.6773552840543003 0.9344273448054661
0.903660232039243 0.026557297075667563 0.7753239974325337 0.3297069985790544 0.7538260755078042
0.42569071460708974 0.5239301673897959 0.9219576765505786 0.2845995966791577 0.5630877412843753
0.11021338601271646 0.02898535761140275 0.6198107149234316 0.7299366190386152 0.44852244799778584
0.2575029879819145 0.1416883080403688 0.3205131686375159 0.4277948903284152 0.9312919460575608
0.8796874800880435 0.884470768612477 0.7421802281738321 0.8582231138645862 0.34409641124739787
0.31827498788636166 0.513628330177873 0.28984087366139977 0.01003037434623244 0.8485773733913705
0.9208460412375459 0.4657311148301376 0.8186442905626957 0.49586302160485174 0.563324446414074
0.22365795833222446 0.4499912567588338 0.11013662945667946 0.3687218921784008 0.29586139108875287
0.2625295102582822 0.966066359802025 0.8996124915863973 0.09966155757213757 0.40011859073745903
0.7229699962917363 0.5367291697869898 0.9887396179282386 0.4543399070889167 0.6300275204195467
0.9666744322986981 0.8653474226940705 0.13927571222755708 0.9404596592320263 0.05521176127753069
0.5546369695342179 0.7556768490518315 0.6434189460566802 0.7019973927800642 0.8977524632057343
0.4591629892242667 0.768517395531829 0.8716081217510049 0.1991231935238984 0.4312524224731238
0.2399514867769733 0.1714948304209375 0.3142829007090937 0.7671305709403008 0.2279002260589078
0.4497302187237556 0.9823105520561939 0.42925725015500604 0.24885189034892952 0.36522569118461723
0.02361418800325521 0.7668578423587575 0.1390092473124751 0.01211520293210877 0.5171074979382406
0.08534296806264585 0.8517447374731082 0.9225408990672409 0.8880212957777233 0.6408212003647614
0.7460755303020233 0.39449620323522927 0.2961233308287823 0.016143314534076025 0.5482713730564706
0.7700909730448652 0.30968876704367454 0.6594499374249463 0.28146872166927994 0.9333223044988852
0.3876593640435053 0.8153758607414058 0.3775033038483472 0.7502170249899744 0.03419316372320891
0.21007117781335727 0.20131035946513676 0.7445100937232253 0.9913716754691934 0.6150399479357838
0.6836152850579269 0.5114839791431467 0.7427512625355789 0.5801516498773166 0.5593386328281869
0.7939135249778883 0.6344083310875805 0.8465143578163389 0.5318785247107599 0.6349414687754905
0.7824751750518882 0.15096442887500128 0.35136577446337547 0.2792573423511744 0.6833457894276197
0.6114988397124842 0.45454346362453346 0.025585806521850496 0.2208603837374875 0.7123418226600028
0.5672887214474006 0.5203383772298051 0.9272136084328779 0.7541614307616926 0.5106037514273073
0.8041755436560587 0.5251425456029132 0.21869290852840384 0.5107046369621537 0.6615075316928812
0.8739714887424718 0.12671375581862776 0.7122688831918813 0.058619900469745634 0.6824354593713972
0.9564132510582741 0.2422478541662374 0.35638764996541283 0.7153583371980461 0.48797888066274075
0.693415476442626 0.2846772547425904 0.5151252405807034 0.6860503505031947 0.25051712359994893
0.5247043461121647 0.5760733649455932 0.7251134800838177 0.09668678049069945 0.196544149798346
0.8255749792521255 0.9978599039831337 0.7120563149430548 0.6324147868101717 0.8795022356876581
0.3442511901951478 0.16048167613255082 0.820074331612941 0.42035205676669196 0.30653176632829227
0.5856762851242352 0.8155647141557191 0.8122042697178964 0.2891312846997983 0.0009574564578752609
0.19295992366656278 0.9493954217242949 0.16381522820304062 0.10096778465080025 0.36844392898570344
0.061517927823676155 0.33554984851034586 0.11466049458855809 0.1379788141598769 0.25597866592555785
0.4888999648857829 0.17695922305146472 0.5135772606366373 0.8032651797565075 0.842146755103013
0.48480929099170933 0.08333350411298246 0.7412713437533391 0.8863575388601378 0.9636576749015541
0.015779321448628036 0.14335177281894174 0.24477796595419044 0.10202252541272916 0.5921853278025503
0.9946691023578114 0.28862341555345494 0.7911144584550462 0.6321399824299349 0.25618431077747816
0.954979361242848 0.7863258407479224 0.5725209324092689 0.39054816641417267 0.6435201249716423
0.6109963818295302 0.5969010839974903 0.9365944756540575 0.7627864188019454 0.23641112694548683
0.2460318679719734 0.2476429017440016 0.26403699908416867 0.674220674456617 0.5871842613476839
0.03747502067996078 0.18748900405177116 0.10699224410956076 0.3673924726205253 0.978829193513463
0.832153796320308 0.3132022779200394 0.8033795842627688 0.18604910871174163 0.4925996215122651
0.8388357930064498 0.7045207910972042 0.03246339956401967 0.538640769972227 0.01981105818277895
0.922611517337147 0.8713159272378785 0.8651326644263917 0.8165465040139714 0.17690057521403324
0.09814177381861855 0.3936298155978697 0.30798899325167306 0.13696846397920182 0.41385685028870434
0.35634572447206847 0.31328154036430167 0.7017238697346788 0.574879312553458 0.2010594790091832
0.12241682520684927 0.1475923726783952 0.9373752585977453 0.22918978447232996 0.12553744173565806
0.14211625497893154 0.6611709353804351 0.5997627364062357 0.42314429307491963 0.7766660697025219
0.15191841412703733 0.47939620225973845 0.3422995355939673 0.8550831667330773 0.5844484869887313
0.7809926240521291 0.2501143565303865 0.7968364109123349 0.3892041094187888 0.7426483856728237
0.300658025004233 0.5614152157445833 0.5699082328120296 0.44916146738449236 0.9447139528292335
0.2783241965136408 0.3532517511916127 0.8692226356467714 0.20969199226572 0.5154954991947652
0.3668698574100522 0.9954734543035577 0.6398513460311896 0.3010096747028398 0.32889435818637547
0.5268804984135943 0.4758263281990447 0.8961833370103369 0.28744432635477624 0.8132612018435917
0.5026493157342267 0.7611597565027476 0.12953301439624143 0.06226924847681847 0.5051867545288299
0.32166278250648617 0.29191954503688355 0.11981993187631212 0.5972732017310712 0.710345819460804
0.1295144336417341 0.1156325299195331 0.9332314434786886 0.544213024879324 0.24484369830233854
0.3354057879744392 0.5988391520989118 0.8443791420119647 0.06728773386725906 0.04233501746922719
0.5713632806064054 0.24431290701962227 0.4961587787952533 0.2008639555214078 0.6700673688014342
0.13393181624415407 0.6502704173945245 0.5027528184495275 0.02331431438005771 0.054619331392883996
0.6558103599492268 0.5686615577152415 0.6827394367766662 0.4904307611489135 0.5979250982125379
0.41410470570054025 0.8602900694475587 0.34169198834608594 0.22766097754032755 0.68730793096349
0.4444909045763251 0.7117838167355351 0.000992641318983467 0.23711016830504428 0.04272472099084623
0.9100298027460884 0.19621728711124198 0.24648746786245734 0.6319323964486072 0.5688182096955153
0.5927476180492417 0.7734072432362831 0.6680353704162107 0.667111311024349 0.9587974998673333
0.01214583069519315 0.035070950449940796 0.05346210470059487 0.689283866072161 0.8191482593514554
0.7285159725514663 0.24382554296363423 0.09545475744117671 0.8854706245306666 0.0988611519517093
0.7113316637269568 0.4730562466757058 0.28815602349033964 0.8776568294478174 0.8883367619261865
0.02111969455101992 0.23265208904601176 0.11779188757946324 0.6693194994896674 0.17110929039178857
0.4920003977152885 0.8380280659751977 0.6258360009822904 0.6765137873372069 0.2970417070675544
0.6222732256889046 0.8200972234950581 0.6939673218803495 0.7131037691102821 0.541621128349548
0.8028733932073674 0.5798122367401857 0.19851867244097887 0.6283556642396083 0.3049293660671225
0.5590778271242768 0.7224744214743545 0.6022068846835891 0.16488964743591328 0.03422565233375441
0.9185429054157069 0.9273278803506841 0.9994566909279773 0.4325121982540554 0.6288714079591675
0.6416037390420595 0.8254480992295757 0.7884698342388664 0.27830729203740256 0.7898540622434411
0.07936914024156372 0.22313135733342782 0.8563251285277411 0.10499285411522019 0.1058731505773054
0.7523472306841315 0.41747695477215996 0.802661289567205 0.7426588274976985 0.092622151644571
0.053724482246795935 0.7799771694545791 0.6975021551464597 0.3080847966431599 0.5207901445323292
0.595569129751372 0.29796561123087495 0.7057642737819463 0.33008225333296604 0.5681807425583428
0.7537047537598529 0.9019966800700624 0.246134414028093 0.4983962451446423 0.5525578557788164
0.04353367394128882 0.7506417651530273 0.5792964595276857 0.6781589436101071 0.7419220207835966
0.5724179168832753 0.8160310913474474 0.2927292716876252 0.9590790853260148 0.6397821994039142
0.32880731521874373 0.3641401990693577 0.7554866637296735 0.9664581194546332 0.8466091483408003
0.12172864473721501 0.3663079267943046 0.6349189433001569 0.4838947085486047 0.18596820241189427
0.4833697132788093 0.8565591763088368 0.7259004061583886 0.6521515978873111 0.06770388598757282
0.770448227095904 0.6097991460910887 0.8622130384147599 0.8030896592226882 0.8617823936860439
0.0227606303349559 0.23199493956217287 0.4106084461221551 0.7529505292047111 0.2682128652913529
0.8125861986824645 0.7106682788157456 0.8368416329056735 0.026960601377930327 0.7112716882522173
0.14411276147593655 0.6665243617489673 0.34926550916141086 0.06726105979785446 0.631727307286463
0.6529087786159581 0.8742933352041236 0.4301206355663101 0.6656418348801412 0.1471214358602203
0.9144799956126757 0.2792373292652529 0.2990370771529781 0.31097708054845896 0.19748554540619834
0.1533688570661823 0.2225442418725586 0.5290189317362366 0.41465161075072277 0.3276301928041574
0.12466400505089359 0.5719317161580906 0.47843057280525125 0.931038100852828 0.477303537735168
0.7348497907014233 0.34447301230281413 0.08772723822616424 0.5825282559476787 0.7658234447174183
0.5512615217540737 0.7820174294443103 0.5788002101130864 0.5956825734572976 0.20341730542948266
0.6677806540859912 0.7122382668175143 0.8303454913015689 0.18127232100602053 0.9581220396828689
0.03871008564162792 0.8830344876833426 0.2985718921496995 0.6791311336733248 0.41359470959107814
0.9033457395578791 0.8725806309063477 0.4758130313922132 0.5203779678824701 0.24467132676559877
0.8776842588423017 0.40466457887351925 0.6471294705525291 0.6931277244136682 0.060843492497307805
0.37611651220106945 0.27040324252495107 0.5342633136510263 0.1682800502849373 0.9391657522546425
0.2222666238364125 0.10282585842435588 0.6939589745096606 0.5859339257718509 0.6482697363706607
0.5854971239468593 0.05556513227242044 0.21056021438644335 0.8082453728659735 0.5579409501489815
0.7624059781154866 0.7764356676857446 0.801996815449808 0.5123863806574326 0.5107945885365615
0.12574532324304544 0.8732429824730084 0.19854549968256563 0.5247238510044723 0.9075725033298369
0.4590214698768683 0.6692414605292794 0.1529355779616396 0.42224234106813774 0.876171395436526
0.4929438545791279 0.5801678535448985 0.5782650743134506 0.5803139331392446 0.10073903847008725
0.03301087392624902 0.23681476998737938 0.4333534704597456 0.02408496161718343 0.04152230327124595
0.6411303630706713 0.25799980828906866 0.7515095430597558 0.5245820238315869 0.3474368331203995
0.683291534231391 0.28992659475763427 0.4193232252224137 0.20526155353452802 0.3742219905536749
0.10974421602893802 0.7287079901295372 0.8571227597318287 0.9460011514880035 0.29299661969251767
0.8824933296128902 0.4175460095210113 0.11529105793269323 0.46591382056545505 0.3543037632243994
0.06160214913735729 0.3860961951014995 0.6174574777643815 0.41829513340229385 0.5645453856718183
0.9817471146638969 0.7269066288585135 0.5748106987578867 0.2012435009882152 0.6657540617630924
0.16890753023778615 0.9068174527293681 0.04459887024188891 0.30534318907423796 0.6663371073618332
0.6610785529500499 0.09229198718089493 0.04171199393975811 0.5159957155463353 0.7037758382588397
0.731568873700485 0.30812374290296474 0.13461972349354578 0.04697210334243096 0.382562466751307
0.6737318928487107 0.4548014146669562 0.10388603213371506 0.7626068426279113 0.8382415038629988
0.36916826081003207 0.702081698422945 0.6438755924675411 0.5642505900267922 0.5836986213593234
0.8272267593097195 0.9378335769186694 0.057343724429113285 0.6540324068854473 0.9385627231654585
0.2335148392637615 0.9932275962537461 0.9685068796561848 0.47152540537453125 0.3463183133392643
0.7197556426441039 0.281348297118186 0.5090248532681213 0.6955670187459223 0.907703838161476
0.9897300003880807 0.5406868240743514 0.38233219748696956 0.2161483903677145 0.44061324038748184
0.9091611505518976 0.5888101080650411 0.7285379586437201 0.5121234514644575 0.549730026950115
0.16916494493345402 0.5793592527538171 0.1280694664397366 0.1856580575960307 0.41205955567748953
0.6819469003627349 0.16303484044777306 0.41295850589151784 0.30610298423256477 0.18819165231894508
0.9213307037025675 0.4238415785318951 0.6230383414085259 0.9113703778031246 0.21670717919177473
0.7513525447632634 0.4667022137959921 0.18729395083837908 0.9606655829588656 0.9035250931293126
0.7663001146142516 0.8691002983783146 0.9691776449703928 0.9782642836444819 0.2694803143270631
0.6032866432929762 0.7694932738249928 0.642848905597897 0.09082998512701046 0.32127492228967036
0.4926794225633704 0.9429215961357659 0.8858338898964969 0.1292283877865873 0.1898367609426752
0.10922728271650639 0.6981083270385484 0.6633842015440017 0.024662536177202043 0.759364434713764
0.6268481959421811 0.017830952155862168 0.848061017386571 0.15438684581331974 0.09247075170236718
0.19854848360208466 0.36089208894407954 0.8370238869862432 0.32087441981178866 0.32910107135142785
0.8580297148119626 0.8470258919207949 0.2476999837736873 0.9396742322188805 0.7321354366198223
0.037204126811917315 0.27751047708553656 0.5867574028726169 0.5397404751004349 0.4667046139425245
0.6201812278984462 0.15958381411866251 0.6492804789614942 0.1581794038212242 0.37804944644438154
0.3063321681823248 0.3954484276016179 0.04088799189491943 0.6887047572516791 0.3729909773520794
0.3514333714962754 0.26168672455600284 0.2650292196516507 0.2839724604421303 0.997431935237509
0.7114255994626938 0.4422917462173843 0.7014727320813302 0.7280185375776962 0.6864969395699431
0.07764578289907109 0.0974240844865707 0.2928231363420545 0.20807003537127566 0.8405606790918015
0.7580811457205561 0.7561270088187255 0.4662368860189329 0.9760413247150094 0.5223896858590132
0.13681555824671388 0.5408014979379114 0.8507117636053356 0.3821480771962906 0.07718202071631075
0.7689144934438833 0.13774027565273772 0.01714746214359153 0.5245725017339755 0.5547973293988258
0.7734429339290314 0.32266066505211743 0.2597799859235692 0.2587378176706244 0.23255320811833924
0.8142784230026087 0.4979017703928028 0.4971857534400633 0.21380100754594122 0.6925664186899345
0.17312501811475778 0.3675235300470051 0.7488815108306645 0.5265679252740604 0.8764367931922131
0.4986359616050934 0.5030755050229666 0.720752046734317 0.9265290879159244 0.47108327754217305
0.8263557409219201 0.02558482647426763 0.13987821530150146 0.44651429337486126 0.1953079631897211
0.2988467878605613 0.9523705550562941 0.13291527509519385 0.46607363141086633 0.8123821276060686
0.8094640314328017 0.942410807183846 0.1268723067388008 0.6463070206339325 0.4288214880764474
0.7347362215283084 0.9447973036257641 0.6332166754379747 0.0862224722340722 0.42322004076118824
0.411552608024361 0.738149171492736 0.30937754245707316 0.31749929679603617 0.16284905900768143
0.9676984384200935 0.6425286768761971 0.3610078590110427 0.8612264067482234 0.6976322674298497
0.2882228806709186 0.8002941570380993 0.5007168696693934 0.746078178692363 0.48262924261205886
0.3921175138610302 0.06085758643218908 0.20322090260932257 0.9981290626100978 0.9651763519449058
0.046720551957435186 0.754208808248399 0.009002755286781183 0.3700891008494338 0.40453808188369966
0.24718184293031198 0.13641315680239408 0.6050112942817509 0.8507862594286206 0.717319522229334
0.4359584309049448 0.06438835472390714 0.5050451841709971 0.7685121267366066 0.7082604685423559
0.662360485507265 0.5987726319853547 0.6063926014994018 0.6260372496329323 0.6821517686629714
0.5890535486163945 0.9829867985774445 0.05227765642510451 0.9518288775192195 0.4679645649243517
0.0021643560590305366 0.8519955493422616 0.24811902507583805 0.4463933262570118 0.10960706428520284
0.8502032801314104 0.8000117106133373 0.2860270319952226 0.3000055798059529 0.29182784309442245
0.7246562946527165 0.1295658795983925 0.10437665696987874 0.05240323191428775 0.9554476340944232
0.2400204409251666 0.6378507056240917 0.3285601589345848 0.9330855657369168 0.8789189109704382
0.10773366327914669 0.055685567286610005 0.8013493707039119 0.46673092131068983 0.2608294247152979
0.6982534959159807 0.9786909237347807 0.3808922059334888 0.9355927172240008 0.7178569508557838
0.8009557269321154 0.49609922419439534 0.49031190106096423 0.18836874662340797 0.47514113740193553
0.6498424868609747 0.02492550980484043 0.6418319166906504 0.42803902374851865 0.096774281140932
0.17830858178714082 0.9665004956648656 0.08755755304659041 0.2418846031071321 0.7287314329837614
0.9041277694951131 0.9681138304082242 0.2228397743101762 0.6233346651832988 0.6299063160108974
0.3245638832656662 0.9690244572913258 0.040268993511902385 0.8168813262671426 0.39771247395613996
0.9216902589931683 0.928523561962952 0.3917064193508816 0.7646604369659032 0.4544677498501878
0.41784067839772276 0.19625209743431382 0.8873447442378721 0.9117513730051492 0.833385336786168
0.02627341604743627 0.8673732772436683 0.6929955127586689 0.5478829759844381 0.759749037685027
0.6431286162850257 0.9257597501700815 0.570011946353525 0.30984171345142586 0.2667741506605992
0.542050455921205 0.966934677794335 0.21615894655022583 0.10991024446738396 0.4690937163862884
0.1074524911594088 0.21628361564369403 0.9082136750309832 0.6564785402657242 0.709802599491093
0.6467519727351416 0.35576005475288097 0.8225271186588511 0.2897700649771088 0.9589776727112874
0.7620612360117811 0.25913037494797975 0.6681237894141607 0.6554733401642827 0.016445842265224497
0.1773695253511849 0.15508124323618655 0.6094735487314125 0.33800486298021337 0.5451501090984194
0.4747836223861075 0.7457142946346174 0.33839099741163337 0.8241193192639874 0.01598000698222224
0.5596316028272503 0.6019035308938909 0.8159782685273124 0.9423697205080372 0.21589342259409539
0.30172394355458243 0.23039923931700912 0.16977095655830587 0.030560179937679233 0.734299444276086
0.10859968636774697 0.9932140773006015 0.88673153519577 0.9458605817450014 0.640360869523511
0.01580477630338195 0.9774699399470319 0.5817197868343202 0.33472473579631534 0.9164382961399624
0.2930696390238553 0.08527601563656506 0.1458475212818231 0.4696367059521932 0.40329937849199793
0.25459605296330434 0.040352840373516496 0.19910175429759958 0.656893110556472 0.13394684079811314
0.6851582900981746 0.4524404560992923 0.285757828620283 0.4767153907001228 0.10315811325984936
0.5485729870213389 0.8537999252437215 0.1765703805463702 0.16869608466602726 0.23723184134170894
0.34454964269120836 0.2784066917984839 0.3312203937795968 0.18388142454717116 0.7044710567306304
0.7054823885658166 0.00823733216957201 0.44492400732025206 0.7103228365863434 0.6517632262875243
0.42409816531934486 0.6349820725905883 0.21383494816005955 0.7040816939730614 0.03891047093180733
0.4433789487846589 0.5672736784453346 0.44575423499134215 0.9700062763957099 0.309677499453444
0.0030614661634141838 0.29139814654853347 0.6280017118721254 0.23007322753888815 0.028491560027567142
0.3115078683481559 0.1893333420418819 0.9182572523383312 0.8834011197702046 0.9830621401841427
0.18200559211696365 0.2663514410024753 0.6033038001046481 0.9844470274393611 0.7452786804776154
0.7721347393726015 0.47090570992855774 0.2904149136221178 0.5215483854789482 0.06295080663126396
0.32085415271378026 0.6139528038415542 0.6560867028430907 0.6843832019108264 0.6266509569074029
0.9667375170127224 0.6663071296607797 0.24413685363534654 0.9376657365151907 0.6746914881458722
0.2469615434188429 0.09022228182532299 0.33898140582168945 0.062365147153843226 0.5435558710466084
0.6268411416234612 0.5716543472245617 0.729896061089725 0.3091706797760009 0.4565262121934738
0.9542477480780727 0.8726658869772236 0.4638183738300854 0.538439399015886 0.7773228848515982
0.9725700269948809 0.8596441498992856 0.8366648894942648 0.4987760514162186 0.3761336504155709
0.6319214120382176 0.8120319382153749 0.9109369732331022 0.5731439076097864 0.45208630563291907
0.8508262947355762 0.7573980373356788 0.44385959579035794 0.5730748791102462 0.41082183683455253
0.13981016313428485 0.5159960414524899 0.3357884524101077 0.34712574317240175 0.45603046912206846
0.7018308717467682 0.9478455903178328 0.7912714843948471 0.30423738476411333 0.021542907941079936
0.42503089022959617 0.11824085245660365 0.1671364399830354 0.15705986482164758 0.8049486146593262
0.3465659548645358 0.4211795544080592 0.10645304651456344 0.2811216263021803 0.8615109489024398
0.7015310613762139 0.8333973647012314 0.5078586070337159 0.7000366249182302 0.7108080800110764
0.28631632758604764 0.2309369897139545 0.366537969101036 0.3725991449359717 0.5218363716276091
0.6815869992115018 0.741061479767568 0.6336457352450267 0.22953730686664398 0.7110514283597088
0.5764848755534124 0.18659800760219636 0.3040482915504258 0.3589317870867438 0.11136081745683091
0.48277588188730525 0.8352708576239548 0.07088273888597785 0.9957277541837013 0.5889420608760826
0.5805899373760387 0.42362568382635 0.5059865954379095 0.34716332474016887 0.30427254171871465
0.7439375067452052 0.27246667122091983 0.13250101240657375 0.7688861120766849 0.6120648869196833
0.6007885959937531 0.8538308919424548 0.30902299997276983 0.286111932219404 0.987761413685251
0.3305320139562936 0.7253796601723119 0.15271665864053097 0.9508432611995037 0.30840292784387147
0.4496940460102661 0.16852151597449172 0.8009558593075035 0.6578475076795598 0.33263932792258455
0.026713992258478148 0.07907019900389645 0.12311446634125156 0.6084197539660281 0.500417296959268
0.06420775177837623 0.7389722278709895 0.8331873028841906 0.8360310595259204 0.9644961299594567
0.8472770450810387 0.5573366299784636 0.39169453107010066 0.9900667701209549 0.5715468997600098
0.7505270852635162 0.9820061838801881 0.19147211466313996 0.5947612115122352 0.9596087901639698
0.044881186981558296 0.01722354082748556 0.08296298630025334 0.5550023115095611 0.815843708508651
0.4523920484496914 0.19699147376548864 0.9394668990949858 0.9934120870789372 0.30669779536959707
0.590756785844344 0.6676188270158369 0.6659286794627193 0.919112078548048 0.3820749678722466
0.45087586341315955 0.3444154003946802 0.28226697189572925 0.27200982140656527 0.7978080434119401
0.21850834737362368 0.13880434091377947 0.44886519975449846 0.5160972310982933 0.3530192178405056
0.624450855552907 0.8657009686247324 0.0235563320204929 0.8475053853721939 0.3634017600422964
0.34668341277518977 0.470788017338192 0.7867641278001336 0.9612634112509386 0.9395812375050767
0.7466188788952386 0.5690373149762002 0.23888032049596042 0.08423082542897042 0.20468508645423444
0.5490291285781664 0.4648002708318689 0.09086156865323125 0.8928786181804712 0.10065489420545282
0.3467206921368359 0.0566000438813955 0.23214433574848048 0.7288224174033956 0.9340918710689686
0.6564991080581327 0.3897636320371305 0.06280016031627733 0.9395776737798963 0.879752897723863
0.22852971944288802 0.5451182080341402 0.5560528523819863 0.8416484891561351 0.36691693599813224
0.9411278282263469 0.04288111183603138 0.02229529535868424 0.40726644039858173 0.07850359962996578
0.0722265007399634 0.9424997385739105 0.7327477276299464 0.25613776903365537 0.9975316346827202
0.030677072960336504 0.07957045395890927 0.9676983692330289 0.631938340811006 0.785499849013591
0.883017002029052 0.7801824089072209 0.09352865893934703 0.7305432517669795 0.3945439452918639
0.6042190119859413 0.42358593230080455 0.5469725180296586 0.9154908679758438 0.168352047043683
0.9226045544697182 0.7383523628441184 0.7900645532538101 0.3327770653702088 0.7143310393025263
0.10910843546873161 0.761993723892233 0.6398801145187143 0.5415243343524819 0.20143572966479784
0.7722266853846083 0.33144620886989107 0.0335258620224167 0.6132907679674517 0.04811273314495512
0.35397398373911804 0.10563522756517751 0.9532807564287682 0.9083042519082005 0.05325757856691138
0.6478166257447554 0.5715933655150025 0.41337606438027663 0.0270227260164444 0.7904633985813379
0.05265292805574262 0.6121233207484019 0.10251693176470444 0.8751073588490594 0.39227414257521886
0.7809721928906874 0.5054772738002408 0.9079521011797934 0.5748429180136677 0.5100121063106412
0.03567609600050414 0.6089106494226606 0.5370832770524321 0.6203561255976014 0.6987736421797288
0.3748026010536648 0.5886763068113662 0.4831281092693608 0.6940053449123742 0.5366402065049056
0.05795090019328486 0.5204497789789665 0.5826151698038502 0.19756165056633657 0.7399718339644531
0.7082953751574886 0.9270835462137528 0.3206533071269627 0.19706490625561746 0.20229841980932084
0.14390394045648347 0.0138723881786601 0.4693353157892882 0.640770149136089 0.8917977657210245
0.524073354856874 0.25481253432405493 0.8012962488280936 0.5572283108814459 0.5932155883432976
0.6477661536154202 0.707247226456238 0.9592012455038132 0.010027632891346894 0.7309411305528993
0.24146005030889628 0.22787280031639312 0.07054514513509735 0.8629767768082641 0.07857350159346177
0.827803202168736 0.08583357548574122 0.1164466453019849 0.3555363707207795 0.9498997962826393
0.4656189853576732 0.6446781498802747 0.2505761676304076 0.05579554636180806 0.2722319013565505
0.1769011466931395 0.5584226023469564 0.11284018190525369 0.5921054671621537 0.18288691245293576
0.8799640975141335 0.6795923504950028 0.9422390919421949 0.2504072454582329 0.7554589334374334
0.03762061799772498 0.566409642231287 0.8178165204190314 0.41975010811568436 0.056684945706582
0.7189460841999573 0.5544529035912558 0.6444708374577951 0.9827419751610433 0.9510060049253396
0.8493130898696939 0.5543971420347014 0.34584337169951107 0.48318700666870606 0.4309083950800471
0.8810829448764573 0.5927808511506272 0.23953045926387084 0.2818550661282453 0.029868242399354372
0.9632534403206438 0.25958948024600026 0.6509023570411424 0.8177941468060256 0.9234738749937295
0.22277968080065447 0.23940846827087225 0.629733424287041 0.6897048695421598 0.16165293534850056
0.5990249768573906 0.20959228941780617 0.23183040710993164 0.2798799493338806 0.6135314230933151
0.34182863135041386 0.009588080782429786 0.6366903661461286 0.05029387172521316 0.278628758284307
0.9734758717981967 0.28120042783348453 0.9640060154052013 0.9707311449315597 0.7165153184306393
0.28633236084175895 0.8744557342185654 0.14061632402502644 0.6146281266357662 0.0026370374231483584
0.23842141832835784 0.49455091830810805 0.17259832197589398 0.8322809469666025 0.23325144233710782
0.38328566378621176 0.7021461187837901 0.205808668438766 0.512793444902152 0.2230385307509376
0.8484381515961059 0.39141449497875624 0.698228302581878 0.09584460317457788 0.7078159189417806
0.7113497746927565 0.9686743593060355 0.5879626568279512 0.11946867530140126 0.8624385619082883
0.8114778250888719 0.15169333968178578 0.3282314060384752 0.6335416232543553 0.8711895783875981
0.06433991212589774 0.5680705769059738 0.3470073090351615 0.08551704958227391 0.1901807414397808
0.279479310626613 0.6863441705665594 0.7498931610829355 0.9953288998478635 0.2391398293321142
0.1276965870845428 0.8848066757381825 0.03253654960856467 0.11115956775805802 0.9607842784327998
0.38521716256242233 0.9790449656527488 0.01914206579977573 0.5335896340830114 0.903285922910265
0.49444992501184093 0.12795532260429898 0.9387767100110246 0.676896696218819 0.7931651880242707
0.8806570603058366 0.4794552414340105 0.0511683141083189 0.7776979462979472 0.28462091868553174
0.030146355283472204 0.962809916597895 0.13843992284832973 0.7670841333553983 0.7575211982839467
0.9540709509724967 0.2980504137659967 0.002117145512550822 0.5944645358077313 0.43953485931442127
0.5082316542637645 0.9202332945116051 0.8228908799837801 0.5201994990430999 0.7703530127823269
0.01715791242289888 0.015531055682663553 0.011125418770568274 0.4378650346241396 0.17477634542215692
0.6380341667623083 0.08869618409140445 0.7326954994735818 0.040311375844659825 0.9816037715249771
0.23639720295185662 0.6990895606210636 0.8107534979999237 0.5804726680639175 0.9417770987367675
0.1817579315411566 0.16130586042509298 0.6479405713036154 0.8273088041074651 0.23653853786085188
0.6667331057376709 0.5755615152333176 0.057579771504817745 0.6111524776790859 0.06619455388533568
0.40518988732989836 0.2492622902909769 0.28195923180783733 0.3172295646138289 0.8169046763589977
0.23303355363175227 0.2230300122179233 0.8251104033583556 0.8494306439347362 0.1410989564869931
0.13912885848288925 0.42838965212145885 0.6922731845128992 0.42994628365350696 0.7536721866279898
0.4082398059298814 0.6710717798765362 0.34116472519506325 0.635718527650946 0.5066714000430079
0.9403709222438114 0.1477032871624434 0.10028919713714768 0.8608123591805875 0.16268989797666555
0.4467254945526483 0.04550385718497618 0.3676966095412141 0.5000123248622846 0.8237406770653777
0.31386904798450155 0.0416647740766356 0.23303182162384606 0.43117005923141194 0.5615754078490275
0.5746286307563665 0.06918582121058103 0.2800240232780894 0.639082463150273 0.5231297990597884
0.0919871575174086 0.9473243562675016 0.6848584384548231 0.1808560342694382 0.4076111634562326
0.19120273769785923 0.27079490553440655 0.14653360782007896 0.07349437281585514 0.2896270664036289
0.9954813364296978 0.6527811522005238 0.7557484818757926 0.12924331715954362 0.020467892892689465
0.529599354301876 0.22846811959176738 0.5929204175583658 0.520551137622459 0.10317095147683619
0.21598672833761157 0.751911330236564 0.44615772235377027 0.9525843201828657 0.6683702800918642
0.9547384129653318 0.9515129746655245 0.8083511548135586 0.638634850595194 0.5865918973368762
0.04448402727914336 0.050318438147540445 0.650473724068404 0.6620642474718103 0.29214899263710903
0.14360520952032207 0.12425496245424184 0.9634803522727349 0.8207069650236943 0.04035433686787093
0.9699342658742447 0.1834324443465789 0.0779678489317398 0.9351841296296693 0.6136958379590587
0.4310388757634688 0.1922908833503808 0.18707977559676747 0.751219684416895 0.9336863301992397
0.8700333105054944 0.32142788427774194 0.2594384281492631 0.6046083030771631 0.22640540582561064
0.5538721338210075 0.0437414780356743 0.5102215876328866 0.3724875249212153 0.5082315957404832
0.46257056270248986 0.9259292531774274 0.320911892260763 0.2763445699284067 0.7841924546996056
0.9816301455859746 0.9770614444278038 0.3451036299720187 0.25285987801326926 0.7280785781646902
0.03310857153929625 0.7962895938605562 0.9914176274877818 0.660047680371081 0.5549577567206926
0.8230410861866883 0.3293930923806878 0.43412859152793526 0.016238146810850118 0.8495774968964636
0.03376555802684589 0.7309305467518443 0.46697907082362844 0.9116616307739268 0.7119319955635922
0.2483905200216423 0.5351816881089355 0.028926988447983693 0.04733578102243663 0.1532188966444351
0.7051542943443375 0.8727738919655413 0.6255304751277527 0.33379205602496254 0.41612785739555724
0.9970306374991114 0.8106733480483962 0.34413345300687803 0.7021857133820588 0.31007248654314945
0.9785823753598681 0.981095849411753 0.20805920098087705 0.3422996541750525 0.4147540826450783
0.33270235629209755 0.5713834948627518 0.08588317224773279 0.6602535663937398 0.02784149693106086
0.7566639436817962 0.8990792146904539 0.8341234394017052 0.7616962386866092 0.03139406305984349
0.8871835911535685 0.6824104315911281 0.5054443293576238 0.935615236297674 0.31102481395341386
0.545323794801335 0.18380405256999421 0.57074562975388 0.7429346730522897 0.22435814520542074
0.9761107885509679 0.7510909906321342 0.9899861167885232 0.5462982107837878 0.8403843775403974
0.17744336606007072 0.8879372306134782 0.7346832743765375 0.2927566853443815 0.9731836299082746
0.20242481034525228 0.3452095551869615 0.8061616538819214 0.6912253365594533 0.8014070542367723
0.844761241198081 0.4294158852989367 0.29360581059829993 0.01122654019615188 0.23091493510786854
0.8995921277615021 0.7347135087541375 0.8001288255457706 0.6697049690945512 0.39092700099774524
0.8400425985780074 0.09559820316384493 0.18071650387598004 0.5241307492003389 0.034458340525358344
0.2348904357581335 0.6837592839062302 0.6388892168000516 0.9351213879253663 0.06757802263138246
0.40283033622794695 0.26785314869761845 0.5808241335042155 0.16992460520884278 0.7340474389189786
0.07143094095565716 0.5254099689642207 0.002643580847535243 0.18298302236790154 0.2809068043955627
0.6271764819461421 0.08387411313133553 0.7469631485654183 0.24101991763662212 0.21064275405682498
0.5048161521850935 0.604033174258127 0.12266211148045769 0.39617729917081357 0.5717068238337
0.1739560238380764 0.35383996803342177 0.9199718385547286 0.1274396822563656 0.09913799277345092
0.4227245014229327 0.7990514018584528 0.8357140989699677 0.6378325035132144 0.3305553328505253
0.3788940784888787 0.8914926906790961 0.0034243493827017524 0.16794048067085088 0.7333605766201519
0.3408529147059475 0.5746701610103909 0.7592022330770025 0.19204573295293137 0.8325508459857622
0.4292161238906669 0.6554649640891401 0.9280896399638076 0.058247692936722606 0.13790868550364088
0.15122293214761728 0.8271257520770192 0.7979955350080911 0.3057517954193726 0.5204121287476269
0.505965321664276 0.4299481794508281 0.5988659150921529 0.965182531008336 0.17469779857482426
0.2928383746120353 0.4406609201857248 0.6026229288489874 0.4749205534362445 0.010637939687811682
0.6687697170177214 0.1424282951812439 0.27222039959272915 0.6947111758577147 0.06546945858509201
0.9471422283067917 0.8898156107633975 0.7536800847605339 0.8479710564196321 0.7762444092541813
0.9720938654681267 0.21947352887589877 0.41115788120864605 0.7158390521255751 0.27097896300582003
0.8696319584191837 0.7710743581446301 0.32438075043429004 0.5799417908553286 0.6227347129324186
0.174382835852107 0.3354446176293193 0.9555179175727355 0.2821131944066796 0.6050257048173265
0.033115872756926845 0.19424741999833994 0.8372933986594147 0.821267813276235 0.02914832861020511
0.7929194552456296 0.9332442279908952 0.7328394128121194 0.859450410120026 0.774244875399204
0.25604870156062365 0.3394397877070203 0.9980104826713728 0.9732438202829404 0.2506517012647015
0.6484534450901777 0.12769235840547422 0.5610334253546951 0.45169523516278187 0.20254989419193803
0.23327328277727688 0.03684202664025249 0.015393295348971714 0.3918089923431891 0.09596994432455619
0.42459563518493004 0.33282810509785343 0.7561950871722957 0.35679764293084204 0.044018930663603184
0.9454244582695361 0.3886289324343458 0.3636541952396619 0.6051819518392199 0.15035097655072283
0.6131512410297968 0.4665189880241779 0.11870022889992604 0.7809388861240021 0.9036837445401519
0.5614559477088498 0.3594021704548137 0.27984585454168087 0.40087516203565154 0.9093760190909875
0.2291539079337942 0.8232510081411513 0.7366645422194196 0.15798270611590137 0.9365086063858999
0.7840163635187457 0.9151807342619495 0.3796441409316553 0.2865425946670439 0.8118412025290865
0.34006341299546594 0.18423758604114138 0.8063388494033692 0.926949343767126 0.5687972280647426
0.885101253021513 0.22522141255826156 0.4183842286212204 0.27538493602980085 0.023895974079761628
0.2614885600816057 0.46938083256991847 0.6252771239219735 0.9211627971380127 0.06251350945368339
0.04486331480656236 0.5208653138477745 0.7259405905825573 0.09743533347738442 0.6953637022056937
0.7441878177692559 0.014880110311165429 0.39797886173440133 0.6685299708111583 0.2522241541168714
0.04498311586340553 0.8773008736937664 0.19092766964586327 0.7281890219437085 0.5488212074241136
0.841080618186376 0.8282975287733181 0.5289338880655301 0.8154012592579236 0.7373099437750855
0.24046449380684076 0.6971940374624187 0.6708352586163466 0.4595412426939378 0.40164485817023854
0.43421843238641367 0.12797228973350738 0.5837399637425548 0.4632824923022504 0.8925113761560152
0.8139010257258718 0.9599777725309548 0.3757347453666763 0.7956369246688395 0.23800684987281062
0.16476934071128435 0.9172322237507436 0.5979748741110877 0.10538765577953346 0.36881474931090297
0.5914634456687039 0.28166186865150755 0.7970134273385197 0.945865859011445 0.3385001834261556
0.07171755510877742 0.06563594823258223 0.07062593252959315 0.9214979930882821 0.7862235506769181
0.16098584220248768 0.8501773782071553 0.1777881377750372 0.7790549041451196 0.8727598473492193
0.33865460323599006 0.2029673464551881 0.7641025521765545 0.41058194239147805 0.7663159661182444
0.37113261292977107 0.02134139518924527 0.4009996668959005 0.5284728235906628 0.6507557394532165
0.08211324019201183 0.17525716560010596 0.45666804450008547 0.6178487271685437 0.6717284205247647
0.25599882911316674 0.8052242530785347 0.23264506988635714 0.36380714639333955 0.3633804390221458
0.5717164977203564 0.41305776639849334 0.10805866158593225 0.17285594404812277 0.577027769051178
0.42916702865034284 0.1336970408083068 0.21663660774526483 0.8041552266446577 0.7744593351280364
0.8949552222222523 0.17187900512436138 0.5899402546817276 0.4215610712914417 0.39681685187586235
0.9625735296725028 0.2083049923243777 0.35766284402020854 0.6650486422277607 0.40332631583750955
0.14990894557140155 0.48161369017927025 0.8367762995916029 0.13330996306970977 0.5308217014659833
0.7687147231838157 0.8425508690841583 0.3767965410807437 0.017464828838949953 0.9362833751597547
0.32178356900069016 0.8543180159778273 0.21126353901134332 0.35721236349872765 0.34990704167305875
0.2928703046398591 0.06648000124137965 0.5036977825284504 0.8599367522066673 0.9396393800578781
0.9787024705043211 0.9033891855439006 0.44454927554375356 0.10726419568132206 0.7284893622436904
0.33792154105102634 0.6337867670339 0.5434052284257251 0.009460148042142125 0.43660599207380335
0.0930753198793216 0.8542022295251741 0.6746625268627541 0.9616962714103668 0.8466811252178873
0.60799115899829 0.7865752364451497 0.249615418727419 0.8683428872310639 0.302362428225757
0.49568121890233896 0.7802500159646335 0.18354574216582498 0.8207019383449051 0.7552892225546725
0.7344062762107173 0.3129522927310545 0.9526857490984352 0.6809184087744684 0.6637268091902917
0.2170973025096944 0.49516324940795065 0.8940559966715584 0.38512158394634866 0.8251781171304997
0.6506096348588791 0.010840891093876537 0.5605196025998044 0.8662904339517165 0.13689449184970393
0.9223811936850678 0.40425111678704984 0.9519035289674092 0.8826793259525786 0.3923935243746256
0.9188728705177011 0.2801226601144666 0.641835491765522 0.06414836571962734 0.26184469657661824
0.6667810798287381 0.3986390976792895 0.08912281493317309 0.7942456684746483 0.38584108263558814
0.1491420701482865 0.05603269235925146 0.8505511092442848 0.8664980734765275 0.28780335682675084
0.4697506622615848 0.3933883545000937 0.656474350028917 0.7731401110190574 0.16490793957825423
0.6380176085279763 0.15294167800639935 0.13322563526129338 0.8808488842414296 0.9741121495660386
0.34734124019754375 0.23056807142637126 0.2277776170062623 0.6333771294077615 0.5844154767619917
0.22286166472626245 0.32408379568972845 0.5374001554882404 0.11018489660273523 0.04820874727736235
0.720130218788938 0.3693902992269764 0.8843994505726235 0.6855905067645903 0.7809838175399632
0.512067845645466 0.7561880539747095 0.1515271238833028 0.16049348467965052 0.49180974087718676
0.32322937175198596 0.9717694529239957 0.38322669054299663 0.6672459806110447 0.4714873042928527
0.965052869868163 0.7245238530764375 0.35860843355578453 0.5069423633061304 0.8135087570647835
0.45253577550664703 0.17789479831024702 0.9989288707398548 0.35035754092427307 0.3107315917938368
0.13677333080994658 0.6697521956713007 0.828867740158884 0.7191936208891354 0.9208463785920457
0.7785619197745849 0.49747811003616826 0.26814716934057226 0.4884480271394014 0.7492274354185202
0.1516439831374129 0.7850338880905848 0.4195265603722069 0.7189933013197762 0.06348266630720778
0.5386498998634582 0.08438328507444837 0.32634529231971643 0.18383338191733511 0.9736789594305771
0.008764140792683506 0.4758461262853859 0.4662329917458844 0.29881235728140987 0.14913398889929086
0.8983177877050653 0.6796831003540396 0.18530780401000413 0.15711164289953394 0.7450279276760072
0.23599427100297354 0.14494868991043763 0.7779936911779127 0.21854715465155683 0.3401104260941922
0.7901516356789607 0.527772814351795 0.658047157621832 0.3899848367491088 0.4502476874119984
0.14358083686778023 0.4956582782867377 0.9309847818432436 0.28554176853756275 0.46095941757392134
0.15256142368733394 0.8240634244394079 0.718012911740682 0.6884256302402931 0.09904243908191301
0.09088797470067733 0.5279226477759873 0.46273729465155455 0.22170668041579034 0.03511218362798474
0.39102922619060143 0.2504246279179544 0.08385271766252123 0.9644479722770108 0.10880905813842368
0.9319248029755807 0.4465212994076937 0.10017627296789244 0.3213407143473912 0.848464682847303
0.2560196902301751 0.7251524751823114 0.5681721127686268 0.7097095993531282 0.935690617969789
0.7421270742236195 0.8860496358485628 0.4613764927598575 0.26214784898110055 0.8146481340077386
0.3566801051120261 0.07044481284658177 0.22736865929922245 0.6981175879320308 0.7597338270965165
0.6805828081572088 0.0989963557095821 0.6608469527286913 0.6250784698655703 0.8857093431287605
0.2188740988580119 0.3626608411525948 0.9518656016638568 0.08446736625964701 0.8238699929582403
0.27959982594579424 0.4805595623178718 0.7637829588549035 0.7027525584538425 0.004528339420631244
0.6018069716733866 0.6856804436833177 0.39669642313088227 0.050633834134920175 0.13676427192625362
0.7801827412739211 0.5139440883499431 0.9340482864731897 0.4656162517562563 0.009806588451937714
0.7909814204608531 0.3986345983447179 0.30220908359852217 0.6122334536516938 0.9455607430597996
0.17768918023940228 0.5954004082026414 0.12069165206657595 0.9869104824108864 0.1146101695003936
0.9473249923417169 0.06970513507313714 0.9183553426003346 0.46198304331505025 0.1808822765041368
0.47604651551091814 0.9892905525063687 0.685790078829473 0.11968162089669543 0.7129645925089426
0.15030832001737726 0.19057264586627576 0.32037667171835593 0.17749463520883402 0.39200865084890757
0.08173057068090261 0.005953324563932383 0.8783070966145068 0.8607718031181884 0.7944913689144929
0.12909038650033544 0.3492019705015357 0.5539566802537684 0.28640654618451034 0.7668644127629642
0.341152128290075 0.7059913565959223 0.770128358667664 0.6370094007354404 0.3030913686623139
0.5019092855039324 0.010132743031754265 0.9919132306240267 0.27997460966698373 0.515564394323683
0.40848923650357327 0.20784498038936583 0.8362769793603855 0.33809776241854184 0.815742028265734
0.8102539492796103 0.09398899930079141 0.4548479565285507 0.7199821367388318 0.8415149057321406
0.6558664933597124 0.4298858035211355 0.38277689994671804 0.8463982308809521 0.9223588986400508
0.41046073073446765 0.6541757742835786 0.053192275909453635 0.6206369439816963 0.8481456936678743
0.8880016841410234 0.6187570958885439 0.7561337983745435 0.7359765367154941 0.4248832322708367
0.41842585039971303 0.37486602142447645 0.761025360987338 0.06064630454628461 0.10579394359175964
0.15181511181558283 0.928299052004991 0.412064465971279 0.518648974375328 0.7068669882094546
0.4813798432120928 0.972211816854298 0.001274609726960363 0.8667417408561846 0.13588853981831361
0.5414512992970837 0.6299531837771017 0.48472716644476066 0.7340523519050782 0.6227353199599877
0.6426624652411927 0.44631057306175725 0.6531239437831738 0.02026428282849424 0.04895747780828574
0.7736225710760501 0.7706600370267419 0.7144991203565396 0.8962742257984715 0.21676988538149833
0.8772107708781958 0.5247461513039609 0.9810512977644072 0.5922369881333714 0.10903980368493649
0.2934313886522124 0.6997402627961302 0.20509012109702363 0.5137162260304633 0.40214436318162117
0.07859302639072008 0.15583614884022023 0.6185604240984648 0.3501427127612241 0.25701818111185337
0.23058744341567194 0.3325307644566431 0.1285377123694902 0.0010721474363060146 0.4765446656837824
0.45707312949768475 0.4567388213730571 0.8326587784751168 0.6633908750543297 0.947001770741923
0.5351561484640244 0.20186008650924037 0.9838914447287271 0.571559821187356 0.4501010371879658
0.24366246654949153 0.9589991680029321 0.3089804784296921 0.10741548743858909 0.14731353708132078
0.1234679783647179 0.8810201855459312 0.5160100719729237 0.4706473690291638 0.12624341507972536
0.14214159642954138 0.9406181380233657 0.9409146226890903 0.035245908826626815 0.6286680389059175
0.3862585737656903 0.07160076066139598 0.3322290374036686 0.9684981221229865 0.291302988573782
0.8796091977805441 0.4927888463768997 0.3875370902217947 0.26380475920315116 0.5482326748522857
0.42476056676609664 0.0781461951480531 0.7840198503423073 0.5749887434580566 0.3380477142262601
0.4136348665205971 0.3512433082228843 0.7032135811914306 0.07491259179255749 0.022470737964729093
0.43086755325494974 0.16312553879169434 0.046369239839600174 0.5786700960990361 0.7018815549411243
0.6598570073893573 0.9902428382634532 0.7298982210058768 0.8864887584702336 0.4910283979399609
0.8349036324480371 0.9485572267565902 0.5529889481554445 0.6588917889766464 0.10902314047764483
0.3990244512318498 0.6917909483983197 0.1406395677564103 0.11342451739380377 0.8200592468467902
0.941269023239833 0.3808645802344296 0.6216091790084395 0.42282198462866827 0.37315356505197095
0.807984291243447 0.35607885632741054 0.964477424040617 0.19657369293917004 0.7395740102198141
0.7324288816458957 0.1818118399381009 0.7939129855996175 0.2544617757650788 0.2964342506439417
0.25287999732140565 0.363172476412566 0.3913390931737818 0.47808131450578895 0.7544684640541611
0.9674321868091298 0.3089878430625227 0.645469264371211 0.2922271924590787 0.39869515430431257
0.026136793225324917 0.04329612387882753 0.0371648475084736 0.07241322893013902 0.23149371554994858
0.8836232481269125 0.012169780740681979 0.6958831391509 0.35270220428802046 0.6402324682179037
0.850841699237554 0.565101796542065 0.6579169619826117 0.25166956231946347 0.6969358422416294
0.014176485717081078 0.6058609009120798 0.39797629412997093 0.3283558200557243 0.01752618856561572
0.9374987320458031 0.07351842909912676 0.8999315885123087 0.4982525929669519 0.3611600564724379
0.9876322470092335 0.244532580402249 0.6824996319612727 0.4161795050018581 0.7357354337275492
0.24965665452402352 0.8500217120442969 0.7278437658570176 0.6848711840626819 0.9217631616116091
0.9196186434257887 0.27290717993595603 0.08906236019790137 0.9398670129302582 0.7919464249199081
0.9749849203743038 0.18631862664898968 0.14563009080670752 0.8178679261437132 0.7177274768399023
0.24253315683057342 0.9196014484569792 0.36278854311818687 0.2159247709905434 0.5691926839694635
0.5014855849472455 0.9131908660960384 0.3945376089585839 0.9321798783650478 0.24386446055102973
0.49628811991810473 0.426069140329876 0.08019882971784009 0.8447992691008346 0.6621771916654712
0.05663084187864165 0.9143432922495964 0.5982062315749872 0.6204349793696105 0.12920743026282233
0.2577946027761986 0.7588734757095145 0.9401565246373059 0.5077220624825566 0.7628150039590522
0.3736547198943484 0.29028429233342756 0.7121449438156584 0.09272988392925952 0.2062376615713435
0.20348333458507661 0.8329558436608925 0.8248657164512649 0.524485056009514 0.9647594705352506
0.26273998190145564 0.48829033769221386 0.7571732999786741 0.21531099041660395 0.8640311864129581
0.6500994120762356 0.8149615228229503 0.087899277962178 0.5109028007319529 0.8517621407147289
0.7303155988087616 0.9605446908239239 0.8257657014090793 0.17719174748563615 0.20432714107182515
0.6899314441561927 0.9964155969413522 0.9875547729794031 0.2983688464138923 0.5044938908252738
0.8059149590605141 0.07899753014787059 0.8578020889870904 0.8361334352852482 0.06465640689780638
0.1684704307389442 0.30386336469896125 0.11340523722428197 0.5628860810145687 0.49350505041544357
0.1219694678626616 0.9706767235557734 0.4383600596683237 0.03828428162366737 0.3808118009893634
0.526364900492995 0.4300091815161775 0.9257130821609915 0.09447125783398513 0.9216534222721875
0.9804351747756357 0.5513658228350948 0.8427731223799663 0.4758120069197036 0.2422439078427967
0.04383057241242305 0.1782913861172215 0.9147908896180387 0.5438619654984499 0.37550264046501625
0.25131138020679733 0.3261031257155126 0.7664997617016421 0.8921892231726799 0.5870834586771673
0.44652161404285673 0.3929787364623919 0.8794250438969676 0.2777101196091777 0.1939748801505763
0.8139279193691012 0.19049469354344373 0.9145010004994287 0.9901115418536965 0.3538604754225435
0.13121903231084908 0.9730950989383901 0.14742875691222823 0.5627065987935964 0.8135695309134799
0.8767906612481469 0.798900744444323 0.046046950145351984 0.087935390955036 0.8766454283338003
0.7180278396012796 0.8496600634326485 0.2916852221256061 0.3359975977863 0.066848134873148
0.8853027466585545 0.5312766906032582 0.06664941889666731 0.6321308399031123 0.42648595538871403
0.6205613798721497 0.24229907339447343 0.2608365069907469 0.26329193617648006 0.29099426600040545
0.3401167031786815 0.9096247929596551 0.6462073391549699 0.4790424798620727 0.7364200843181189
0.9933495696220758 0.05242935119829362 0.5093297659242172 0.812391722348532 0.3787566091501181
0.479978230956711 0.6730839469483478 0.6943695080030695 0.4725316075528292 0.36296521010271277
0.48726653647173435 0.15036019939405854 0.2251956937750993 0.5339294757436118 0.2637043093029585
0.5923437222856127 0.7632065702236899 0.01926161124994219 0.9846142268770256 0.46636515572888226
0.2322207669367763 0.09916594812502244 0.5380172052982478 0.4980615579400859 0.7725926947613262
0.39048198644089815 0.2927304396878535 0.56750636787318 0.5686173352128513 0.41107959955311413
0.2817634892851728 0.22627795837695464 0.8271418139656345 0.9431878872676306 0.19426253471755361
0.40216097542057194 0.38151844153820047 0.5796086233287171 0.20589913589461406 0.10432731667912687
0.5572957914622078 0.014810571963895347 0.5809524809641763 0.7139815679864858 0.11941035472414863
0.13695116757067083 0.17965071388103848 0.04038119014729913 0.6767894058769303 0.05574435443094128
0.25707276802933965 0.819768967100112 0.0750703936663889 0.7757074403240651 0.43229421941577995
0.7161372614471657 0.8833715126568008 0.04635272423952208 0.9374435567176287 0.3943870689004806
0.4065067256571122 0.1287149557756132 0.6843703813509064 0.181674908008016 0.14595571510169325
0.8316736859576933 0.20520168356204072 0.21522521516995308 0.22510937088024274 0.5617389790140132
0.8305651302033797 0.77153592146772 0.9427151711737785 0.9316060013584515 0.4029252704435088
0.11024382225809959 0.22113400905623048 0.9305984488276694 0.08241907020658445 0.8182113101796243
0.5595799203732142 0.21493497609647771 0.5094953820205438 0.7472244946738575 0.737674530340517
0.7357881542484361 0.5739453775005389 0.9718588032274463 0.7229528166208403 0.1390316145515953
0.8263422608673957 0.04045141738175928 0.47383868021966713 0.7892442217651051 0.5876838856391142
0.6388292652239487 0.40387347110784355 0.17242025243689318 0.5553935558813744 0.6797472461979944
0.8254894050352272 0.13989158952482417 0.8114519270254561 0.7390974884884378 0.3676520797710664
0.26637863541197826 0.9667172522348482 0.6912170231642933 0.33966893100966766 0.24784830479386144
0.9474460605728191 0.12891342932432404 0.5666026677369338 0.347524855374018 0.6902652205336385
0.8444028437455797 0.8351114904531096 0.07184362260994015 0.7661150875538092 0.7634526441594292
0.7460675577600692 0.047963998359969784 0.2996574556138172 0.4941787149459965 0.9027174016557435
0.5827775782300639 0.24637402354835425 0.464835042724954 0.23176412955286108 0.11279960096169206
0.797937292681791 0.6617506174132859 0.21737886773525883 0.20568032199521824 0.538997523218465
0.8110356627756247 0.24131130052935468 0.358493570484144 0.8132164046976913 0.2185349513929722
0.7465367302376853 0.8591725848148766 0.6517292683829439 0.969964769849107 0.7663436849133528
0.544675584160868 0.16113939143868283 0.15233471739785853 0.20235468068718632 0.05410790371028573
0.8186160045714239 0.3491676045647618 0.7782847458719597 0.9001902055950439 0.9418587783113045
0.7552766524971208 0.010806644898271656 0.9979727400407924 0.8985562850594155 0.5723176009868377
0.38304430792249966 0.17008638571354773 0.7304891186192539 0.9707502149556946 0.24734652926732426
0.0702257607700667 0.34152609772487874 0.5896463990298947 0.7104905042780455 0.3704247595711091
0.8650176933681525 0.23452856209193773 0.08048240945792684 0.1934554867229067 0.06272554464036295
0.13978759991736533 0.45310495402379625 0.9531061366490399 0.8587208216636611 0.6362129635657546
0.1679857011255459 0.06872717085032043 0.4012644288770525 0.34165800196614804 0.30422986698290466
0.3608870685598662 0.9747917420738368 0.7395610516671707 0.91052138839593 0.40349099036909786
0.8420600043888189 0.45941595738195806 0.8707714947862794 0.07695329826417674 0.4068031417885877
0.8858207517116654 0.0260897878657127 0.06280849933170907 0.06462667019763002 0.9100107333480787
0.16834024496476607 0.8629134066329023 0.3330754957262735 0.5364815799717302 0.7565011759096689
0.5417395052274551 0.43091516798165064 0.27197218858536976 0.8914194044900744 0.3315368204598632
0.17448880227318941 0.8345059498567376 0.5346507104380624 0.729297935801514 0.09996187595933625
0.9605604002475783 0.6993492907871943 0.8721105142029013 0.33114048136696506 0.5698780477134464
0.0667812242328133 0.4086095913306399 0.49323165586599893 0.1889720695991599 0.6303548143508769
0.8186783450920379 0.7662462087519559 0.014579593538531666 0.22080261538408175 0.3604693923474893
0.731584530440673 0.8570041441078662 0.17687587830402285 0.6753613123273122 0.9513110617184383
0.05631604103610788 0.9198390787282027 0.3538485181908618 0.34636208545538605 0.6285809605851399
0.3812256028261575 0.8184027657667328 0.3412888661031961 0.31275089378482146 0.4999744252970083
0.21218041599952464 0.3259610524920987 0.24494245364209655 0.7976713753635757 0.9109864157722407
0.21215807398878084 0.5537351094701575 0.9119196913202285 0.35599010061839487 0.40226336326520495
0.760303792678863 0.8611105757906319 0.5806988792494205 0.8505602989848 0.133311936724695
0.1272490840822258 0.5109520784126753 0.5340357509845165 0.5961511490100937 0.5064419807107199
0.25255440963884757 0.2799383338553324 0.9751939669147389 0.8591051317810928 0.264464725560589
0.9140345408764596 0.04761529070549941 0.8306468534297392 0.34338960264862883 0.5198777457711327
0.5465093183771069 0.7125006515769889 0.996446618403661 0.27226355231961175 0.278126928116728
0.3854815708989243 0.7438772718043695 0.18137959661130754 0.4972754289064578 0.6837833931558631
0.6495790657149924 0.026614818503524762 0.3863680083724116 0.7059170764624008 0.7484897930537462
0.8893531465470709 0.945419593303869 0.5792111821940077 0.4383501375313511 0.9649729870656594
0.7607963795933662 0.14380644920570473 0.679615883425687 0.20015261164056153 0.20615736690147068
0.6816125675797674 0.39473413694566706 0.7993140433494871 0.3657437428282755 0.4740324442660304
0.10024011661073595 0.27507165971153424 0.9770302569582262 0.8555661975292885 0.9630145370579171
0.507253840599183 0.4710843227539738 0.532129017642552 0.33523855865012664 0.3592683512135135
0.3798044150012033 0.32208329673446723 0.8087448664807753 0.6623012120112676 0.3213966690295035
0.9371617435633066 0.05334775779404344 0.35468791544195166 0.9817402529740156 0.44337626458629786
0.9852722620329285 0.15901892276030072 0.8668166727798354 0.6564432964692125 0.49875603541302727
0.7329238905680172 0.9110697178194287 0.6138705979424376 0.21770331771822304 0.310546923561839
0.5212118342661027 0.9898733614891302 0.9756754197551866 0.33635382489776977 0.3170166419278879
0.6754011372647355 0.5528162806897046 0.31675711231900705 0.9159367523372088 0.04200467652899742
0.8212683994617265 0.5553223113841596 0.8857339104952393 0.6831073512615745 0.5101184022963549
0.22183368129596426 0.5512775665437782 0.30812700369506274 0.9021428674404508 0.6332312662470906
0.40630831800233114 0.19807778279920418 0.5462181367047226 0.7216344724183729 0.8138004909944003
0.4396319811551366 0.5538225557720975 0.21739274201731928 0.3110803239328437 0.581117455392362
0.05590060296335775 0.9660670126248182 0.15460776843487534 0.952443194849116 0.06898758939148253
0.3153838799227249 0.5283772133868097 0.9576649679191912 0.1380046358003838 0.1519739754629823
0.119581003709331 0.057206933839571095 0.5283713516338022 0.28786946460913343 0.7479617719872752
0.42513280487662497 0.7198799537268125 0.7588290943832351 0.7350645842596116 0.46592385878674314
0.7134918639233074 0.3284343996129351 0.6890330764748812 0.058449338485257685 0.8300792883094786
0.32918590935385916 0.5380641969985048 0.4854505634512821 0.8266102652831845 0.14785671547919055
0.7724855215710368 0.6800663975357643 0.23971367534056987 0.3045294019065401 0.5329221398327529
0.47416664859982294 0.20919832719387366 0.11810875494867079 0.6150325154199583 0.6892002296279056
0.6760524867157939 0.7970986518405836 0.08079805375884463 0.35284192283467763 0.7038040796052876
0.0009923068538660873 0.8645419456210489 0.04225726127754381 0.9712217290890791 0.4499560928094637
0.5354356151781005 0.9809741248040171 0.8624894150251526 0.5158452394146025 0.06142211644583362
0.8937397560453632 0.35131226897702805 0.4931538608396795 0.6532361288537523 0.2835494938641395
0.20714398665622158 0.655726309728094 0.9861654558061246 0.02091243316789604 0.9706297660805708
0.6060900976454219 0.1855792973574617 0.7211007792128507 0.48311858623074344 0.058898776991553325
0.4417193372607454 0.8983946693310594 0.14591763356979626 0.512932872473049 0.18690920794051746
0.7636370075063424 0.9878241903575257 0.9369998218560084 0.9981251420906118 0.49227350705488493
0.7513676194525934 0.0005288135821610584 0.9369398062969292 0.1274913580616701 0.21185878422095994
0.4814187238285389 0.5329411195503008 0.629618147783467 0.5731657077332754 0.08632027625167915
0.7519822276149947 0.3334368465581953 0.7239117722317416 0.6857260871015889 0.14832439542959464
0.7755721350092343 0.8840121656971877 0.44731846831239164 0.5820787217611298 0.5369729533397509
0.26142223548989674 0.7841412930433211 0.09886876878888518 0.42099401918220125 0.037771532705444755
0.7690884638722435 0.5146314889136497 0.564886649823925 0.617989518761375 0.8231485131578609
0.3058337664041788 0.42109629010473704 0.8501364784494924 0.5016712736044261 0.184377759567811
0.846991169239906 0.8035618097770615 0.22070423044950926 0.2107823194196904 0.3888297413321109
0.5502576561568646 0.4559897490296535 0.052877521766179436 0.5765985476197066 0.242367559966586
0.4061687159528189 0.47165112238477336 0.7562446290031966 0.797402709643143 0.1136348387153604
0.43873015125925785 0.276883669701558 0.10095861832947739 0.22308041334446638 0.1381271986734205
0.44569713652048004 0.6499975971203965 0.5472551923148101 0.9248321772672741 0.9807101928251969
0.8550887603443842 0.8158497873258506 0.9839218538726764 0.4116985146647516 0.19786767275056893
0.32594903830941657 0.4917518181948355 0.1904274201181021 0.6172633804958344 0.8480427982239092
0.6580574591156444 0.5778782967154598 0.360601809874999 0.7449670171909534 0.477855797194084
0.294230366649871 0.6639936141460612 0.3053899358639264 0.22345259062608303 0.37438366444406634
0.6921703091991652 0.23074035320503472 0.5642273539414042 0.4411346801610345 0.5544355850185895
0.30324383717541625 0.5937489188694858 0.4947666441742379 0.3295552499925508 0.5152456487226371
0.15631053988406785 0.2539456634768008 0.04464822412061753 0.7398400181504123 0.6454061854871712
0.9912805412126424 0.06730272387793601 0.46734851127642885 0.7459258092522716 0.17410040054104037
0.12607191916154215 0.47701146721722476 0.8269493255431322 0.4022129757374785 0.1258295378974974
0.06035801056547274 0.9019629132401015 0.37052512975236684 0.28238831526062724 0.01151268483116541
0.10325323019007415 0.9131107066410808 0.8525041449093181 0.5579119818592826 0.8460323296050054
0.4009387547232647 0.9722639042120764 0.8827710391344139 0.644327833580736 0.1814789039892477
0.8434565861909089 0.4949646601077694 0.9639604671986813 0.10977583558303639 0.6327376316329927
0.20120653377026365 0.5700382463402645 0.18863155936913256 0.8128947901417446 0.2849640130924832
0.40994401902362165 0.7228158185360046 0.779989118991705 0.4118626094138069 0.8176397195464098
0.49239947253694616 0.009459313945589853 0.13256925658362184 0.4655172015633864 0.3542407458736766
0.4082578092924496 0.40695995462878487 0.40842352866330234 0.5853683356608587 0.6808277410855198
0.7759202149514897 0.3202342562662466 0.044631486058863024 0.9764685116705973 0.49109243284015414
0.6584990821160156 0.6244997841072341 0.7093475375700283 0.8353261039558767 0.5903729717922404
0.6340983530279191 0.4532621186290008 0.6143312868256696 0.7072378618198689 0.12861552512048913
0.959565130525298 0.7191329112479067 0.14992422137154648 0.6594707018859113 0.05272775865615953
0.3285203227398722 0.8605827663507024 0.6651302662626338 0.8308779103530555 0.8570887334354108
0.7913431334699063 0.40139627625606944 0.7874008076607 0.1339495330936139 0.3744315498490377
0.09036906921826704 0.887302284791769 0.8609674553685477 0.10550218774266218 0.18243250744007633
0.2599447370557094 0.4051374523924939 0.5550546696980473 0.714788132963497 0.2461529762904825
0.11494651915182252 0.570668847299575 0.6704037001298269 0.19926618568791743 0.03817985539160862
0.9519842012926963 0.15664706780050663 0.28607687009698257 0.8219902921728813 0.36904523679909185
0.04055035879545965 0.1687268962687395 0.2203989104464057 0.7450353943680554 0.4451638656140193
0.2593348139457178 0.321731363592366 0.1289589667517239 0.9358040913576081 0.527533331224122
0.23931691972700886 0.4065531923174568 0.32568079479752254 0.7132193579715099 0.6816606274212024
0.4087100947982849 0.2119062624297201 0.9296061929522383 0.7874371840577189 0.2698459826784101
0.6567549213556974 0.9534403281054522 0.33180630282405055 0.5116731746958321 0.3948666648686191
0.939500234944298 0.44365345613567 0.4540656323715041 0.32094913576043826 0.328120360757051
0.22626302236298734 0.16098365133423242 0.527143674505231 0.03304807731103765 0.8350307046794994
0.257566796850655 0.5877758578807035 0.5867732511992645 0.22744380062671632 0.6730552039632708
0.04212820866611999 0.10286054016276669 0.8039362254056029 0.05369523967797196 0.2208576523878143
0.926216840253947 0.15796408455550792 0.9875028942063739 0.3950273836210536 0.075167864456534
0.2901662669669077 0.6675405294235303 0.3771479113250179 0.1165340646916706 0.018905478214751414
0.0918529125734362 0.7309112486429669 0.3935056191211376 0.09780022638285812 0.3456201212779636
0.6174115305659897 0.8274580414299204 0.8215548079811797 0.6399489961674876 0.3054737560971119
0.35721566362754165 0.8598713920788073 0.6798272013871565 0.4776066714925913 0.08333728452246436
0.2169411708884249 0.6762881234033757 0.7673615863196126 0.5668694694608191 0.0906936139180593
0.7751382227496866 0.36639746288882735 0.7436578137672754 0.9772198079346307 0.4139099205393205
0.9939907866513411 0.5212305281373028 0.8277111038942984 0.8326107703335504 0.8944230795533639
0.10188011968605726 0.7449401757941755 0.8541300458594522 0.9059104007099669 0.5376054498708546
0.7445896294054941 0.32596638061660776 0.6219089397760545 0.5624572919253463 0.2973014130086813
0.8377235152957746 0.2778500570508722 0.10731352737443411 0.3250355351932842 0.02031609919981736
0.5251528582712227 0.5136951773516505 0.17378449496857984 0.6574144066912087 0.1156837969006903
0.288063673214465 0.2207042289689537 0.3745830214093452 0.5157742837422465 0.12505057001627684
0.75180097599385 0.20652655412541976 0.583943267133164 0.015711317972606165 0.1558660794631901
0.3339643991227498 0.44499386611422387 0.11400654347563954 0.7166250538068099 0.1663419367835488
0.9618316012372173 0.15663432797061383 0.6766773963206402 0.19764032705429657 0.4937547427079323
0.3194226226148136 0.5976180830037237 0.8565522899230553 0.8711751285809676 0.807220926066317
0.06393144510054183 0.5032129312683378 0.8303084381516919 0.08502661276436208 0.9627105040783888
0.6976724334383143 0.8887680326182699 0.6201444478846267 0.9601541956596412 0.00010213305823192353
0.27205692030060136 0.49645639574553047 0.5963732289200534 0.467901656008503 0.6394934269938581
0.5444642219058297 0.07358429158867352 0.5208324109103879 0.18675109738285733 0.8327952893523426
0.4618578370151878 0.07468164408458366 0.9875648477408243 0.3132039980764365 0.9259417784767705
0.28213122935507073 0.8999495844939351 0.5234847160271239 0.12540369236105564 0.42630942463093424
0.4115921061370962 0.6275840046074153 0.36101789793223094 0.7303534973652437 0.48664800048166834
0.7647202110633937 0.015034063694035482 0.7562608043945293 0.7120674639835977 0.5994624406060831
0.31686409326644993 0.2850070939529924 0.41482246714281557 0.3943639584411298 0.24647047612577966
0.4728843012043463 0.18944226654084717 0.030618458978264207 0.524572533603636 0.8392941790874561
0.8661632196341951 0.1891005349418361 0.9780916944285284 0.05083583115082857 0.1996118621938744
0.8526405308490589 0.3810420260404439 0.891957233930063 0.6388491992631783 0.7749982428377421
0.3248488685271369 0.32415207708395644 0.5733483973171555 0.827465764914831 0.7434513685555464
0.8950308032403942 0.8054188346800331 0.5997928464724817 0.6539979279387406 0.49505605474055847
0.6556560138603678 0.5134294209460841 0.32341584729632766 0.003499291367296431 0.354496337127153
0.9480854413812432 0.9181989670750615 0.911304149718042 0.10923204577910761 0.41083584469639634
0.218592251760945 0.9322072949366805 0.44014749029440026 0.8104803928072187 0.8155891999990279
0.10008651736441831 0.05548787761963925 0.9644679564932022 0.9331701788019326 0.7901747148918453
0.5049940399229541 0.07217670427715428 0.3689983220734474 0.2222720942330395 0.47779744325021967
0.08409050986946331 0.0989335278366501 0.25457900418003354 0.484584615302039 0.24123097996339948
0.0582301886244343 0.11041408470134062 0.3997398794761161 0.5085177268500664 0.1388031499406397
0.8401869956752174 0.9301480391699178 0.9709708648443199 0.9139323300024774 0.7911579739021654
0.9388112509281104 0.34226477810831357 0.9522765183113299 0.7191814098525624 0.27952458069919095
0.09849903649075897 0.6517878352822203 0.693256919699767 0.3431788661328927 0.9337004788588822
0.0578947995978466 0.5263381066620093 0.03652375574955424 0.09420021557273428 0.8178280375456444
0.8690189099173233 0.5038275315810211 0.5839237529755563 0.7145242588595354 0.31299732260256874
0.9069620522259053 0.6496137389134057 0.6766205998418202 0.7730639531688706 0.9970425501994385
0.7204323012241454 0.7111224718298634 0.24355512453485184 0.15632902469732757 0.6555874936811621
0.7787452054450427 0.28793126689707715 0.14304221886748925 0.9928828558760189 0.5034473824283426
0.4619570781266287 0.4154101520510338 0.6701683277896794 0.6667075291789077 0.14235831442771596
0.11672915970053155 0.6301086867431716 0.4550756056456442 0.5353720492696349 0.43149282921258436
0.34776870406537785 0.8203875864392655 0.883906960829318 0.7470865339669314 0.7551837999888886
0.765831146996409 0.5268585832450705 0.9704557099370331 0.41262406283038644 0.6505449820589209
0.6173701997922763 0.91017807530639 0.49357805650286246 0.18738408473748702 0.008764271419810732
0.25620014269933356 0.2411812584978693 0.23969670448149027 0.6281195553917603 0.6879281861678755
0.06155874177337306 0.07905757684926629 0.6152630029585537 0.6080084645559256 0.5953563143556073
0.08701962468559366 0.1987607897758017 0.5568182409494513 0.10074608270723062 0.22445405926173678
0.26082924061855106 0.947393326375087 0.593302669043598 0.6572873333412593 0.0480353558340596
0.8430791975771044 0.05544562150571175 0.9331478111254775 0.663312527572903 0.2367507026627681
0.41963812880398743 0.1479890441412809 0.9051523321884155 0.47290836405490433 0.4731304460603417
0.12155031990729759 0.9394429934377561 0.018609528295647326 0.8428600502289094 0.45836333583362043
0.5117468129032674 0.5494207163124403 0.01916433985687005 0.5026230781852317 0.49294489955187504
0.9745784897840842 0.9388464439348564 0.9889042879541213 0.2703396728778298 0.9811167043212736
0.1019377332344541 0.7609090570215016 0.7905274830819896 0.5670155139796688 0.6797370274402317
0.7856367132432883 0.9930421247344127 0.759858064709135 0.7341470456945487 0.9667047146006875
0.15307031718730457 0.149053761105025 0.32634935250152086 0.7802083331610704 0.7082073394286464
0.6044462228248821 0.6331223424745541 0.2081922043021931 0.5789739607302024 0.2865399464606757
0.17557840376117273 0.6714991190384367 0.5930372828413591 0.5696675440628868 0.5907882167104207
0.7305679416353028 0.24140578959828962 0.5988251297890951 0.7680237972005136 0.8323706133742497
0.7722022004715118 0.35994131088008763 0.6081596051826867 0.8712399927525469 0.18467392482297207
0.3163316136032446 0.8448469821305579 0.33073801075044984 0.24566669888203152 0.4642370297465972
0.656053109699974 0.5823974700598211 0.46899125569440414 0.35911235451068824 0.04006350944321713
0.12400103355035474 0.3041426015381794 0.49853777032194047 0.43779503101929707 0.30920507849993306
0.836555717481175 0.20641777766189973 0.7037680832074713 0.7570778816132563 0.579356711282297
0.4383283836101677 0.7671633131247609 0.30675730346890395 0.07140782514256538 0.7324884629163829
0.06580755932653715 0.7775763916639852 0.027527632334015117 0.5253732893167368 0.4916371539607184
0.11750945438433613 0.7748882116895777 0.4998868838187628 0.3709074718039571 0.873311820680071
0.9909256306867877 0.2635547814464845 0.7784587217733181 0.4338688034175965 0.0692262016510049
0.9089761035721402 0.4100570953614665 0.03634011368721879 0.7772537658499685 0.1586138502116704
0.9938759151932909 0.8865667404723553 0.4867025735109898 0.505617213869885 0.9897455577935237
0.8536177251787412 0.7647887708725195 0.6785725566117011 0.2244701538379309 0.3211776145821139
0.608138773661672 0.692173306714495 0.671604454316891 0.017509155735270454 0.3891796672422737
0.1852610820535623 0.3096761314492379 0.5658696211701532 0.4232344059577118 0.4408494240238606
0.1528563191130754 0.8537432271192074 0.5274594171981958 0.423351677847454 0.6140519194725547
0.7659018412499673 0.800415804717755 0.2004087021110792 0.7730667337019401 0.8213553547833569
0.13258303725040954 0.5524452645133312 0.43569949548317954 0.20890456273880453 0.8243805770440021
0.6068697586222893 0.6693468512239227 0.5339836882036724 0.3525093556686014 0.8404626233138611
0.37529433474962626 0.3165986716692403 0.6397993752428774 0.6564504887308656 0.790769055034885
0.3877017229013877 0.5336518333040011 0.4106826853314566 0.6566160629775039 0.6804665912232645
0.8825912223119099 0.9273421968830317 0.3789628659489691 0.1770902051669493 0.7259332400302888
0.07138566863616957 0.5763054519512979 0.7146799052477939 0.5095156137034893 0.9081156576478882
0.519115373421608 0.09765946055136787 0.11322223353703131 0.6790369421075737 0.321015551497734
0.4962453473096291 0.6308003899972605 0.8747645516452414 0.3089815497673266 0.3397478329367217
0.9773585808922749 0.9016288713717499 0.13896134018168116 0.21572878485650193 0.0634400476291529
0.04793766155947321 0.7842047490048365 0.8614006822804012 0.18701062551457004 0.7502974721801831
0.2161473025355709 0.1599134006221491 0.8916003223311079 0.27392541900705636 0.40711563795541195
0.026142136628398482 0.049397845742417346 0.30671392486118476 0.2894368149827278 0.5340238507157827
0.14123067440732917 0.11476823515417833 0.9477669936892337 0.10325582455794524 0.16178940600368763
0.02515640064232405 0.04751490563862937 0.5899496570049769 0.17946841987050122 0.1639232346313526
0.34310420661819885 0.9832979483306804 0.4857782316159682 0.6182897250902355 0.6729832541196317
0.7038388323429616 0.8414089665945391 0.4218716795562363 0.12930234519168415 0.4527206705205512
0.10351771832960488 0.4311830965783472 0.5900665714442968 0.7195046548313903 0.5011073318453756
0.8284563066533267 0.3715339628294745 0.5309285268402527 0.8381834581967655 0.46761504838839685
0.18058585678893313 0.9159860997237657 0.7594612984450068 0.8781508741709186 0.417934063408108
0.8650793454025675 0.6081750941368598 0.4969883448485898 0.8786656868197235 0.576055373622538
0.7404478107801894 0.4354050817262102 0.3761291067185467 0.26581773275695775 0.22855905903456997
0.5922964162728668 0.5433236058916937 0.6742004517610738 0.1088155488381557 0.6154962820302774
0.5993113029632283 0.19709236190207358 0.6198749073538758 0.14378212777815402 0.40241367727997013
0.5860986060966928 0.042171139519007195 0.18798276272145642 0.5171552555021466 0.3930094231826631
0.4871176776158105 0.8345535413920697 0.30099195712744187 0.32165115166764247 0.23189096012817456
0.7867079764189578 0.7640128987063369 0.905403915213079 0.8657549214439233 0.04019304957384673
0.6230891979252827 0.8664228574782943 0.5165258295837362 0.9606400991585526 0.9845686886488735
0.507849238740707 0.843799994938725 0.7835647400490972 0.36055419203724304 0.5677077934997278
0.20362761449983058 0.6241301774651014 0.5190092804936502 0.899260371663704 0.19339507933943756
0.43941235052974226 0.6755654343464539 0.841380338952426 0.6892318266715942 0.16908535021665505
0.7611010467582744 0.4514773318765466 0.5107704680685666 0.4352906764200538 0.06617566624685678
0.8648526059325836 0.4143896351647074 0.22256255422384408 0.9046110479050555 0.4956866256531809
0.27947819007870367 0.5492120988445355 0.8630668924632484 0.740733777825777 0.5399522538961782
0.3347443618856413 0.5973068600337986 0.9929614738984522 0.9883092880939337 0.3643978171443679
0.7222450610288224 0.8670622050793105 0.5476101036994087 0.619975959107001 0.11889303832161768
0.7690075967013829 0.6814327420000797 0.35260855810044445 0.3846124501820267 0.40231177085026637
0.8347775185065862 0.2503793274842533 0.8910597506675323 0.16884179351303474 0.8830829277906624
0.3988745065267837 0.8445449971880078 0.41763478979329405 0.5147495699821244 0.2194600146037402
0.1672562803123856 0.2137234845475655 0.5261392970063139 0.9799839277285718 0.8815219926149986
0.8248175143310763 0.19987972422811207 0.41183719493994264 0.8272913752161499 0.49229113822030723
0.22030182424920952 0.7022264626968981 0.2823817118456172 0.11513029808565967 0.718325005747071
0.06987405766802257 0.14173607551160272 0.015847702105021733 0.8396909927876302 0.6603248215869206
0.17355747905054175 0.2691595644514312 0.8898263531887701 0.6697903595389448 0.30071569035800605
0.8968969175557192 0.04440206711987793 0.7362960973184821 0.04937117718185302 0.08250199066679498
0.09249459805769111 0.35530755351368515 0.0658435832791413 0.582010893416337 0.2693293052861685
0.843991050077442 0.42715356075752964 0.5996626655491053 0.05675596287392781 0.798468944240077
0.029588688039149935 0.5416205197655136 0.0733575612569013 0.14551525624868755 0.9944815544748156
0.5643753348384555 0.679371618309285 0.5327836841050579 0.3988420603239098 0.002209805440027468
0.6139643875345504 0.3097534087729642 0.33709897741261974 0.2648167310356382 0.014515637479594723
0.5652065875217331 0.3816864730369479 0.7525812725127887 0.26954467198348286 0.575334179750632
0.9998137588169365 0.48328103094447517 0.021850456635600146 0.4919550164232761 0.7110563936895054
0.8243523905106059 0.8706688475318126 0.45569081173656734 0.07335209565993983 0.6205596095288896
0.778043429798679 0.3475878217098547 0.6912331797851002 0.015446097543931336 0.2983393271707958
0.8962242624743767 0.8019742445196046 0.6944029500963463 0.7385098782577949 0.008180350533298575
0.7593531006888928 0.5467108616895473 0.6617785120023314 0.3850615844018952 0.9605385330741419
0.34105748621155885 0.3279331179312296 0.8967134924585486 0.22157775377983346 0.8805622020590212
0.8835681496539387 0.5527063515426379 0.5703397686049286 0.24773281922684198 0.06701398376977385
0.42314049801451625 0.7143206616696244 0.35069936902274224 0.9846834624032997 0.9865434633163904
0.7555679245579987 0.20466510078504163 0.7332873328967404 0.556262351174747 0.913359977577426
0.9474123440196981 0.07479205275622103 0.3144055335626592 0.7594643812471776 0.533946158199642
0.8323121368569038 0.5307305511751481 0.11830724970182238 0.12574842546655585 0.3783546261351278
0.7630799569498652 0.7146313642309339 0.5509474398334936 0.2143389014383773 0.09874107965262024
0.36863556205152914 0.9079298076613689 0.6374258586834605 0.7663453064592362 0.5709365894412222
0.9412290050342157 0.7357609561900741 0.2831814578929731 0.8702826935506519 0.6570435264456268
0.8846381902447323 0.539903113193353 0.8022906110780087 0.2869577607950229 0.6045231846030384
0.529760791076091 0.6814248172769085 0.07634287253232508 0.7227375648362234 0.1340851504360957
0.5670079947423358 0.5256152395077934 0.19864213877515857 0.3710379108739389 0.9905308004117896
0.20335551471778712 0.4689538093545764 0.9742270247631086 0.9383779269776792 0.5811821756146384
0.2310564186353422 0.7326079296905477 0.8279104513647841 0.5206013633895491 0.671376702085152
0.6762338239554058 0.7192748865524554 0.5146700704545658 0.5158482987524824 0.2961713069526708
0.3084628512492641 0.9778354990819003 0.4596019526977423 0.605590773600769 0.8517108813222896
0.3166306319448391 0.49356075500653207 0.45259437135731917 0.5117138525463396 0.028142815185421388
0.46698916013127556 0.5363314333123442 0.1942395056061602 0.5451721188109017 0.3118665401297498
0.9171139550464121 0.6018954788841002 0.685580882900011 0.5283466358854785 0.11484790913617904
0.6221340483855687 0.4507502380669136 0.05684670537125225 0.1449064817936564 0.37729784371519604
0.3089791984505452 0.40736407156787313 0.8080853797086994 0.2632740839861819 0.874212163576496
0.5850635255756804 0.2848407971443786 0.5854145273469178 0.3145047734198675 0.8572419086769564
0.692036895893452 0.8671474604038301 0.7376776690486234 0.6214634717385179 0.4832660814887476
0.005134188794278294 0.1472669649046937 0.18817002365752555 0.5043826556180339 0.4129624041494181
0.8978510383586614 0.5447451156949484 0.3942319295832417 0.765789620566354 0.5206068291903992
0.44382938225919355 0.06910035043978824 0.2294636263467421 0.4484302918191335 0.6566883744274988
0.11309864196292807 0.84899656401034 0.26736170589884667 0.6566623832603217 0.1669981259486002
0.5454493044225739 0.8247364571143173 0.9211273100155465 0.1249990482268446 0.5182311274064189
0.7048863700384846 0.8493555714046783 0.31425304923097686 0.06874497198287433 0.9093150805374589
0.17147747297257976 0.745423638572707 0.5408589715285536 0.8282266106677988 0.4520542542399504
0.7731753249888613 0.1920946320274043 0.02338446234499847 0.24030462054429713 0.5826956408478892
0.3866608287884956 0.5913177931707526 0.30821771787721064 0.635733737670825 0.10909454374464111
0.8229229990189012 0.8776794129548052 0.37605580940481 0.8581805643590276 0.02748078069191706
0.8933360410983971 0.4976169814711452 0.34881293621874354 0.4361590692907328 0.027162035937603357
0.7086010230358731 0.09420878490565543 0.19278424108504044 0.9793350973125284 0.9690739831216729
0.8975267706144078 0.19362358460859563 0.06935819237985363 0.42770253902041744 0.20100731204868194
0.9901545702725026 0.46748857565490476 0.5852676093142466 0.2857273267897116 0.07343350913501157
0.7167585118751889 0.29209322305163365 0.03351305633420565 0.7117407909258134 0.6610765543200763
0.1630103207847563 0.5244354754727222 0.156467373035855 0.47612356808113687 0.14138490599521913
0.921887087168852 0.4030498042059538 0.7210840890810171 0.486834679146385 0.32587871466468166
0.7846297637630677 0.509296820757892 0.6049083053420776 0.8312846964207216 0.5015141526292362
0.254007530748927 0.47836994685876577 0.4726992851507964 0.1561347963619648 0.6806696255019605
0.5924864526239009 0.4171163858830812 0.6480714699812237 0.04735276374735087 0.4636647982239107
0.5928126746873175 0.6636617390453652 0.6231505635130289 0.31855029179049976 0.3808240747761531
0.06412255812359668 0.6959162641794436 0.6125439831762087 0.10824941584374381 0.0070794189211967895
0.01647269092496595 0.39367681703815005 0.40372497915702865 0.027204442224698533 0.42711328250033187
0.7710234577768422 0.007978027557352663 0.737219971875096 0.16670075662307515 0.889495983330999
0.44929246334816375 0.9135454906602819 0.4501781837714477 0.49906854449706817 0.307145330441584
0.5404648542608921 0.43606984089163203 0.6253619062082778 0.5491267465348341 0.7519214144702165
0.8153591161663253 0.9476045125046771 0.43721184288822923 0.3186751356988048 0.1692224417424778
0.13639529647590964 0.7706498082322376 0.09715344536589288 0.7752925074561466 0.13820994549862442
0.9630804820250608 0.09016787391002468 0.11626390864481029 0.6654114071742071 0.0806814411121124
0.9746186041381772 0.3644315741747113 0.21099871258288594 0.352494255317361 0.7272404461898424
0.19640349786453448 0.8340290991870859 0.06670501975060195 0.7798314475864665 0.39224352327928946
0.338236109315028 0.31322247681351445 0.3021735764511353 0.5950098329134915 0.9027913085148815
0.4635658485486167 0.0005941187076752286 0.05700065333417437 0.5936520557722597 0.3916392771127579
0.41494842685153055 0.08868127737159659 0.007830519076065023 0.12007375787818919 0.3091034876535692
0.41707232053119603 0.26744268353062073 0.7529893587410399 0.2256454608657683 0.5898590579003051
0.7376596259920488 0.13289648873304438 0.778801762868732 0.9034766904867533 0.1341241278815325
0.9086496345639732 0.7890115517900256 0.2901276885436116 0.1691689989882008 0.8587134798359023
0.5354215639118018 0.02546077530776547 0.8506683180125555 0.6983816154026956 0.730419340976126
0.8035358994407529 0.5746729807574764 0.3863400972745338 0.8092690790910383 0.3057428333423232
0.8870528086119541 0.9213123477686558 0.6166312654694883 0.7097005201763892 0.4983839227884853
0.4620158520131117 0.34708322991829366 0.5693828874340434 0.9661390767591895 0.8640930412999708
0.5459993345175744 0.6488418917606412 0.01666951315532761 0.6431857168674726 0.8144109180011659
0.5289803189371808 0.294241980214218 0.0060611342855072525 0.7432022648322917 0.9175706954425549
0.832985456530729 0.5896854007777205 0.7670460586206858 0.9750476496073722 0.08769987563062565
0.6620707223176846 0.5833083650067672 0.8458809321277933 0.5373431201208377 0.8297238833217305
0.24498975667914147 0.39829971834548816 0.6350963933927979 0.8152730559699131 0.2744465312177885
0.9039540376942158 0.6520748302655074 0.20551279537959022 0.20304055742423321 0.8852550963167404
0.7728135013004933 0.5417183391150521 0.5710721150090743 0.9205909796169829 0.9968231456213832
0.5167219445452295 0.6576712503021909 0.28206112030774766 0.22332277498464959 0.1267572752903765
0.2542961172196001 0.7769560395795998 0.5295432905455804 0.21370053001516143 0.9926978819936407
0.916021612514309 0.26703015797903884 0.9256508062888389 0.7264724180284101 0.07618613977114252
0.6294228211942481 0.7302506210570315 0.1520548474871366 0.824304114526115 0.7846660430218154
0.20446183759844005 0.5002641663517051 0.4884409928582988 0.12698592469537862 0.9790143341116163
0.6572331519104687 0.47715333193289766 0.30811156282211805 0.30587418986853465 0.2973366900551343
0.37033316671617156 0.07598882903984594 0.7599935148930965 0.3202392356288719 0.367426102140864
0.15328538504458666 0.6951841215336662 0.009249516184773321 0.3638945158392001 0.7187770767895079
0.2650374272547633 0.26130276457682 0.5564865382793808 0.4767272041496622 0.36657829211777115
0.8102036164672786 0.48188362822974107 0.2558141659119707 0.8968922791919984 0.2023079005391093
0.37762169339289564 0.4694565576503281 0.4508715809870514 0.7258204914780088 0.49925073495329586
0.35233731805703694 0.43290934326425023 0.7174936821744012 0.4254453473581137 0.05300475126234616
0.7858354415248026 0.34492919695291513 0.5657355592822167 0.04283749668986481 0.6591311727721983
0.961050915067529 0.7019801087949381 0.4968541453413039 0.9579100465199485 0.33367517597122187
0.12192204990234412 0.5310453485757642 0.5798887599514141 0.4291562871638054 0.964230481197335
0.8883231105920053 0.23602310633460744 0.2535903543598371 0.28367265181975077 0.14885921401162894
0.602752110440229 0.2766252575696646 0.8832107083064648 0.9246707976462184 0.0551789522339996
0.009946344362179893 0.2678139821496228 0.9436182200383011 0.7324842590211978 0.06295588897113624
0.463664082668664 0.27606569831221683 0.11456848868749381 0.36737876927503366 0.4357974908106008
0.9167211303170967 0.46690101240123727 0.5412843116832992 0.6673890560233983 0.3702250445242067
0.39898816182520824 0.11949994214077342 0.7711193345607208 0.8896558033806008 0.6972161886207766
0.46575391659813425 0.9404321415398472 0.9638413892518066 0.78458240608781 0.5451582143183519
0.3296784826441663 0.3605692231937204 0.4519134770773767 0.0946348181543617 0.5053082482817747
0.8303182525962778 0.4216299807287812 0.18357643653208788 0.27036489805520525 0.7935749597604209
0.032696906556084704 0.6973653578441045 0.9187158237663893 0.3572470709536847 0.6097344800224843
0.10569339535827371 0.9722742082736758 0.3353115431459286 0.7277149886477816 0.11103364908892943
0.44994994879438355 0.27952248569625715 0.28879121420307763 0.4207653192117673 0.7149544755271056
0.9281009716972456 0.27793364334624426 0.7446758092319594 0.6216387676875804 0.9399495137840165
0.6828791851259272 0.7148315337573162 0.21591780103261915 0.3070704001274237 0.86047862361363
0.26515338198384786 0.5453078681793957 0.46311498442845944 0.2140437543447008 0.22665155380634794
0.9498057516243301 0.3318834829610794 0.967757213267545 0.11579867825238699 0.7741450798801434
0.06317916729959838 0.9851330762305534 0.8683233215168022 0.7772151916835183 0.7721391205140395
0.13299307617991019 0.3426973845411563 0.3750255280430057 0.2577410954698274 0.7847097830578449
0.5201636978642243 0.2148407636401426 0.6880633230799297 0.08560505217633319 0.6979694378454397
0.4539963455094319 0.18224644884659913 0.07597166263685307 0.46252634875533327 0.7271398928608431
0.23156387128907296 0.7094422073730111 0.8716566358699867 0.46949434928454614 0.5458644132006312
0.4305685039317889 0.6521713485695362 0.4906599369390098 0.12454346837682617 0.3778195282269129
0.44826235836658823 0.31486931656033823 0.4223664788549969 0.8495604759105622 0.13268566543723703
0.7598331563498604 0.47353750705149367 0.959567373492902 0.2446153578265754 0.28144000151984017
0.03754016202023358 0.4186183359617306 0.965729108719412 0.19981614629368627 0.32164519028115757
0.2532248278216179 0.8481649830938077 0.6251036205007168 0.0622748893105064 0.698166307794736
0.6602826759780054 0.5151640441398878 0.7680758133911189 0.8720087503758682 0.3664397018817258
0.8542744246794043 0.29195123265455925 0.5216277938764766 0.6017783386478147 0.7495455312718269
0.5697924371243915 0.7235206012351286 0.3080484669213205 0.14574033375961115 0.2245027888044966
0.2734335041483843 0.09040605500131926 0.053332754168008756 0.6153387557613842 0.47580007014213566
0.7182377261853035 0.27403878068387877 0.8402539351244557 0.6019568839224094 0.6669966052645226
0.08242802400411187 0.1014837410994146 0.48795892927550066 0.07977440609974062 0.33967567424565526
0.6995763939332413 0.2073985773174618 0.9278515341127147 0.15233411420783283 0.985537162781783
0.19048163789824024 0.3404441257320131 0.8670737054117205 0.84914433932095 0.25954472609723966
0.6343874247369539 0.17047144121575197 0.24007792648887794 0.4495865052438125 0.3703602000561399
0.8421912595531978 0.9666974326580984 0.4170950738318481 0.689444044765524 0.30714193154942415
0.6590440749011206 0.4644336014988556 0.4112338904660956 0.4867818962174628 0.22546477642258245
0.8798950887031994 0.4526873781212687 0.4397415567349412 0.26052546986972647 0.1589191623964934
0.039850246557240454 0.207659555140827 0.01081551841139694 0.0940568192834732 0.22851184217718656
0.8771317021406538 0.2227557440022645 0.6677582848207149 0.4953156651050462 0.022401401085913375
0.949166017226412 0.4737378965421529 0.0423304087487788 0.06695803696639457 0.7136426227046979
0.7193387898363334 0.7609372195941573 0.7832137333222249 0.38433527150488334 0.12676596628972392
0.18051331838473716 0.5951016834710796 0.257458433766238 0.06191573088274571 0.8266096402871815
0.024125528930839635 0.6411679132124884 0.09345541190619966 0.6645952753492699 0.4735319001349917
0.47041277291180206 0.9767925960894194 0.7811433245188006 0.3521150823953322 0.9502502529051682
0.43405557276475926 0.9106169365641456 0.07045800384233125 0.9240346509899601 0.7025966783839532
0.09740923079303565 0.30960799713515375 0.48503039886510213 0.020629171734955376 0.48773665491194484
0.01927006841855594 0.13225727415580557 0.5012655986465621 0.5712775129454898 0.662184530427825
0.17785445733572136 0.5867087932182167 0.7309727133648992 0.09747893305473065 0.9805807756103354
0.06440901583827197 0.8778469461342369 0.8844214538439129 0.830793772060128 0.09338773650112486
0.6952214881762911 0.12016746257800337 0.3138847374450653 0.6627531217618172 0.43171613102226813
0.8111051985731778 0.2009025720131722 0.32796024802141965 0.05376026754368313 0.4306065290939185
0.4983098282199674 0.8076503529523629 0.4181523829526511 0.25950881226288836 0.24020544056221493
0.37488042915060205 0.8540612938431683 0.7794309913857145 0.02618724775241743 0.2620855478799836
0.07151000415253694 0.6031236589961677 0.054064263711551375 0.14115191172798014 0.6380518069682318
0.5882133869722899 0.8446717313170419 0.22771333560654783 0.013674138865643393 0.2487474157088314
0.9592094388953404 0.22971721917671362 0.9919589351600978 0.8091634852013468 0.5435367068357112
0.2718593913649511 0.7905178202136014 0.9862364265443141 0.6250502631217492 0.11368019467367763
0.20539690769371577 0.7906323693889116 0.504375493962199 0.03288833616960629 0.9413499169589236
0.7216490614654012 0.15455420671800213 0.16600060359553626 0.6111600620728755 0.019080685927931662
0.19408686632671435 0.572580376571394 0.9207457752008756 0.46998244308375536 0.18082889114567957
0.22944883655138992 0.6624045328722237 0.6241514884159425 0.2800142817693493 0.04865745796630405
0.16974747778499333 0.6697948923602237 0.16420657553468332 0.9049385679640228 0.48417992416206945
0.43743616922493855 0.8753711731410428 0.0506595886000486 0.39857680129777917 0.9211542688992206
0.2882563961316791 0.7223112594244371 0.4779730317432158 0.48456466083569594 0.6583882216814964
0.26420698851699753 0.24883506256677412 0.9846371147684408 0.08834264936334835 0.5416757304289261
0.6482138796707366 0.2506222540347325 0.7240395505795918 0.11357625475857758 0.12995118324840416
0.6206745226459685 0.6360268019030091 0.3894825485147263 0.590417070651626 0.31756147511481236
0.8342012872680105 0.8638373937658312 0.8024196028673157 0.397978116519328 0.4613666057230872
0.6077003660471766 0.8810182692908518 0.5177261717496688 0.8950482874853853 0.32511673925997375
0.8090594522431414 0.48227719370109734 0.8144126002784716 0.40227357125904084 0.04754312220171775
0.22428405216556668 0.7227540090962771 0.6583203292184063 0.5567875008131336 0.761149183578859
0.4615591754581483 0.2628514102425068 0.9660472936635704 0.9331255834153099 0.8161118441133856
0.4339007488159109 0.4547568150490484 0.7086483501989974 0.08915855431251751 0.8629099044628664
0.9084477899593535 0.4332488787361767 0.23140988237949045 0.32743337926844873 0.6944623794911347
0.5305255346100393 0.12403576841809072 0.17969764864058202 0.22483382014629805 0.9412546563927934
0.9465190094640396 0.5226323239063263 0.6398262103995377 0.43560976849649324 0.2766595022478934
0.4501580415116905 0.5487267459250634 0.9526676054596168 0.2778959551649549 0.31497652608412186
0.7835406208015122 0.33558067750975384 0.5719211199420412 0.18341918615514563 0.44103830813930955
0.46977175790752834 0.9613058001503938 0.0157787846872095 0.3715923480263401 0.2655252377852292
0.14894390663663282 0.10540329068685628 0.22214506895478736 0.1932540170775361 0.5147455615670435
0.0011102652847352346 0.8467251301213368 0.03926133843766566 0.5945719982234601 0.31503645312610196
0.99355681722742 0.49114582492771364 0.52323470375923 0.26861233056138545 0.17120039091960781
0.04297121767656398 0.2876811711503634 0.04536483565192817 0.8098441718611709 0.7528948232350255
0.07405316665555994 0.3981304587639958 0.13902076449454392 0.816230822145519 0.5995446402193572
0.49697579018830385 0.8180901212598679 0.9531634059839532 0.8141385120102179 0.17972103599645062
0.7277397068540346 0.42165474077289 0.7291691825324199 0.9179637245106411 0.4867976783909844
0.994729897938531 0.3303266477466573 0.36472601672073834 0.7454762923538952 0.9953306115830678
0.051314312232498716 0.741264503820521 0.8706579307110481 0.6400706494167775 0.10588023328225538
0.07556328130915624 0.716379381350692 0.3946199575890712 0.37619682485076633 0.12402994476703799
0.5140425059995393 0.28288524815721894 0.7365955444667606 0.01747066199866898 0.9645763923794952
0.9162943433530669 0.31066551742257276 0.6083257472097822 0.6323482383306616 0.6336043456603974
0.022500790979088747 0.1614960369811148 0.8678069645087092 0.30576964693787523 0.8546315220983471
0.919440428784082 0.03926461654454083 0.9001149490815683 0.09994823785127638 0.42926441843040375
0.7343694958882826 0.2476938565127782 0.7793027880945576 0.39572465304471127 0.9604964653583579
0.40598389316065053 0.8341744042261899 0.8624473866857919 0.20418306192484847 0.261589296402313
0.8584145797908252 0.0036245947238390253 0.2461925534449081 0.23163238840367273 0.16299976557334406
0.7049435772219403 0.24821035523154544 0.6932057533770057 0.19779282983380042 0.9843805764103575
0.19931551439227635 0.6685804519639986 0.4683307443002378 0.9298710478598278 0.5723261940475881
0.6636853766789077 0.0600358164642989 0.7058127921766052 0.540557694070266 0.6218640456977903
0.09391474432790503 0.5862389441894064 0.08769416771214189 0.7016110301885573 0.46544484921672946
0.10107220566369479 0.4420755587424773 0.41371919576535676 0.5035125524504116 0.20365839324093749
0.07909215470206477 0.21256572945305274 0.22120749661205896 0.625092384380414 0.1773862335311127
0.36064070446324903 0.13906502040839896 0.6587265170521831 0.6898223618493565 0.27049551363896507
0.0465397385888332 0.303589283318323 0.376933180333365 0.3846658480104762 0.30412944162326605
0.8622268923716119 0.5891332639284519 0.4782786890969505 0.33508398893282254 0.397520270733959
0.5162475072030772 0.2663809717896988 0.6940722870423564 0.9907595879543686 0.2739662412348097
0.9317260007314019 0.7505887612745815 0.9763244016104806 0.549363870135217 0.6110878276850624
0.7517219468532861 0.9423224503771127 0.16077602103492872 0.9204638002575509 0.6658346985128573
0.3842972797147892 0.5027716865554793 0.9354665831459841 0.8210945476289991 0.09155905277270715
0.6631744451162603 0.40673004644563215 0.8546357754184992 0.6702719899049189 0.7821813923858236
0.11295355438158616 0.08260172430281942 0.8355980207741049 0.02378085282543141 0.8559172952271318
0.5829352463062559 0.2193977183236553 0.4894949852409729 0.7135409457805458 0.668310980331164
0.44383827246093044 0.2260340280094595 0.7051134106971809 0.501637812732764 0.03174412852335973
0.9341510182604614 0.5589209206264306 0.8816144359360872 0.7955653477476461 0.06376142660312367
0.92968627744721 0.2054437119437491 0.9463405002005872 0.7062070010850079 0.9981084478779183
0.8187285764938268 0.08348139139499866 0.42888280948058677 0.87805974150011 0.5808030555947358
0.6389836455970499 0.781828176118976 0.7141553588804711 0.9803657874294285 0.7908596617721945
0.8444249572203818 0.5242966143204097 0.13291294333639192 0.21114816875964515 0.5052089405914527
0.9206532738916093 0.5269625205040579 0.6311153386842405 0.7524478406212296 0.7509578084815961
0.17904548555659017 0.950574711802637 0.011345859245099899 0.9855660104182189 0.7928356675528951
0.09338811146113057 0.5924783564458848 0.22502906986668625 0.19213430769346684 0.8698827134606549
0.17727450116789922 0.9431540036918696 0.6078269270037573 0.7424210272856667 0.32805333128446157
0.8468008906227663 0.8014228615145761 0.35966219166611724 0.37500780907753184 0.6576970587220983
0.9483696955965865 0.5249002530432163 0.9025638203720934 0.38500743851518693 0.11884807204300163
0.05236403715209603 0.5938603855869378 0.9316519951368698 0.8360122743430818 0.6387481610342697
0.32821700934768205 0.9752090535948619 0.43855702405899366 0.9072700927533722 0.16514330880580885
0.43565860461681805 0.41904022486841086 0.997349471405479 0.022880580570535547 0.6448433778902819
0.1384066037045295 0.5245824430965034 0.548795335694213 0.20716403791493476 0.3565595140865958
0.14217290091687684 0.7402111082458944 0.220855001805766 0.5344024344022066 0.1091224277078896
0.9781774046466754 0.1753462837991644 0.42785506225777803 0.5239024952019473 0.1302255672368634
0.8279135264326045 0.2620911314114157 0.1879584750933465 0.8665674867053839 0.9230050222543034
0.7654504176180945 0.2288422257902193 0.8894462078498252 0.6362015004900303 0.4267819780417905
0.49621706236909013 0.7817668179183236 0.8309128640733214 0.6847152094854347 0.8312620771728254
0.9931152517392036 0.31079650878896004 0.9056291961671512 0.6286055935864877 0.5721949068576817
0.5463208773196847 0.47253444467539873 0.9559499634232079 0.3459479079615473 0.6248806257593417
0.8598978531286195 0.14445952219895286 0.23984900297141543 0.9674146654457234 0.20427976033055917
0.07011789219767495 0.5431652029748779 0.6535809988500485 0.47072372628461223 0.7469035640607682
0.9424711707490064 0.27725708837988816 0.9012373530911779 0.46280104558023993 0.9902341831099271
0.03108348418773843 0.5816996409481126 0.6769685868139056 0.19162006765717343 0.5700032761979302
0.39624155547101114 0.2851451219948614 0.7327457094584455 0.8041965756604775 0.8574020369726437
0.8066008702277896 0.9365431874419511 0.20113899312621897 0.21576919258617167 0.381331536872192
0.17559797777361597 0.8447133223462059 0.7994235791177621 0.13962165634726353 0.42414310183771287
0.1007953770372203 0.19317984134407196 0.4897624602067664 0.5712941085258133 0.74965414126093
0.33139520174048787 0.853182275003225 0.43683432373430364 0.6477371295776987 0.9305097449090738
0.3372450912601238 0.4111708997282709 0.39290552198888773 0.039471427264168746 0.17030920472138367
0.4053926460017613 0.6333961572274247 0.47661508384686335 0.8487470393255704 0.404279136490182
0.19559950257098502 0.7549584410811988 0.837577625080283 0.5742688389023705 0.01874427884001517
0.7186221735278332 0.4998922795130374 0.17953691096978197 0.6557300400308614 0.069867504531539
0.18016966079496366 0.16347314312897498 0.08536249607025159 0.8801179801899733 0.8603904042557372
0.1261112420785283 0.7623681120861787 0.9870367767854336 0.21388705260987528 0.0026173933165701824
0.5914133026824491 0.5752507029698195 0.9391552798425622 0.8318793821527848 0.44046036645400255
0.6403943514560395 0.023990305378522092 0.5452201104919743 0.5114703169299001 0.564805980043072
0.997685971286871 0.15555518316246963 0.7421306565960349 0.8430353809401747 0.7193801689686113
0.8837829681340464 0.3398697136497857 0.3368041109753922 0.8549480769822217 0.6421279389219373
0.3187797442958088 0.26309595529029384 0.9483733656340066 0.9683848889576109 0.6076559267357423
0.32551427586275195 0.4158846367600708 0.24323934958247806 0.7009585214343806 0.6006852857644499
0.18495530063449916 0.4201442606212201 0.8174766134234047 0.08500482672055454 0.8890596372079299
0.8277840980973961 0.4920528033896303 0.9205089612886674 0.024215911892333297 0.008098133163175758
0.5666845775606998 0.6108333470883373 0.7397639977994636 0.4260506747537829 0.8262733213084399
0.4155195164110964 0.8175373041282401 0.4168888232010419 0.7494285414866135 0.7753191040262325
0.20972323741996024 0.5303953643066877 0.6116773629665428 0.8035585342684045 0.1528409858294716
0.9360830197033511 0.3118492060169562 0.774480420330361 0.9195982797833 0.39753460259297013
0.5044461730510386 0.8204807177184171 0.16054482297816053 0.13245105997753537 0.09125071857196232
0.21974986372983885 0.612786007876428 0.3842182069682254 0.8261210233261048 0.804450413272959
0.039895938950341825 0.04507324659982426 0.3304276059268557 0.28493924850807517 0.7139376386990964
0.1598179746248899 0.8551058045063546 0.15118780484955596 0.057137639597921286 0.5452773946134738
0.08461047152922041 0.9655498238669409 0.9658138609793362 0.027271245363692298 0.6086334478301108
0.3362083482216235 0.5211949457819189 0.44729669432848684 0.5263823259473736 0.9540314482229301
0.03845358627522166 0.8795548240817935 0.4894757200726466 0.9915404604820867 0.6889183882747031
0.830644281628099 0.012804750819826793 0.5742277255286498 0.5440000717938761 0.5746759745700823
0.9431618261007995 0.4363009013258695 0.28973021316328684 0.47767784569802085 0.27274292219564844
0.34687892094610895 0.10416473143895022 0.32085008332484566 0.27640217162322134 0.4547730806315966
0.41040071536359135 0.32661090568748674 0.7305172429050381 0.06079447776457281 0.5553009282717472
0.5697484463043546 0.8412236094620854 0.9969598713208649 0.27333234075683954 0.8096939898637191
0.9868276540003054 0.7682814711007215 0.812568649193266 0.8256326066794408 0.3897277514410772
0.15575929449398018 0.30387044317017897 0.9974540121426387 0.6645482699859091 0.36196282976846195
0.8467263814445458 0.7185798318475919 0.14170689160317307 0.46440463954715716 0.9140939606685021
0.8168287101617003 0.21812182903979327 0.7791582326863319 0.3740489034102521 0.7940394431153952
0.4821296402720513 0.1157382391801105 0.9032683956651829 0.06552948919146762 0.16268116683671674
0.8231744262733832 0.8230479301825417 0.32812394406353773 0.7989661621684603 0.3136927953933779
0.35947837958460105 0.8598211620285534 0.22953004262939347 0.6453018756646549 0.049864073631306516
0.1212991079598863 0.5926906524608871 0.6826375585997633 0.9360225186840985 0.7576619263017965
0.6134500221064582 0.13788164486253063 0.7451763124471606 0.7105682266119432 0.881512744374854
0.48974126968857035 0.20824778541299027 0.5116029531097762 0.90695447870088 0.056675082007273114
0.21370293190299494 0.6517072239331981 0.875565742566161 0.562098161022668 0.39298046762965333
0.960674511156724 0.9895730439726707 0.20521879420430644 0.3425004211886854 0.8424148909221522
0.9951074469512898 0.7021640854087592 0.3062230515352824 0.6056680089198528 0.8833780041378653
0.8468063215531186 0.6134881931466 0.6034994647683395 0.4913971324185702 0.7066939610134018
0.25860046787086555 0.2018163631490314 0.895720075430888 0.1837936255122683 0.23931068186355575
0.4581825644303087 0.05171188744360733 0.12222937735071215 0.9197502136368261 0.388096716341632
0.6394085625708185 0.539345171875123 0.17782665013197096 0.10005375594436994 0.8981159804726816
0.6731295750706563 0.6497547154897604 0.5425959546605568 0.3715112428318821 0.24071252574937652
0.45716336586253725 0.6789188453711552 0.0177524034384845 0.3857601327636405 0.40428841939567295
0.18476732006018048 0.21672047495990487 0.60142170620231 0.24883691657625862 0.061788816109379585
0.9964854831395329 0.9449317075367352 0.1634855127558541 0.6568016766775391 0.6629240336616509
0.6503565834228651 0.01730196932040906 0.9817270021381558 0.8560791929967149 0.7992118935083871
0.08794573046463827 0.12327212007570965 0.8387644856326097 0.445124367358652 0.5690990392789566
0.6362162742261069 0.03274779399643557 0.8255726118537671 0.13574796826222002 0.3628033307120687
0.9930469883596744 0.9021670842821742 0.5283471429731416 0.18756268249543429 0.4509604604541042
0.22421170223765685 0.1740111969386472 0.8810638320312274 0.5940768379605453 0.3144703247250943
0.7974496653784297 0.6343468148051362 0.7673767673503896 0.39343383936516063 0.46224933030240933
0.9924637288400731 0.9365974394821955 0.6219916781810316 0.3048331472692163 0.6475906587967925
0.9374443026921613 0.6672936809865703 0.834253020402978 0.38165697330182247 0.6353297830814661
0.8411819072646725 0.9662818015031591 0.714297280601414 0.8226447470976177 0.6221407240499645
0.371772127385123 0.6696650774021552 0.8320443272091813 0.36166135620042617 0.6809605760481398
0.2829844897655288 0.8687354318217964 0.13620687737798787 0.5644386117257615 0.09302119240935658
0.6949609912559019 0.8689592972283209 0.7500504451971282 0.3079126653340285 0.20312732126228294
0.8082137741817387 0.4720672278032805 0.13736265689367888 0.09696800994500832 0.2458435179405356
0.9491702619748053 0.5174445459767631 0.11436774100821667 0.16218299951522674 0.6762804988284535
0.5625267160860536 0.2996292955485571 0.28958595892414285 0.3564058501242041 0.23185780366556175
0.7251212120221082 0.5730658505058174 0.986771882302562 0.599896821975143 0.6750455991431358
0.6351363825130503 0.1298347491014329 0.9612121657993437 0.8549304742731868 0.8268432149191934
0.6652767077624159 0.17512042257864568 0.9496774559274961 0.3277989698733259 0.10995858426575567
0.7296487403736986 0.17122429527691307 0.39716427064953075 0.5011609174743399 0.18713928870002083
0.6632802956033561 0.8344081364063713 0.7133119980907137 0.9884834697343352 0.847902988852581
0.1724772021117622 0.10586896511035238 0.062322194130471575 0.9769850133556652 0.7758990292337584
0.8381361492730803 0.7758773115391442 0.6113657337838287 0.8375167449852539 0.06459645257411817
0.7813917941534121 0.3093847333083397 0.9903751186920835 0.7372404624935011 0.37334384432685475
0.2357931081028517 0.41246115456995225 0.03785930950880778 0.8159388403830679 0.3135598357347299
0.2467615912514124 0.328253222634013 0.45532555021356014 0.0840786037612431 0.9566314700988732
0.23905684772776314 0.8698501871543985 0.5221481039690979 0.4260890216136677 0.3782451726466417
0.6923542995691523 0.9238141126082406 0.16683868908872335 0.2736655243849141 0.6662261318221013
0.5224108488866368 0.4765127807136068 0.8447776895003729 0.08707538943738213 0.7517527209635496
0.5340631478828944 0.4509390876585875 0.44665650477740126 0.6608862724330928 0.15017492375963182
0.12049231696499108 0.8247984228805585 0.523045647217582 0.2694932907098 0.4405456392841094
0.3814435982207579 0.4988739413565487 0.596051454177681 0.9537487672836473 0.22054447072315264
0.9738847878670188 0.8830543860967165 0.8651589700071823 0.23885049188730534 0.2938008338168787
0.8758303588721572 0.16000101977104186 0.860421796225907 0.2514947237300377 0.7198913263302186
0.4021879289744036 0.14641896611884686 0.067598913215418 0.9014616012367359 0.00034896266975559254
0.13977145806357094 0.7009461412611435 0.15052589598756616 0.003777765065760552 0.2599658111940739
0.8287558043326411 0.8857489526270933 0.5000030669480692 0.2573109128540847 0.44651868386082716
0.09980889102718016 0.04290328904973073 0.5104256649769788 0.17959757408036103 0.10446871530954704
0.8789971216352338 0.07362041082496507 0.15339509853097044 0.35574574887592136 0.6594636449120906
0.8405293736443139 0.6166709191696056 0.5648812386799129 0.3987788554644174 0.2577936196406172
0.510543087545627 0.10481824680859197 0.24392660890123918 0.6751399682341697 0.6139809165592884
0.013398927164181118 0.23295869394861157 0.8309379738269059 0.44298789087268287 0.7055966203415454
0.27228135259930697 0.9897883632035192 0.05534102681634823 0.2691295716405152 0.2367017652744191
0.06537642835575275 0.7139511053022112 0.9478728611776883 0.5791600694978039 0.21389755044933045
0.3134489306826116 0.9533888314685459 0.8915587760964406 0.3652309677717678 0.646770203106008
0.5591723902996562 0.9563557784712369 0.2197499698158697 0.15847270815843906 0.6358122741251921
0.3505263722340367 0.8817805647565576 0.08965848507899687 0.7567144363033412 0.0942060628466872
0.9609788381768718 0.589252166273138 0.24012211399566474 0.7960925712473862 0.6926708176464174
0.3307551907297942 0.171637570695243 0.18366969875110095 0.2883492808890218 0.9496480017821258
0.4268275732153092 0.60469479536236 0.6594387403034628 0.6175580518907408 0.47484756526520044
0.05260778352335138 0.6974538125864768 0.09302060111824495 0.4786977123135656 0.7986649541570677
0.35848563196809813 0.6247203165798586 0.016429726665091127 0.21429179951407185 0.6539952001662491
0.693195852775209 0.5990259271819596 0.3696199475343448 0.9966846132511423 0.7239358931072417
0.7427943218195776 0.5252414374505148 0.7232551231059786 0.548927727567096 0.6472505842315449
0.3823897217416945 0.24963649320524317 0.9632661047904679 0.4306966529823749 0.42480648979799185
0.648654144349366 0.8293528442142831 0.8500278378529176 0.2187048857211673 0.2133252684500283
0.6907575112798541 0.03470467976336067 0.2472970160692709 0.868086642534105 0.8829589439299996
0.8547523341899904 0.1637087667799615 0.7413475829536577 0.0358087976766811 0.36206393940908477
0.3765372708590846 0.10751866807950394 0.12033812840078661 0.0115653922596346 0.19028037262906983
0.7172728937348852 0.7543040657013156 0.08862518907221317 0.19776782468537957 0.12652505397504554
0.8173846796027417 0.5155358063123243 0.2823370672485641 0.5683883028372494 0.67581040626239
0.4486916708192632 0.37135755943685433 0.32490004021068253 0.037200680936505415 0.008722579170277633
0.38119292875696753 0.6909951110810731 0.8935721868500649 0.4410554597461135 0.011540616149303573
0.578679084880734 0.766440371884122 0.5489753087188506 0.9244751604745325 0.2109357139845034
0.7719363440874902 0.5665453979839741 0.1325703130296514 0.24793604647094736 0.12364740933852691
0.9152381276466548 0.22219569516214477 0.7792961394521367 0.70208375567984 0.7750630035215444
0.9124054562376666 0.26898364342524794 0.7899156458544574 0.4149703168183527 0.3360390507065141
0.9712255689718501 0.5804646516987657 0.10107033605683535 0.4710804530818252 0.5663935912412599
0.6550964374235934 0.29211414774814015 0.4376958680236671 0.7003667274646377 0.116326997822504
0.23016113928902393 0.15233480407521538 0.6689359969417995 0.04121107838609639 0.9531448040553432
0.917102823673605 0.36956177846745963 0.04449368640463447 0.8675669769245861 0.9778181674677108
0.6841387403928569 0.20000922952112232 0.5018667693054484 0.6465825182590806 0.6737358053556826
0.9789483515191187 0.01859980251064286 0.52932437950646 0.4949993695069883 0.5420265794997662
0.9220787484511935 0.34726951268206585 0.3799609870851526 0.9420906168196985 0.7562763888772412
0.948054825947134 0.23330639898476824 0.6882652389635716 0.6516908687407132 0.03743460478444094
0.5075192715501942 0.4526157497233756 0.20894688324928967 0.8840921174818533 0.0038934787286063477
0.46459652676071805 0.5559146776878565 0.5233734823019702 0.36490741060328624 0.8613078140701826
0.5954920813063921 0.704791709895882 0.7205935532610365 0.7862203920152266 0.8492693398595182
0.2489325369183274 0.8487071373901185 0.1612310356233615 0.34766264636775845 0.9683649966752766
0.8592852538540692 0.7361031104528534 0.6322755135490029 0.28648157698997256 0.14863375689365432
0.6734493913193401 0.6491266317837533 0.9545988260644365 0.5066190767802139 0.9882701668141393
0.48479093154787944 0.7744201800460134 0.7772994406141788 0.320642607563966 0.6843511519620286
0.0815356464050192 0.03936667840247832 0.3276342696693806 0.5451393602066852 0.6056226258328875
0.09220123774770528 0.6437738829661731 0.5548045673850908 0.8271793580261165 0.5258926927321728
0.7924404659252338 0.06457940876535295 0.05188765450835986 0.38840701793916665 0.13065533902052262
0.839920124839343 0.9877357116065035 0.560587074657845 0.6757782795873616 0.8625188910174044
0.7000789098454618 0.9843221817076072 0.4926412437221437 0.08890391717098833 0.21155947474932013
0.9571344192262305 0.052592095687261864 0.9938980633440138 0.4958126890007649 0.48383359656346103
0.3697774246767789 0.49929357788724293 0.807804292873761 0.05070251342496879 0.9566445674487212
0.9702378490552086 0.42985180233814013 0.5445664934338297 0.7505664822192443 0.01851797353241369
0.7432576161277049 0.7066010860803413 0.533934736627106 0.10239805454132844 0.19412064890228276
0.6615812433134401 0.1377622748831031 0.40503301218675414 0.4706980524436142 0.1617099628979104
0.4446967405395432 0.11820410311558716 0.9142510814886924 0.5862151779390996 0.7458843843443759
0.3035475310825293 0.9984487781619814 0.5350448598275822 0.9357485694775357 0.719800990927714
0.7102308424783349 0.09690086828871969 0.07998684177139892 0.44424941222046554 0.8558926240657524
0.049225460796864184 0.8171807806123885 0.15687617724020675 0.7375126651472221 0.25854788441812626
0.5980927868150125 0.9941161680822973 0.19419070111107184 0.14587123232754307 0.23580503217818816
0.38482880007203313 0.22006286134642594 0.04264380595634598 0.7756253432232261 0.7775690885134012
0.458584518481966 0.7052679932550643 0.8400018461580083 0.0017559295556911492 0.373313780155045
0.4473598306048734 0.3567957799792205 0.8777510496431722 0.8506284642845967 0.697709636420794
0.23070287909105658 0.07203558991128756 0.1891500181590703 0.22883994099969218 0.7004645935131356
0.15423147096052714 0.5890975688804907 0.8837766208256702 0.943142464093942 0.4186205867855395
0.5320800667330801 0.37511407602108493 0.22950986733080359 0.853285121727383 0.37166796409700364
0.03803391757040109 0.8174026096828616 0.09408448635882316 0.4622278722860528 0.7247942137967138
0.6107885890515635 0.19920676600512455 0.6007295467708388 0.3450356105852942 0.6168879926957873
0.14664322059008006 0.06791389950969373 0.41754845938402774 0.5890365713926468 0.44862232876522756
0.08925333805783853 0.8714351130503258 0.11385417692370958 0.10775530786049792 0.7775979809506296
0.09949294935744735 0.04862791148761014 0.33078451624551775 0.29534994216955446 0.9378944149600376
0.23178097653061114 0.2084298290742288 0.4488595844781975 0.6437503189576472 0.8727556442344153
0.03748149979603976 0.09885857510379381 0.44455162236565393 0.2550511940777138 0.4016337318262785
0.5365519102293943 0.8349021613971014 0.3290290725618017 0.45939078299790337 0.09166900950365275
0.2255666337824782 0.606627349173775 0.46494125758667093 0.8068614241607258 0.9797534054669768
0.3639439287075332 0.9971089926516893 0.29652926704455396 0.11879725957117482 0.5605774848902346
0.48069038092967287 0.5908665223593339 0.2643416570549667 0.04230271930952734 0.955841064804692
0.06742859490241182 0.5708503478059707 0.9437282976122688 0.6062359400777978 0.05343725738455152
0.7914575256914431 0.7617604192318737 0.7067736200168033 0.6511742039783235 0.33694854797020934
0.7123423839020775 0.1460788066423393 0.18079964698099515 0.794333210133472 0.31558133949554834
0.8384456118810008 0.42710540080975457 0.03321456846150228 0.5303927336560429 0.7415763196977959
0.6155817888309745 0.39519411235967195 0.9064967226989542 0.31342871434665165 0.7753360909593087
0.16408631035603272 0.85980380380264 0.710154972544425 0.6492779216124379 0.4279779559835646
0.009037620621950904 0.017046904504282034 0.8736540843045176 0.7741294605979587 0.42286202165905695
0.6634072261563916 0.3721685079158451 0.5392230303645639 0.9926866499683873 0.5635583122412126
0.8657466881264028 0.3334976785384318 0.43845158666107076 0.11721678441410022 0.680758772942625
0.30781670460714705 0.8937982992809202 0.9570219502374157 0.1374322220983527 0.8984561005724429
0.05180779966153848 0.9569202989589377 0.10820659739752458 0.1995970867850576 0.9338700820179837
0.25528432426991743 0.9543525347102757 0.9084844423014078 0.8551232553181357 0.9575414081656969
0.7575619063383651 0.4987860793485013 0.10244421179930785 0.46313423844701207 0.32941953730814155
0.7528663114933319 0.8590755026272376 0.5174252363481147 0.4686570313445415 0.1912936822508292
0.6981870889141244 0.8190580247400077 0.2281027226947261 0.4902449296940873 0.20776077877587573
0.9469709156343358 0.5917699449651921 0.016572781458257024 0.5110476249342971 0.38545586853371416
0.7931327821553824 0.4298810921436895 0.6190150897132147 0.6029869703269571 0.06642348984729873
0.04470216378541214 0.5448956466754619 0.12512746126907226 0.49618743069804827 0.0483681988781699
0.03703715664098073 0.5574496104330459 0.7570938171247199 0.16280595884431348 0.7186765724638753
0.3382298152452934 0.7546981483491911 0.5564038624427776 0.14469536529953797 0.6982738067948112
0.6286956175245574 0.2411946897224465 0.9347907531906882 0.9366974949335294 0.3622361511500406
0.880408053968177 0.17926763447653105 0.4339259697922154 0.016163612543954264 0.924956174647493
0.25478847893072687 0.8367393709461863 0.725386054502717 0.9563664562937131 0.7492652008195344
0.9064951716877238 0.4288451385643762 0.49448596898682184 0.65083200699707 0.2860066641485931
0.4959316246587576 0.25895836293865204 0.46037955983774015 0.8274752354473364 0.9788582174921254
0.20548331316595847 0.8456499185527713 0.8744710583349855 0.5527759357585544 0.8909243345658142
0.9398602069787958 0.6038061957105577 0.6327726750209414 0.06237437430803294 0.7955650188417661
0.0792619489108215 0.1923236246560588 0.7814809965695363 0.33632301824158783 0.19889951414492846
0.8617695370334876 0.8606403545481317 0.33554909173441394 0.9131282767309057 0.43403641418350336
0.41071348299819666 0.2027714293479378 0.6711836620062269 0.9733571580189981 0.862333116217271
0.7656572164778847 0.003150065508435995 0.15378905974818713 0.16573479730531793 0.2518850299745571
0.7530702587316632 0.6801466227350292 0.8255041075503674 0.010432792938717017 0.4025110502621083
0.40854001603873447 0.7515114475183226 0.6385314904761235 0.5264107676520537 0.38698903129317697
0.39392408366985865 0.7552465999394288 0.6664997343069748 0.3932487757223615 0.8467744622112382
0.9317840900657088 0.25890157663537816 0.18455178335495648 0.7165662100600125 0.2117415484807733
0.49909983017773996 0.06009523463686062 0.8193805237805507 0.9716714370653512 0.5922107727444701
0.17296748171673926 0.4383115223123297 0.8249968576079527 0.6550347801305145 0.35311144649969395
0.8144613292465486 0.36401956256918544 0.547661071905855 0.19613942460664724 0.9445556477606881
0.573547719943858 0.7349283151182794 0.9743129243069076 0.5108092904606442 0.5263216172688684
0.551031508090112 0.28007539672041104 0.3398867996605368 0.3266546038727204 0.11592139832119597
0.3270639898018308 0.8484320061478062 0.9510332763502054 0.32853916887382684 0.946386714407674
0.18103042954513104 0.5947789998821897 0.04997524850337565 0.4940574179520423 0.6160564009817775
0.05440288409032079 0.37090650412634996 0.410382041128181 0.0650513753414863 0.787257752051329
0.9370293400375018 0.00417239807086589 0.703413711302679 0.7077225873236226 0.695808732210665
0.2517562070500453 0.537673287340624 0.03853436252038822 0.4782374325286153 0.04741431072412705
0.7307951570929702 0.8200161538928568 0.04420764515054343 0.28392580649192367 0.9678679792143149
0.1241541796959682 0.989900363598935 0.3169002007845715 0.6781496239229752 0.926404685728347
0.538686441434148 0.1924374932375167 0.6905151662458155 0.8655055479974094 0.3397303455606713
0.31456154422464633 0.2733679497606697 0.5456895035921684 0.6961415551636145 0.047048197112879664
0.8899866028576738 0.18062286885557233 0.3987937827084128 0.04145870441292965 0.7952336990431207
0.20597852262491279 0.5903341790492991 0.3978221089885384 0.5564519602894877 0.23178235644586476
0.39796943231552395 0.801237644394634 0.10745086156823735 0.1990533288672114 0.7173278353418663
0.465007427456295 0.8307451792715971 0.0982182448786647 0.7237934782079721 0.9296109027431523
0.31958630250239384 0.06032987258629974 0.8455819839653308 0.08699666512633464 0.3765039018902996
0.9497327059531349 0.14443952840823648 0.09514883569167842 0.7149263494419138 0.3790602592530211
0.9244986802844324 0.782483198929095 0.8631936912613185 0.09427619214115857 0.07159818358964354
0.8204706317958282 0.9603180819940906 0.9169060307275143 0.6493064124676404 0.7911019026089774
0.4422725981269998 0.5583722945489878 0.6224585679961719 0.42871629649016896 0.33566697632134646
0.3707059556901976 0.15684747059566173 0.3321966180413852 0.3686745329305019 0.5690762300013309
0.4541638239363206 0.5998036155657381 0.2754104531007273 0.4006809521028283 0.9002086674610298
0.5270794456671629 0.12335636522137483 0.9511695545612304 0.8764191595375823 0.017705603602277464
0.3236605393286346 0.9748304107589634 0.5285691226056639 0.8147149381068384 0.4449671047338629
0.19584751148223678 0.32708917721549746 0.9941845142293179 0.12919928284791715 0.8025552948188823
0.517049284067 0.33026716825210944 0.1699660557378211 0.8925728110509062 0.02863426258892432
0.2869176620343675 0.08088541184272269 0.45871623703402875 0.288537161017124 0.6931402974168502
0.3793215434940044 0.6640790419067074 0.3228272079647819 0.02197101809563151 0.15378991249524931
0.9913357662022173 0.3454335324929094 0.2762695377189578 0.47166758122277086 0.8266944537346951
0.10652770106022802 0.394961910822227 0.0764080097429527 0.3571531769581737 0.5547794943609099
0.561513858900791 0.6670514669299891 0.7957591321902954 0.01049327849858428 0.34548412703220566
0.7175480570431412 0.48180072826463993 0.038651903355804706 0.8821095602944001 0.47125119386458814
0.00438762655737257 0.38766809037540784 0.26775685936897375 0.3150741747344957 0.18967323899361788
0.9447475570002654 0.959448871317262 0.4305339791205167 0.1221808363146405 0.05866298607466491
0.34461089317466487 0.5682233706792288 0.11022546936697464 0.16936019867726737 0.51488008403156
0.744119950590628 0.022927389549132537 0.3971878033638244 0.17671276044895623 0.1678291656192199
0.8092873525905128 0.23251046009257414 0.3760095299868216 0.9862874026510497 0.024536983230902143
0.26236450870951455 0.6353831787149187 0.620424214698079 0.27634742351008024 0.20578434493833064
0.2291319015345218 0.08008447667350105 0.12341650227118128 0.678780547194394 0.7326537695847211
0.3965812033999643 0.9770781715867011 0.7879376469448328 0.018313009892634402 0.08868319399504832
0.14846587196451055 0.8227949664212573 0.9007692328085822 0.38691230046508696 0.34454181579755605
0.7853842227183783 0.05059613232533855 0.24578824538787714 0.345748338677931 0.8472469377864582
0.5589851536054341 0.657459116169097 0.3394021074920637 0.24881174300390674 0.604801664744192
0.42084831819725943 0.27682059711471696 0.6169997663786567 0.0945032035431077 0.5177665378987237
0.8885056775847335 0.3744971405444585 0.9829273902461946 0.8531234918627698 0.5945433632913897
0.27045075613723457 0.17097139660288518 0.944717811859203 0.41206707239276164 0.01741165481754192
0.5562896643522686 0.05218217501390676 0.17170803433359605 0.3461070946137269 0.4308925076093878
0.5796057780146969 0.9105822410722957 0.4909589524574106 0.44386863518243447 0.1786944719158403
0.9841836897550753 0.2811987572641924 0.838893557638803 0.29630868150310463 0.8067169377986397
0.15245323256179988 0.7783610526928255 0.11725566298838974 0.5124104263143525 0.6896208947359174
0.35945660393356205 0.7001360056415413 0.16559421406468444 0.6771254792914834 0.09313930072928289
0.7079521586433046 0.18044951645493978 0.8941581928621682 0.8413007887508421 0.8172276268315414
0.8174794765965296 0.7087612112052432 0.7829185119067542 0.6188143887563688 0.8648922437894774
0.931477634801374 0.5535177466126856 0.9448606361001956 0.334516672187963 0.3830539821935821
0.3419814514733569 0.469890834818815 0.13288535806356416 0.24538753348096465 0.009881541077094824
0.3616868367525704 0.3708309816823695 0.9905159434016348 0.6177238544463286 0.5037439332111322
0.34475079268526254 0.5003499234043346 0.08584131269441464 0.8611670457514887 0.14341426047209327
0.9999351973833357 0.989270776072312 0.0806343800665622 0.6688383092176405 0.12950858306606972
0.046721925226841154 0.559743468583752 0.6097788554841279 0.22818822106343328 0.02021417504649725
0.7070987258382923 0.0758893741897394 0.8478425377032541 0.22818360380778635 0.7741778603328285
0.9328931873082055 0.062160160407504605 0.26617488711000425 0.6329619692835188 0.3154199560013218
0.18391747469919473 0.32522791453281674 0.25772001403473543 0.5211361520118509 0.9707477590722289
0.15529856830272482 0.9631032067267453 0.2537527655410071 0.8081441113201528 0.7257763890530528
0.3585320800455615 0.06296008412745413 0.7247161152489978 0.8566920366241483 0.28386522957100857
0.3130687853319205 0.7224198946605962 0.19009292675944978 0.5469410119990145 0.8974616228851983
0.5309826281212625 0.7362208003273267 0.7390400530057781 0.2772353075776838 0.9686152458368358
0.902290286199414 0.7546803658832758 0.18524420391135132 0.3115106835259299 0.6815222426860568
0.9422666092890111 0.1983395290318256 0.6235321431133714 0.24443067847928324 0.31202500805124356
0.2870428907950545 0.2374936032513827 0.08433399342012693 0.832332658531173 0.5898685365570964
0.747362929560627 0.22560783623988057 0.9304057856578947 0.4532292637294657 0.49359514341273636
0.7408434494396805 0.32428351241376085 0.07995306407444458 0.09769997315516032 0.7110527572231852
0.4675344088989388 0.06159977377156123 0.9643601488145042 0.6491549696971637 0.3258104347643914
0.6652477310248 0.6278577152142122 0.6137662933744803 0.3035695512828199 0.7855460030192865
0.19633040678479374 0.6485509836799743 0.73189721277867 0.39278766544189025 0.5932041532550737
0.01839800929656965 0.13507701770432778 0.8503899358710528 0.14586974868501235 0.16378992445936502
0.675572732223773 0.9031250040212632 0.4527551727589224 0.6041346793694383 0.4260366070691569
0.4363983779884678 0.6656933305688312 0.9005459358806989 0.03884708182914498 0.6213668396415195
0.9322355177201613 0.4504997051159638 0.7280538628182637 0.1377280233513294 0.904798713805765
0.9220287542736544 0.05252011223999131 0.2993162098403558 0.3959814060704673 0.5369386221294283
0.008084280933403742 0.22386398271330743 0.5483240374698007 0.19269859149211244 0.9866141830958717
0.5400056413393967 0.6605181335356232 0.35463582192458165 0.4974350530026048 0.36671308999849583
0.4809846693625468 0.5046631880897959 0.7437254291881764 0.35667129057073554 0.598429816284308
0.18268553385108766 0.5331611405538934 0.12071673311919173 0.7298614062872455 0.31363978847926965
0.8993583019108186 0.8827747461554497 0.8087228147904962 0.8466976175436837 0.786132745702708
0.456623013768534 0.8584012532150519 0.25335472204203946 0.8802883575405976 0.9800902543283904
0.6035403394004526 0.06969355513367737 0.43345743108720236 0.055312492924107115 0.7363566939031347
0.06352234748818109 0.9434472932249831 0.5384936725715823 0.8573401214209461 0.8299304478033375
0.8999560884827821 0.3579232033957944 0.4674960875479277 0.32306286107419924 0.07977972450437898
0.9893542711947673 0.27811001476164376 0.02511789663674935 0.09890312191501793 0.31634524240238227
0.9952181175246126 0.7829783974927863 0.876433244657033 0.32103840522298377 0.6775906600617019
0.6045378942439991 0.7627463363730336 0.20859064515330017 0.6568963968695044 0.06857530714148707
0.02273774934855677 0.3227072879124858 0.8468422075462025 0.4427855349663491 0.18258078219388962
0.8630102204132096 0.8573807494974897 0.7867953113529051 0.4349265693555615 0.9956940955128666
0.5458162606107103 0.9404797343470416 0.011561479154671539 0.585945354980564 0.6229817632319188
0.35790274145336143 0.11353010242871753 0.5492066527229772 0.06309023652433055 0.11967417541863634
0.8318454381640075 0.8108331302308359 0.041920273848314205 0.4189474797170484 0.27248412733131777
0.36236040811910686 0.7405123319800992 0.042940236940891774 0.5303997400260364 0.32014595640735766
0.2556929112169759 0.9129623193343941 0.4597849367227804 0.0701629909749063 0.3611546542710101
0.16479724312640331 0.8890385049650936 0.34355087779860183 0.1761145044086464 0.758176920220424
0.14513517506744422 0.09009871524529955 0.24305197534275058 0.2811076050675342 0.30995274261804684
0.3513451489684736 0.9662678922389417 0.16722460632460667 0.9339441919426925 0.4053444633688358
0.6723335580987307 0.255021235168292 0.2313562983134192 0.084136303114274 0.13893097069524696
0.019551124143366905 0.2014276927229739 0.4962492070967335 0.5779480648998913 0.642385668457978
0.8277436245444636 0.2014154505677077 0.47784758547296546 0.5991701383935043 0.13191761152509196
0.07388047575527346 0.1312375101736477 0.9019899298844551 0.3911399587482801 0.7397598444542494
0.803301757549694 0.23278236032898791 0.8555231782555641 0.09825838814752996 0.022083042714482692
0.944954207808724 0.4226972302899691 0.7175616390081226 0.7553306331119253 0.15806644997852815
0.6710161050251723 0.8616332832599408 0.09893810156215266 0.720217019865329 0.49848765157311914
0.511942660642419 0.6740673239670899 0.3700062827621008 0.9897595918203542 0.28469277863115716
0.017448001850251416 0.9610789920998072 0.6832942488584512 0.30533941193201286 0.41615382768261755
0.8131318570421691 0.9918658213061305 0.24943397103942955 0.777121523560154 0.7026819375891444
0.13090468058508453 0.7217515547400406 0.3907814796395608 0.013853564329297408 0.5707994790309661
0.8887560031362952 0.9123542053832598 0.6896299888369767 0.8328498874593174 0.8165894528643689
0.30868926118575135 0.8914342154057567 0.3852796928107739 0.7586579552043061 0.5472505193046913
0.0732373998945891 0.391337846466401 0.38905122827057115 0.2496613333831419 0.5300788408110594
0.749409475794853 0.5383086442179879 0.5651306335933969 0.45393056899749074 0.1328603672935088
0.37746423183819633 0.3017695688856863 0.6903232980664428 0.6399876492825141 0.77201893476939
0.6738992908399111 0.6729779495308074 0.09719841230609738 0.3027826384666391 0.2305012836743464
0.9139903570530896 0.9360065850412577 0.20945752597733003 0.2916921608417542 0.01918336929638753
0.4074109711609949 0.1592507300098499 0.9605275400088746 0.24462770659628397 0.14029508023935877
0.3786444004645547 0.9886317068493847 0.9716690222897137 0.15597698394504889 0.6310868571740548
0.29178366715378 0.861506348134805 0.30919245510794247 0.5714363915228492 0.8450642026499701
0.43748115768960316 0.4432311395750913 0.6316446654072537 0.27981314503519683 0.7933180305597095
0.07584136164829369 0.4718566679419285 0.39575600557728474 0.22887571362024528 0.35821440273395877
0.2326412589219059 0.8726471078636874 0.5289303311257865 0.41017432929906517 0.970252958633285
0.29921453036235957 0.1895845038702645 0.6845261938247359 0.4164863977335176 0.7912387623587778
0.6549970317968707 0.8111362852080588 0.7806009952461173 0.8920605401234399 0.08091857058796037
0.7250939759935361 0.42654927706938783 0.9641015051930054 0.2585946234160337 0.038147384563832265
0.922835741826907 0.5740118285813645 0.9687565761317759 0.4693943690482467 0.7375039700658578
0.5496293230924285 0.6654151479971854 0.45231436897810207 0.34998009971019806 0.6569242512964789
0.3242233328521863 0.8350896492640975 0.3568744314365221 0.5552602543621035 0.8952501609256761
0.2370442085461194 0.992548032678002 0.10134650416224655 0.4199941003600247 0.6828893876127222
0.9320830231508952 0.144812708747717 0.772731963693909 0.7203501686968448 0.07892382421071797
0.09222023813924285 0.31915661271742524 0.0035263129575411334 0.31075140795867506 0.3886392951295844
0.3496901741988908 0.5382167935927006 0.41323479860866996 0.4935859504119787 0.5561746148268558
0.10135393739877807 0.6055759282011832 0.43315524694839214 0.09527113392300524 0.21813468293064397
0.6019632368604816 0.4570982847970575 0.07024660819757078 0.4049288743274636 0.8731868103633508
0.9706330264247095 0.36126278014594093 0.15250846834797904 0.10697451645672462 0.7152646528589006
0.493052132486844 0.5918247108732207 0.12376421858201792 0.6177007923732452 0.5931652452695269
0.30205938889559225 0.5571496029659739 0.7824403212567606 0.05027550402943293 0.7420303084037996
0.0631709718941611 0.33770976116634144 0.9813338577910373 0.8471863615326093 0.6633227641802586
0.2325249998194603 0.09009261041624272 0.7799123303204475 0.3431647052833644 0.10631990337794073
0.2905188539677288 0.8382063796605409 0.48795507417766315 0.978903769822986 0.14217952167861647
0.23578469905107347 0.5242978379974877 0.8674418892806389 0.3538099335715128 0.6070182582899827
0.4769685229567314 0.5501856939990964 0.5905248541183513 0.836397763374307 0.28662799407102013
0.9476121991076347 0.9640495082427909 0.16698298600103656 0.1476581894930138 0.8561548748258568
0.8780507089917854 0.866711496508777 0.21230520760554972 0.5540939383556329 0.8361794295133337
0.7966253029036309 0.5771873525500543 0.4517445977320018 0.8635201341792818 0.7947670207990012
0.7443067031288105 0.3483284212676989 0.346823064738046 0.6572356721967182 0.717775308390174
0.022684663895579993 0.20748691607230807 0.10979113782510175 0.02971696704908522 0.7937928341873457
0.15891283865783978 0.7627375828966232 0.868657070353043 0.5060230720842628 0.6777756749115662
0.28808576833153976 0.9726013243654621 0.7398792161209168 0.5312433672032797 0.6589673592150637
0.007706086718052174 0.5536741233305397 0.9246915105024281 0.5858061335156753 0.9386289905634504
0.6676826495734189 0.5214516876687927 0.5020099170746868 0.9593456915852744 0.3948081419818559
0.6147688525503324 0.09522467226235909 0.8188214947179583 0.08117223050333577 0.3012360338679252
0.38275564191333766 0.2660810593130485 0.01579528984227707 0.586074119883941 0.06162109867925114
0.08914247582844004 0.8401388337130192 0.5795234872553091 0.170512219644409 0.9699078322752143
0.2957087709010774 0.21629957615085083 0.7838444680487932 0.8624364122459003 0.6374564197334234
0.6746326261330463 0.9744803576779986 0.6094334752057897 0.897358753637364 0.19537338516371427
0.7094511922332173 0.6578804663452719 0.09526412339548396 0.27665437265776327 0.10557418342048541
0.2730845881426942 0.380058876839404 0.7862038989381018 0.20686211835866075 0.6975788429822111
0.6694130152555647 0.6917692023057634 0.8123375429708126 0.6941940392970749 0.3259184608286728
0.34315983956489127 0.1889996545443936 0.6460324556592095 0.5836613096468165 0.29505899458868723
0.32934914268822546 0.08505782515328786 0.5873989248854005 0.7467497652138548 0.3188921794361692
0.32958377314467846 0.9270299972365857 0.4888821284205356 0.6984731851460738 0.7695550411061525
0.14822874151435672 0.5527794279609616 0.369395358998182 0.5738605320010942 0.13046008002774934
0.4013286944825981 0.4837684507304547 0.07297618809686357 0.1381400206229373 0.5666212578957818
0.4738974158476179 0.10989764696190685 0.8558114373093724 0.3109007937845307 0.07908629684409563
0.767818715186855 0.4005206222629428 0.026570126413687056 0.24789594958081473 0.47873826593752256
0.9472423060750655 0.7765635648676085 0.4206430091813994 0.33446838820895697 0.44951453962441024
0.8991180580603784 0.6570660235956709 0.5999288399718912 0.21055453665855162 0.27208501092274706
0.12591197228247053 0.007104932513655071 0.6883625062197783 0.15614384268991444 0.49117621028807357
0.7574205839008473 0.10870081263225695 0.15422502927465453 0.004284178574469832 0.8123047715103441
0.9721986766216036 0.8063105010659085 0.9513548395747862 0.5674622215145748 0.830960765276319
0.8944868944491237 0.21041744716476596 0.08727303950190135 0.7357621359482962 0.850107284248769
0.7965691682288512 0.5984941353609801 0.3804510039000091 0.6706418512779629 0.5906453294680196
0.6437969306274804 0.037864442411979504 0.10371949852897755 0.35632440503818563 0.21609569717417487
0.3601026456233355 0.002522470950746314 0.468481364342731 0.8896497891071683 0.0774176331466756
0.5694580389518754 0.16477191934624835 0.4711609269155853 0.3702652052196692 0.9703028383083885
0.8911391284157759 0.36170870336878214 0.6011165031066543 0.6563438506672732 0.7442183700082945
0.7276668512561821 0.7383557549926182 0.3320515323992962 0.7343933591233058 0.703382431240436
0.15603701456068408 0.2217437790524358 0.00035231948820868553 0.6797543284171466 0.9464792638206073
0.23628930768700473 0.4014045870338352 0.3713206001994336 0.6053575855152125 0.5036581089059756
0.09359709684534145 0.6494864347761938 0.2643177675312245 0.5842368784091667 0.2660120540547769
0.48942336701766886 0.4985174554517514 0.7647981130156103 0.48025407844793877 0.6061779152809789
0.0632210499917707 0.314791413870227 0.24645585569911677 0.5900475919922884 0.5099827121018677
0.5311828520750348 0.7147039097957227 0.824298863744643 0.1600593484964571 0.8358485379667522
0.8935305668666121 0.6122861394307106 0.08967967419823208 0.4942609557440488 0.047433750422968046
0.8443271102408362 0.3529956976308204 0.8756145133985552 0.7457409199723984 0.7143250778085929
0.7984633468943954 0.7194266702414324 0.3798640869314447 0.5472248077377585 0.27967810450065167
0.197874984631349 0.09490719140865311 0.3999839723891092 0.5134340681275068 0.5826713052939229
0.4834656979568088 0.7350719242439865 0.38036416209108326 0.8479018187930935 0.3700482192767014
0.7731463776626124 0.8396317741010473 0.2546492357469534 0.5491090441771633 0.8944615836069821
0.04742413667683987 0.8331523468921754 0.3111601890740079 0.9433997711016622 0.8956964561205848
0.3902431467256704 0.8535264753488444 0.0720243443123364 0.7784506559664494 0.7883487008965303
0.06206712954440907 0.14455871022555167 0.04568763228423467 0.9636696662838666 0.4155299783549268
0.3285953994047133 0.4139603270051456 0.34998231314670347 0.5620422458996902 0.3315627734835359
0.005836733279354633 0.8307644920059936 0.5780640615341576 0.28326095761137793 0.3802361376873534
0.3084932214536108 0.13210872889119318 0.5756723977926848 0.9713286762474739 0.6720298787141465
0.6569594016351636 0.5981006798896132 0.15186333413261477 0.2554314681714076 0.5304606511914461
0.5978047480856948 0.007944703948374432 0.36560266352176474 0.010808052697903636 0.5342128882574279
0.6064631059768802 0.4836250741473501 0.34534072159631035 0.7758931243114039 0.6640436713331735
0.13788620285341002 0.024930546953840227 0.004649786675398171 0.14112470184206738 0.6674908002176768
0.06537122109956728 0.7387634355045012 0.02009884871917611 0.6421733243468015 0.2554205728866612
0.745212217689366 0.9041014455633161 0.07084722990224279 0.37172766419282965 0.2963604785128816
0.8443781356453726 0.3025677319495944 0.6146674424612891 0.0027987022639969217 0.6660250256762156
0.24549594542254616 0.5227608492640873 0.49399455166775663 0.46436292432391935 0.7283022023554168
0.37035147955956804 0.4366824794561299 0.9938056371240962 0.1792275121183048 0.5174610349894861
0.8084767288985084 0.6996775617447546 0.9736744168812471 0.33864342964319194 0.8712924684731024
0.8043871636511818 0.2099240264053044 0.0981218963642626 0.8169857965421428 0.13018754231474838
0.7344845301690037 0.30265225321645783 0.6834420744905864 0.4836198674171459 0.8270635067434149
0.8379164670105124 0.5177842937275265 0.7988936468177006 0.7422137485006611 0.5229624191420748
0.6839360458295184 0.45899490630699624 0.3857666117035128 0.8933016921403023 0.16333403529117152
0.6472103855831526 0.28005315040512757 0.2956676781725519 0.5291366871765802 0.48760387644571945
0.8678474739279026 0.3696746113453713 0.14615150382578834 0.9116206523032616 0.47712368556119666
0.3791217983447124 0.44047146456751285 0.26862220248171675 0.7210155341231518 0.49703542134417755
0.5088145848486391 0.003765462593371849 0.38193371654462605 0.2862915585042686 0.7466061790721331
0.8078337296788645 0.3891544788109167 0.5146278498410953 0.8650285507415425 0.9970204621447537
0.7112560257800989 0.3563495970188816 0.624086897542129 0.41867135258226784 0.820915171023919
0.8252378681645612 0.2019823245447575 0.5824186795733408 0.4136249018132411 0.17289562301011696
0.5791764517951935 0.8849560073061099 0.19921014157800443 0.11856298410584498 0.9843805947088583
0.6525953529717375 0.23685780369070808 0.035599092901717144 0.5279479406952056 0.7765100185779282
0.32856052951082027 0.45501010173466416 0.8652912837423175 0.19868631448183338 0.8683671372527482
0.31242485916759277 0.8301000111611301 0.5254355692734801 0.1490569354504062 0.796834510013328
0.6698149317509604 0.03965071254108521 0.3729902966968983 0.16845080744418905 0.36607557467133145
0.6508966242390799 0.49245603954234385 0.4144190959546754 0.8341208283813638 0.5472102987727742
0.6688569942476313 0.07456629931166903 0.9228228964090787 0.7596784593146898 0.3971283373016542
0.53166160699332 0.9866812422167798 0.12721575449712552 0.37003237378761655 0.696834735269897
0.610075632888543 0.11174461718102047 0.46949974759500424 0.7953197624310546 0.5750291928183267
0.6244162277128958 0.8956569260357901 0.3025198881762542 0.5088726349999759 0.37377628105776683
0.603419052115381 0.46926538846498944 0.17950450708386745 0.4610939459833242 0.3329973442651115
0.7596253698307404 0.9223591637789588 0.07930630208600964 0.40203592636580043 0.5645098440223848
0.02933086051235534 0.10581603740451218 0.8149988480864129 0.1796801471721302 0.5122594175439532
0.40127258806888766 0.8689540795162038 0.9758105326773657 0.539010965916996 0.9042104922451123
0.1466080265666594 0.13666553203306986 0.5260095425628906 0.7280770863697568 0.46829125473905464
0.1793173925306697 0.6623051713863713 0.0373192045475812 0.5613151054384395 0.27424830311222537
0.13002940744635483 0.346622051267917 0.3707545856799376 0.4696375942354376 0.6833950603292032
0.7447314061707659 0.3031427354873114 0.40747159167514824 0.2758596365536371 0.9173020898368358
0.06174020070515507 0.3682760984160106 0.9637014388502317 0.27841844205645305 0.8310614394982193
0.01202689366199361 0.2562338240899963 0.9711418256672483 0.4985217705196001 0.15087658735735165
0.9782995655698077 0.4003485939221325 0.7490085557611121 0.8822653899303677 0.7488766718094387
0.972452075417315 0.854428330767966 0.49614875660528934 0.5800112928289803 0.05636577466114301
0.04797387136891795 0.1092348837416649 0.7314296714551509 0.6587697476739002 0.6644335284530088
0.48621104998593234 0.08586118517261565 0.4842439065000612 0.9315273538218174 0.784431132881273
0.324762269723996 0.0049889769982623955 0.7794672482002319 0.3696740537327542 0.3988911647098987
0.2738761721187134 0.9249891049723518 0.6358229585820687 0.4502165683545719 0.6034996662547858
0.7687363874323122 0.9981846475071608 0.9412495700001915 0.29328892755537195 0.9469250168719587
0.9383309830265296 0.8454652677060495 0.7182781662344728 0.5689581738532594 0.2258568400243538
0.2536644563775309 0.7289436768975152 0.9641709041933689 0.025370584605671653 0.028443315402451597
0.6048783299273541 0.5600815315547611 0.848143163739428 0.22819614205372096 0.8740367383355282
0.09342281368995065 0.2456689782301814 0.4982788015357167 0.9176217693347464 0.8564257585224688
0.29113695615482316 0.05357355690346588 0.9858205726657026 0.4641069245715641 0.4762026280669538
0.2689613479397226 0.7790202517441086 0.1774523303731913 0.7692090072889539 0.4487100546575713
0.4493142259339613 0.7163403225937833 0.5280778249364293 0.001267931498490471 0.6388780400807444
0.336633989299721 0.6110314007100589 0.22248820107725598 0.11732148953831412 0.33465591234178305
0.829630074189291 0.265907759172035 0.02003162268220282 0.1951326763058031 0.5512764462074289
0.8033917840018486 0.8893488692817105 0.5263038772957314 0.12164454802341496 0.9635253659357126
0.14497960016990108 0.5358576302281395 0.9765004828799086 0.36515821387877134 0.3295940316669249
0.2516611140687023 0.7604444860226133 0.2518011423287634 0.21884320314638328 0.5680844356092712
0.23425036959927314 0.8754320692086892 0.9573726030372813 0.056238567413194995 0.8335318438474689
0.34883247914945636 0.49332808180359766 0.5356772809136885 0.8031206236936799 0.25770113375400694
0.8774914925431325 0.3953358994809898 0.8757272523230588 0.32586765617606206 0.8926845080824672
0.5403357942992041 0.5061097902046602 0.9404990393014336 0.8040299999436795 0.9166755839247135
0.8632445295106143 0.8205416577908944 0.4377488748905216 0.2658327579968238 0.6268787796363727
0.4451065144617272 0.5128100449146488 0.4408842836281991 0.9617776944116642 0.19467643779824417
0.20189968865009011 0.5407192629989764 0.7757844803227678 0.6321908946706207 0.6361288804440339
0.7479527317560594 0.39841863618870976 0.21976840450996704 0.2945846215091785 0.3429971225641344
0.11230656109259118 0.13117213547726148 0.7259070129208176 0.0497754488036084 0.7629922868820399
0.4132690178284548 0.05819969411419501 0.2588070011336179 0.3392087506829381 0.7543960651995477
0.14115799732520717 0.3479862805452141 0.1600856484917813 0.6886178077218409 0.1425578187047546
0.26261659945780125 0.01456080656687675 0.27658011555632733 0.20841839439340792 0.7249991927267821
0.2286205482978877 0.7769381917839356 0.10252958047275684 0.19899589862880696 0.14521584567716672
0.9798848305069678 0.3341530340930453 0.9216358737793329 0.936700042160543 0.3899113994683139
0.13086606201837436 0.3369066214227854 0.624289672253908 0.735180538140866 0.3556637732901604
0.5251399033465781 0.33386707236400226 0.8572750143487718 0.6468907990132623 0.34655489468122247
0.6672778354069773 0.3702531809907751 0.17482348224450028 0.34386379627333374 0.516443689260727
0.5189682635697016 0.06213672578736684 0.9711076693990137 0.3923199690110881 0.2677198261013405
0.9967807856563766 0.9926017847490253 0.8388389223499157 0.14550109722690718 0.2745492167463309
0.26825682893893465 0.7068675816218728 0.26274145811721283 0.7390833948460114 0.31973546495386085
0.6269878015955206 0.14337198422715902 0.9154593552542081 0.35493272044207413 0.8720117661884987
0.13767520560311552 0.10425331392750048 0.7102593933637179 0.014957349332748171 0.9161740141632614
0.9509153575571525 0.4964611903882131 0.8220298126717336 0.9872727397465189 0.05267383474633436
0.5104270999295529 0.38886595640230603 0.13388067562058548 0.6183605113096609 0.4713210688996414
0.3348506078710778 0.6962515651215049 0.5417739980321556 0.47018309028517913 0.4640685674490005
0.895646097478972 0.3026567866460428 0.6841038449690285 0.4845646633624504 0.8736668863348838
0.6359191517430892 0.45612278080336377 0.3156980932887765 0.9507558082816109 0.7084258423662768
0.5391068576337651 0.5058484614079997 0.3434586514301454 0.005004387540468058 0.6233360043244125
0.6053429423161657 0.7542647810482489 0.1996485397713036 0.6580347896956461 0.8176022939535665
0.351309997218773 0.28869798125273427 0.48028763023203047 0.829546004705199 0.7800330376652854
0.05583014587734525 0.7423768887353073 0.33892354367998356 0.24951836633651536 0.9070828316395677
0.794105149000641 0.7187867491128964 0.5054349392074993 0.14171907274926754 0.8363245936573428
0.18595641467418145 0.9726813208424625 0.830272284507362 0.4963638807419346 0.8333505835766826
0.21997792452388998 0.9463729747258021 0.4312543092857334 0.5241248707360258 0.8697194908008901
0.3989847313506508 0.974666044665186 0.6339743382664945 0.28390842659755366 0.7496465944107745
0.07716292419957038 0.381427673783854 0.1298254229641601 0.09741743860193453 0.01561921510407871
0.779201553950308 0.09422310159899905 0.6805407700719076 0.3679245728728767 0.39040861904974256
0.42998157413080074 0.012170214688076664 0.32737519455191255 0.21159216045734508 0.4072254502781558
0.992417485479407 0.5111845892455282 0.48441616449993063 0.807786746006371 0.7567245355992995
0.17582569030417372 0.13130897093139116 0.5840812791065003 0.36677780447783337 0.7800062292870621
0.1642409093557694 0.7218318135420058 0.2230110763253057 0.011142855552889741 0.9033803862379377
0.3606731747769715 0.8043313841265158 0.8734519170366787 0.9192936413689947 0.9453696725881596
0.4317577306395771 0.034790987817240104 0.6604820770348292 0.7023383639508268 0.0780703199302798
0.9521560595980696 0.033263708478622145 0.3993606689573592 0.8835703952523282 0.005188058439205556
0.6108616612037102 0.27882640032447414 0.4883267497473982 0.027804323145173893 0.33489883390345054
0.9055952872208959 0.41069902252711776 0.23889557646291093 0.049270286392299245 0.23563833699291425
0.3347505022773908 0.06223133228925781 0.14372223340741663 0.8858422213316678 0.419289313959773
0.24197757054657665 0.09646428862354406 0.9224434173163406 0.024942967580939834 0.797514082164931
0.9533283524550306 0.3222883908948878 0.5841411340372793 0.27146446303407856 0.11683393684494303
0.019215144425615005 0.7796962803465552 0.4020186395331511 0.6381223832070884 0.35776485001763825
0.8801241971565728 0.25999698890351575 0.1557504748554468 0.9630324755359319 0.5615840517957426
0.9709802267801687 0.058156348717322004 0.1814446884822909 0.5507948908984035 0.37350625466200427
0.6535998647116118 0.5103863127305488 0.9362989456922935 0.30985824687021457 0.7448716863912452
0.1390647223954835 0.7645820363830212 0.7538276532528337 0.6124481327277482 0.5918299481167185
0.037186226178072546 0.8892861623675004 0.7754229659302608 0.6213125720063543 0.2477246323946819
0.3760910265466926 0.15945155880509243 0.9071794217220945 0.8244851945715678 0.9241227469304809
0.9990625319979419 0.9854814618644602 0.8648998407366336 0.40673473557195305 0.5357284330728935
0.5806299725574989 0.06094195303670569 0.1877664350053413 0.03750579296942236 0.1919437327193766
0.3682290933299447 0.7918772857769434 0.7227210533152455 0.36864767892755057 0.6849143861450678
0.9269295358889947 0.9758977576464118 0.8013697496899002 0.9221740570555262 0.01971327459895944
0.6096857318074412 0.6513265543801761 0.08009690842621553 0.0019402075111784045 0.8918811729081368
0.28517263922502223 0.9401890099725986 0.43166837316104845 0.18275560705648708 0.5693603832753786
0.2088807784458605 0.8477623760347506 0.6380887977373291 0.4347842242051374 0.3252806011015086
0.8302724401599436 0.46750118931985196 0.05802891543331856 0.007511759198981616 0.5304529693450385
0.4849824710019529 0.46564722574391504 0.4928959505593803 0.3654861343014756 0.5138768764415974
0.3629352427901016 0.08376741345386696 0.2126154032590386 0.6114045538766407 0.2836130268537794
0.10138791289626103 0.35866578641045455 0.46719675043476205 0.8305769030554347 0.056034760293734664
0.7275478908151556 0.4180177904353882 0.7885786241937568 0.9583359882813046 0.8487268822869677
0.5412599389964713 0.15268140219857984 0.028584875402649867 0.4939228378382362 0.07254376986608346
0.888016478128527 0.6233157673637033 0.16212942652770612 0.3647067845456703 0.5823740096720463
0.6181620156838257 0.8608229620593072 0.7421080199852957 0.10237332521013964 0.5100707831113219
0.43514259247616704 0.9626754263615631 0.34529985554018194 0.12975773430834603 0.5348138334482594
0.953505183039187 0.35969351819208506 0.6585258426527668 0.3952968268232433 0.6985101576526791
0.34107470771047976 0.878185316505709 0.490711089101714 0.47028448379485777 0.8262644055032835
0.8334468737403057 0.3046051797372755 0.5676934325586629 0.6555441224728592 0.0375977893756666
0.4976867006392929 0.035239340029023514 0.432118115665575 0.2755218353220972 0.6940345543181392
0.1403271837633786 0.37451968430131 0.19422960525379918 0.0363448182589462 0.09811234168266669
0.09569478331819703 0.06609832697729379 0.38533369847367793 0.6039829677268199 0.8096657769283332
0.35708787558794974 0.7243863881198852 0.8421153037494592 0.5563286354867001 0.4927866750979881
0.9091056914351285 0.7213953249406759 0.6433732415142362 0.7486057502858325 0.9997828541312181
0.30396138166815134 0.1726386577596467 0.2719311858524962 0.7257251497745193 0.09851091260676892
0.9669218351809008 0.9360109538587044 0.7439340343478791 0.052123894947268545 0.5148296282157923
0.22710531901663067 0.21825489863667769 0.6361517709715839 0.7763086766624266 0.4096893334544993
0.8160957449954627 0.8509014466197454 0.9241658085638346 0.9900172299928648 0.06578990558320197
0.35355646192015544 0.16675321327323422 0.3967996408486938 0.09494567565490408 0.674047307450408
0.66371568731546 0.2523778075444685 0.027375471292212183 0.6685921390461591 0.720770584570542
0.4959230835042646 0.47747811080382896 0.5446343040081385 0.05603155128476467 0.5319619284854447
0.7836617005600116 0.8429503522987354 0.39773140316565103 0.658421891519762 0.6637640674720986
0.10977376885400247 0.23825445300802506 0.8714049621230878 0.8378181735515675 0.4692883092166624
0.25282868051481877 0.606743659180683 0.06726579417874712 0.9843849419357936 0.6904051348435074
0.7891781325702569 0.029366578569450907 0.853081945418113 0.8872094148710962 0.48912297961931916
0.6856430457539334 0.5354394195726967 0.7703474283306304 0.4542762527643883 0.4080136294518598
0.8683287748951708 0.021657424665883496 0.09584415526937207 0.6649697362606822 0.66597512537193
0.11539042052010895 0.24532803384616586 0.0009319865607695377 0.3859417947421593 0.6958133984512666
0.9374442672066859 0.7309628462784465 0.6383316902645637 0.8201676277132606 0.0696987534919884
0.8896001929701347 0.9788683797192633 0.1228028655233 0.5394969461083972 0.7524842442062601
0.30624606873377824 0.9040331638794327 0.8796150293156737 0.7713219470858779 0.6076620388949195
0.3502741391305636 0.44068092202978904 0.8722296372934132 0.5797033537227465 0.7530783389560303
0.7200937997407313 0.9743971530148281 0.6532295034321508 0.1766615362323014 0.7050625099247034
0.4213696208374508 0.9587031404450409 0.9192267614737103 0.47024473271485656 0.5087719506182742
0.14236492395953593 0.6372767180366223 0.9437804625692839 0.9122963873297906 0.5568436449122317
0.8162095874447133 0.08713870980739946 0.7452716611228672 0.8858903268076332 0.8393529008181327
0.7163142706822653 0.2719779641771348 0.8741302690086771 0.6221300283062012 0.8561275341618122
0.7900519553679198 0.5923381847055206 0.9904995472504102 0.021680753484089932 0.7582154923160576
0.09772341358587044 0.9340187064147732 0.517414718367103 0.9576676111810307 0.3777247744002772
0.1918570069533434 0.2319553393703614 0.6415849718341328 0.37438252697544405 0.6607141593353942
0.22942614974911746 0.452818599124297 0.8125114366093366 0.30009062572832423 0.27182707369553194
0.08552009255457649 0.17620543383644682 0.1289040497038414 0.1399394247520067 0.5741031077977949
0.737179977304163 0.32551578399513514 0.11576140768624421 0.3149375441957002 0.4626281482430491
0.7699203018152031 0.7787931086741025 0.49029343317688945 0.32615062003617457 0.947256708251985
0.99795197350555 0.6132288623531659 0.8966561253445926 0.04943456585602657 0.25096334832399547
0.0683805437439865 0.26151018318952535 0.033973522439286086 0.841950166284073 0.3355737127632026
0.3212724085125813 0.9930312740745205 0.5684955586598696 0.6955545771442126 0.12118904721363599
0.8694506177269947 0.9259701704225924 0.7650624030875834 0.8487636279655439 0.5457861790141242
0.1730272103962428 0.5761487508452879 0.6656153952705764 0.7052474488519589 0.11234477572182788
0.672660645090354 0.22341641260850198 0.3036238266228074 0.6233979881227698 0.05575083404403525
0.5136544269666338 0.5053745863575408 0.10277171635595095 0.5690975123695717 0.027201912900559955
0.7265215853586997 0.003640958936492744 0.4232843394942788 0.6406876118590006 0.2825545176717058
0.7206867278154148 0.8870920712809903 0.0695162309679489 0.15911321731265005 0.24240391084876456
0.620353490516961 0.98575635338738 0.13778330419391305 0.8518642999164087 0.8895525746881311
0.08154650894978277 0.5204586584629236 0.7238062932151051 0.4875003318907891 0.49683997249323586
0.8356797174543555 0.1778275957056087 0.4552952931656331 0.385075506024522 0.06200476560631607
0.31616599018518077 0.1688906853863772 0.4520733146936271 0.20385869872935236 0.606314112781718
0.4676273821730377 0.28112770354825667 0.04703194308543657 0.6097070833163782 0.8177619470091871
0.4432634701533107 0.9271988797864804 0.3538427508431682 0.8586561922471544 0.07669342481846919
0.859655468851645 0.9301588808008568 0.2358043258820368 0.6712412759399471 0.5142256791589729
0.44084760879084384 0.03541350931641307 0.30549958000625077 0.10992095027350524 0.2762901854934171
0.5436509614327638 0.16387515049379076 0.3931447435398513 0.5711585750787174 0.4948043437666013
0.19357239668376813 0.2156497301601723 0.7837512146605822 0.9468423749242728 0.8839017899972591
0.7824294097041938 0.3876181813668802 0.6697771586333127 0.4850881599605852 0.34529954490392223
0.7608088278683248 0.331713123948004 0.4236820651531382 0.03403005065253906 0.3256869371091915
0.02768329354439325 0.2721571935695811 0.11449942280719605 0.24386869360353458 0.6703309256934146
0.5234237005566393 0.4072438070946278 0.49304204715285116 0.9522109417238235 0.705572112434849
0.566120668660373 0.40025018358807807 0.8301704043395899 0.5352171182532021 0.42075802182044586
0.4196392852725186 0.5567968362872875 0.6990486424228659 0.42823209010177254 0.8478018797361252
0.940538900099286 0.5540416127748684 0.2739272021123509 0.8863724915703174 0.3444045685414301
0.40238169361659526 0.4825526611969716 0.510451640651517 0.07943514955546749 0.7020511814778965
0.8124821174773433 0.8992227197318131 0.8283564259357814 0.072521054212488 0.29067433084568395
0.7246435792712611 0.8226734787473853 0.7037972679543384 0.7382352079046587 0.31011931504508505
0.5816409251588767 0.5539083672063929 0.029920233843873323 0.109416082273598 0.19114731464796775
0.5170761603423762 0.4866053409457618 0.1606445553507252 0.08638527409389285 0.378164431074166
0.2236457019168704 0.46964151379731356 0.726110509393711 0.1057710786323498 0.7173262597815042
0.09203038698051658 0.9120624205245332 0.8444504564661305 0.730462141659345 0.6732291541380973
0.798792653694991 0.4996673877168938 0.8146626660131714 0.24489460885628433 0.8538797202123891
0.030321813154576494 0.12149351322162383 0.672681650423472 0.8347628055251309 0.4677636439981553
0.2489299012474454 0.9953011189306621 0.4413542503668404 0.984530787621298 0.7123194579936918
0.1848923918805757 0.43330268601901867 0.986622686899528 0.04102928148815865 0.29778621424782326
0.4043229399977325 0.3547760201600766 0.20313891590013966 0.8775971485942035 0.8126928904735419
0.2794039526166918 0.6284116305780127 0.30906624344957434 0.8606266896120291 0.8658382948064192
0.7622737291273162 0.5383616554418379 0.214392818789792 0.21041024847561707 0.9757372322263431
0.628256137455234 0.1820926606513945 0.9965824124092195 0.9784920000300688 0.7071980808583702
0.33221734105562184 0.5983946963949929 0.7616281211710179 0.08900917124669316 0.9685010416766076
0.5644633929677736 0.8547359685912878 0.10829190125254007 0.8996244157061222 0.6110641101004666
0.1589508294936306 0.25014480456003163 0.006907619098066808 0.4977420997238492 0.45093600972770875
0.5477846926861755 0.07961390525664103 0.8435117992569646 0.006228340568593782 0.5176603969986564
0.008779947515485609 0.2505800751844537 0.7538483649571265 0.839024561100357 0.3477274547510115
0.2921634004227269 0.29045629747879564 0.3720122392748676 0.8558251903009929 0.45746347565729994
0.015363690777199679 0.4801347725834677 0.3314663636532642 0.6921928829690879 0.43511283890465013
0.25093934073758206 0.9026685141044353 0.5861341111148594 0.7976890680689365 0.5625470216924082
0.3070164973025121 0.7525772571029629 0.4827981751822098 0.9717762807117825 0.4040258898533372
0.07896667453750661 0.45829666823376813 0.5946046827956292 0.39905523016106614 0.9000887239766258
0.6947245396143251 0.26407164701241814 0.6243549823659785 0.7752523663829 0.000477106631197155
0.38025008599771626 0.8365703141751609 0.7519407973996695 0.9417557518046483 0.9182367542884217
0.30438794023960725 0.03446450056833006 0.6554456100860029 0.6949311327546376 0.3609401296449609
0.2951960249610067 0.1035178315442149 0.05860969758162193 0.8806820163979052 0.7266808739848365
0.37013132117616854 0.7895681228125085 0.41410107535364926 0.18989050812097885 0.23741662079940684
0.8566871354964914 0.041080637005574294 0.6274259353277619 0.2646937027438814 0.2863788643068901
0.6824017733618675 0.037175288157657915 0.9147404366672311 0.1273874093952364 0.5652823330248945
0.5300029639067544 0.42824552754836687 0.7979469314212987 0.7378931438595109 0.005708476052915801
0.21227376988524127 0.1254154710713562 0.5348164386715489 0.1927154199904767 0.05581353998406824
0.5910746275735312 0.10086615799684973 0.40680543052314855 0.5771674840257484 0.9081696544057112
0.03369417261705132 0.23208338107660464 0.073323482788343 0.9438088155291163 0.8195214291898966
0.44643170817901 0.14291429693736135 0.3881333093016337 0.9693307768206921 0.05612890819442273
0.43664674383677327 0.23749328765919375 0.30499839130742057 0.28144906585879337 0.631799882355232
0.38506788985755336 0.8043483502910816 0.23002963777383945 0.2430743564049136 0.24592523351971018
0.011245010512055509 0.33415282720130757 0.8995274555347164 0.18131548804776598 0.9473345460928726
0.8630303978554914 0.985788466577399 0.5784518709404466 0.7679474229390728 0.38033920147475964
0.8399860693770813 0.547845860781416 0.40347353240849937 0.7401804381082605 0.7617968147499112
0.23478043205150523 0.42408654699574944 0.8130546466668757 0.3525821201842593 0.8163501334980878
0.13463691615734585 0.9929753005363079 0.7638075817887184 0.9316370453353422 0.10155162551094099
0.3094243239734834 0.1007255572704795 0.14096992670274833 0.357615034040497 0.47956045829273375
0.47493699810061973 0.26420748676927686 0.864654863210086 0.49863499616597606 0.8930909481127517
0.3694958954872437 0.5043581899793174 0.6587229518195759 0.20984387504647262 0.9050084753925864
0.3252587222026787 0.400726468443633 0.4050019319992154 0.24886770201083852 0.7315000878956951
0.5210690635922679 0.5245914742413001 0.7888469017813234 0.2828030172776024 0.9816730469144312
0.341304308967031 0.5395198062576427 0.8389448690645653 0.9915888987136792 0.3630839611557034
0.08793239053088697 0.31772839845845824 0.4177044499042414 0.4618489340478634 0.7296721554930996
0.2393284304963389 0.5799393343515197 0.3794310641546995 0.33891947191640737 0.3219203443764497
0.7996785768909965 0.3354654950017576 0.14025711743092628 0.8603319882656926 0.3845935092909517
0.4936592089106786 0.827218843027122 0.4394938456523705 0.19941562994789763 0.6303770032113861
0.058412474995649055 0.6661826366288524 0.6214846156260143 0.3707394478644698 0.541732875125512
0.2371673842808829 0.785871648923976 0.6649732594165729 0.45628143021655154 0.5291801834182539
0.8659223175700467 0.7605649123725975 0.9043544563473758 0.9367965703786985 0.9587901898027232
0.502489941389562 0.9646994719543681 0.6150053432995364 0.37767397347592546 0.8887548483556871
0.36397926446704576 0.4898167832486293 0.4730476935551503 0.7225552881799592 0.24055962299964084
0.3208407280025404 0.7556603538593296 0.9642847941364756 0.9962425574080555 0.38331387361282
0.45470290112607836 0.5499576661298547 0.046730991217837414 0.15068424580879902 0.7910864602401843
0.8053991681764014 0.4751221023559117 0.5139443108438527 0.8249817831805563 0.6321232381224338
0.09778465277568671 0.7484323480730654 0.6068832786439764 0.2458666095023625 0.12099614937792191
0.7571368097660847 0.02403497557015588 0.9823279383567045 0.054864018724661956 0.059089960244550044
0.5141724140818374 0.13828252374877226 0.7735373420056958 0.16162500589835505 0.5213630527409424
0.677857251369488 0.6860723207975118 0.7256839110837782 0.9705960988993052 0.20761989450194218
0.4529862071097872 0.41655943815819474 0.4897045636487075 0.8032255478242788 0.403395394014193
0.12889142397468856 0.585279060849288 0.6329762488095562 0.3991119884031695 0.22429034133392334
0.6449410501722536 0.34688683720549485 0.3171624774983045 0.8957015195362816 0.09497052289679042
0.8192270391757318 0.907326711269534 0.36237162394827693 0.6264687072062707 0.07841442388797126
0.9713380777621125 0.3413541863952414 0.46461766494121814 0.5136819258412412 0.5938203125973692
0.5584264912971975 0.26636683322435584 0.8994968576427979 0.48610131029059667 0.42204506426604127
0.2619057934029204 0.5930740048477626 0.2185439303553044 0.9895848980953853 0.6036955249884732
0.45897400819266077 0.9258866207647422 0.29006422004148946 0.9758509300437397 0.182353760984021
0.011200517765272755 0.6228100155323817 0.8844661668855217 0.8156294853730459 0.566611325324178
0.736885365683827 0.008564976029776128 0.08720580825845847 0.30435294508960653 0.603043544344514
0.6162783387860139 0.5533654280182573 0.5524709691177848 0.9908776056714306 0.0840846843176819
0.5121630569860052 0.4097502219122626 0.5351569187152551 0.37771124486668384 0.0726285703477817
0.07073926085471527 0.827301830438306 0.1785281430395672 0.4475101597193374 0.5028957216380329
0.9234660010603148 0.6344207641115794 0.48758800406213565 0.580943275115546 0.16896932600548986
0.3734712679060157 0.7433786202394078 0.8714704136255685 0.22184700698082216 0.22118918240406615
0.11197749885612407 0.384214210005971 0.9641760244199692 0.5285710432488459 0.9277340500113251
0.3772998840947769 0.06731394407786961 0.27446335115354803 0.83987298132586 0.5396447358121191
0.9043889474365151 0.43524151278198087 0.014956004223400488 0.9473067155300603 0.5016599961744294
0.5781423067809954 0.9924933630969005 0.8696171837233568 0.925070111827539 0.388041359217572
0.11026209209330706 0.45618802394835034 0.8996757954903737 0.8465770558130525 0.223969231416846
0.2847833603250256 0.02439366872951576 0.9095984443099097 0.02814119239310009 0.29067287026346733
0.29200385177623234 0.7811799436586063 0.12984400679320884 0.5170428435342803 0.6330600199175432
0.11762293595494655 0.009884183555488923 0.5702027314322035 0.595792883282241 0.25821597128135343
0.7207131112093902 0.45680394411616954 0.7706577997177542 0.5179155753467016 0.804261199650798
0.21700197895272344 0.8237334019492789 0.5713331583479728 0.30668432317937666 0.11256026720039403
0.5344082227267158 0.7570068923219002 0.6591788719185526 0.7257537071896046 0.09623581346033827
0.7560995157353083 0.25414576581024073 0.5940376333755036 0.8230205826802102 0.32907182010273717
0.8970626256345848 0.9856405924503592 0.3545970001931604 0.2630462144937026 0.8339164725168244
0.8932120350480061 0.9137969919283186 0.33897027460427787 0.5617573089955205 0.019322126214172286
0.6244384564577395 0.14223465065505514 0.3999051323706335 0.7243569976710145 0.04245566368719922
0.020539367413760834 0.22312487632208244 0.04904038834069546 0.03950025306938809 0.6304109911102042
0.9994535638897468 0.8156445319556003 0.5638445283817917 0.012379515160954924 0.5618694354847289
0.7476314781071022 0.43880261458673675 0.7268068095635626 0.9641181650631779 0.5113208463401555
0.6183139314820356 0.6790099271748202 0.4040035517008532 0.6946164017961965 0.8335895001685321
0.37370457527679324 0.3319353978850046 0.9139133938604539 0.5784151879987905 0.6660875798795295
0.1549556696326 0.5304450758270433 0.6913574019673409 0.33736461105223536 0.18031205257578964
0.22110826018069707 0.1754502064695408 0.6266955279072214 0.5995285390013929 0.23286217618917526
0.5557196404693748 0.9878758639786522 0.4190216684416248 0.16000177461275722 0.18037098052399636
0.8818776518685538 0.36411307181451946 0.552602422108359 0.1522278822612796 0.1587316253096347
0.9510880276307305 0.3277338971839855 0.4048882320469388 0.49358233679849817 0.1767266009013827
0.059347431666289086 0.4610384319416919 0.09258391951440337 0.8784531803408855 0.627958020709732
0.3251469514393981 0.24731906447189322 0.15339226367189485 0.7922403937281216 0.3753046566438234
0.3496189560258943 0.009799541137264889 0.5694549460059831 0.9793556652711018 0.19974171293662846
0.878035435786567 0.40796563521290374 0.9147211302695042 0.4213824706327587 0.9442141023520844
0.25205345731050055 0.4575220111689904 0.5313248022841458 0.3144153420931519 0.7429449710066773
0.8595030186910039 0.9961851076770307 0.2848314732206355 0.732755580250438 0.6305596943759949
0.6666753284642665 0.5516928665436999 0.02468378695246476 0.3523981183689797 0.9200648834434033
0.4445099793702635 0.09012972733578639 0.09781493166623889 0.08625042474866806 0.2711205093831356
0.49324677183810284 0.7647025045559647 0.5987976758784176 0.048148835202237894 0.6583734580955021
0.16294338299459465 0.5672027285674669 0.08775498614956723 0.9444494548823975 0.7539196739122737
0.14485176936212563 0.3516029364518862 0.5726370995650693 0.5825545793515692 0.8721976369402051
0.8790610888608965 0.25362692975675205 0.4402251053793653 0.7641590638626305 0.17318345237807276
0.8918839313965476 0.28494384850899257 0.8347517060574069 0.4235133579581202 0.24909491846880005
0.5017551674875619 0.8512513190235927 0.07453947610464962 0.4458406979925622 0.05352325125500834
0.38384788229331424 0.6787777757175291 0.6863360217288071 0.6749643427425011 0.33174658500409493
0.7454641759249091 0.36957119561166896 0.42229574404557024 0.009070225548978739 0.5630890363753215
0.782256862869666 0.5320823750885909 0.16158376066577507 0.6416337886614578 0.7107436916000308
0.813086697175509 0.5990721938267968 0.5218123410083388 0.6719055247465142 0.19982098076688115
0.36692812222960725 0.0070553438081767395 0.4680689419850925 0.9185250978279629 0.9185727607372006
0.6782614450201326 0.3008918248608805 0.4031515495381274 0.8879542377390696 0.9967100166073508
0.3290281981127522 0.6330081494675379 0.11887335088563267 0.017323988718552563 0.47768690581789075
0.7145716647628283 0.4961088590298848 0.22814646656235482 0.5348330573817587 0.01034269561033585
0.2957477836289858 0.8862200620417601 0.9378624574635872 0.6685422249008524 0.07376437140876957
0.26109382783695434 0.7550812807123042 0.3344163739039516 0.5479795146368205 0.7147215322320606
0.07758823657415248 0.10807455142308242 0.8191518482714599 0.2686367159383053 0.6333328668968508
0.38790168281993676 0.5032972254307868 0.5005189449770114 0.287647766946873 0.6933322357424807
0.5430337327477032 0.5703771603228156 0.14627345882000753 0.8920654863084505 0.42046192297376705
0.7802783996905903 0.34316427053360665 0.6672231926636694 0.39722811266302716 0.44548763274658154
0.2880435514957631 0.4319257648065751 0.9025859509636213 0.041375554606085774 0.9844619421337554
0.13003024820108988 0.8383470814540054 0.4970441563363892 0.2656058846679813 0.8784990994714256
0.15851092325798777 0.6168498145703891 0.9131434221533651 0.5260614107244088 0.30377114149851425
0.19267890322060477 0.08961015639449155 0.6368307071364373 0.46261900902271114 0.8456209054593293
0.9624738034336614 0.3020134440761474 0.42776488037172 0.6011842432752684 0.3405018931703817
0.35187503814432486 0.6880548074645964 0.7519364364345071 0.2872921377590335 0.24069238000388815
0.32950452233468697 0.8792057539219936 0.26497855198823694 0.9979690367144534 0.09336560754809853
0.5774718788404329 0.8453636774902649 0.14904384694203454 0.897382465117821 0.3427149695694902
0.8320563242332546 0.7625709329355177 0.7771466501803065 0.817117908026452 0.26646136198886927
0.44830038255698923 0.09600217877021211 0.10609658687216694 0.6837455707937627 0.20672851087518118
0.6652665241309725 0.9085827577326405 0.7079723077948684 0.3131810623855078 0.17658676571542886
0.5043510679602927 0.42462444457583426 0.4502685307128321 0.2143375905703382 0.9379603259158207
0.7832641131858467 0.6784976400828244 0.9757445174231636 0.6150859607541468 0.6033835725390633
0.07118446911139364 0.5725684675227499 0.31951907619625597 0.7523767658464229 0.8789348883001743
0.24176354256073684 0.5673204766899593 0.6020495481439128 0.14000008312470802 0.10142339822807656
0.7578548737640047 0.2846491522992377 0.355056975376274 0.28288457788863275 0.2831185437132374
0.20213811355326283 0.5214798610015167 0.11240629738185137 0.7602185156706065 0.14846584593180723
0.8060999717977536 0.8792098686452132 0.7034525598141793 0.6761546585215161 0.3564632106094787
0.6035709047808512 0.2888055002151503 0.2557856160186386 0.4527115352996046 0.46166451077916193
0.7168363228808754 0.7163323929227151 0.3242622606000267 0.4358644666419098 0.2258328294189479
0.9107087760157792 0.49045174931901014 0.8726491659134727 0.5051174485721017 0.7792890163677398
0.004868868991614206 0.33583176527960235 0.777014966580164 0.11054382705912713 0.36046334553039916
0.49453881332620653 0.3585637666915865 0.5731842807259077 0.08915514409299341 0.9410223043141821
0.45609142569195726 0.24671307058960035 0.6090340005456263 0.6661916681313439 0.447950947821955
0.6121000008211934 0.1345182838559118 0.6664082983790119 0.011159348911964129 0.6897674571123944
0.8547627536903473 0.07725717957221301 0.004426898187125716 0.7914856619956051 0.2114340786251171
0.11941765121620174 0.6539327314287608 0.6023834487090075 0.7804295973464471 0.5250348070664448
0.4980540924275598 0.36689180798017285 0.7355023980772294 0.7119146532955175 0.5428660602079748
0.7278914748470589 0.9441765087153989 0.7324758371466075 0.8595881092986319 0.7504550019205407
0.7914498476106355 0.8168661591090342 0.9606725073468051 0.3079818191911652 0.12780254187128492
0.7706828371635168 0.10913123467843999 0.7071670694212563 0.9863578071128892 0.3873785542777851
0.9706759019868636 0.4862157887791001 0.5334132051988145 0.14939203608255947 0.44403401808397613
0.5918874838254159 0.057152677406422825 0.2719921060191067 0.21170482573972926 0.011514846426239234
0.8463033284274196 0.2874194773490131 0.3290189946417491 0.8929809048792445 0.8255516363632734
0.2956659823098168 0.43502155111045604 0.8184492313840042 0.23864597865323456 0.13111944340006476
0.04236744297669359 0.2280090688605112 0.11598759208567078 0.9780278784910864 0.25331148632163913
0.3387999036476148 0.13392779953193346 0.09617369338941006 0.6671617414859629 0.5436197222058018
0.07582518300504393 0.045812555242753294 0.4054197489429733 0.9562534476600435 0.01917228898125589
0.3886432433733479 0.13089011773444503 0.007640014505277959 0.4091996159369341 0.8778656774804087
0.9688862750498166 0.23807402232788266 0.3378566439703723 0.20735644039274592 0.6967265414320042
0.3068693494622491 0.14984944393737054 0.8754337282417067 0.706576072258984 0.404238607323795
0.7918667337517097 0.5630954761211464 0.9251031246057116 0.4435494704188867 0.7044607528043212
0.5554123627848535 0.1145996518373048 0.7204769161249233 0.25036426537803924 0.2844722066286496
0.9038326927202206 0.0944473099220956 0.6280156964497294 0.6627722319657072 0.8579242716991093
0.19700542171943392 0.9595101733092263 0.4676998603030328 0.13259943433465404 0.45616363844153063
0.5464195307832481 0.1973544161271128 0.23629968459300887 0.24036344874291848 0.8955790949856781
0.998132213272251 0.7749101969253515 0.32630444732113717 0.36095588812949075 0.4115409938700335
0.6501369477092678 0.17445848305442946 0.05672828421690601 0.9073769158379721 0.4222796636602403
0.13202138235932293 0.11461971103905622 0.5792674973441437 0.300507426319752 0.3432438167565798
0.33239521021673746 0.9686901053788065 0.4253206992416084 0.12293209920109771 0.933318489025626
0.7765271529685422 0.047112475196200654 0.6114611264711078 0.21944245346465763 0.7773077409267496
0.5601371026698865 0.2704545052548968 0.9180102350186656 0.48598760908790506 0.11659365839299896
0.9696480320048346 0.6654774316475429 0.040855187758894074 0.3701993994742734 0.7975126628270546
0.3013199502712942 0.20762451115640002 0.9290212409610424 0.25515128283610955 0.7379424976860501
0.010694593087897553 0.24515485740639897 0.9067014094509207 0.07099801575997067 0.33029532888197666
0.1396125218238362 0.18366240402971223 0.11136746437491207 0.7674172425675454 0.8154478367475101
0.8520670913744494 0.07455783598337995 0.7967317918669633 0.3443617601621226 0.9752045106383809
0.7798575371343631 0.2964646828402411 0.17851460055056434 0.9549426040459421 0.034766409221492545
0.9883687382862786 0.37838334580537225 0.3404562769382703 0.8218762237897735 0.8730203682113318
0.7175352230516641 0.9486095764772225 0.08539723862017379 0.05484329281031153 0.27671644948859453
0.8207000787887752 0.4176513444095633 0.3835200014140958 0.732453470506934 0.3443445554790956
0.7475003964476669 0.468491956024482 0.7213290111777934 0.36251553617782606 0.6568741922870773
0.11744069390347234 0.3077896829989012 0.6641774420274754 0.8987984617374484 0.9367578841251424
0.8309969759373032 0.6499409191695248 0.8310231596757013 0.9363908784249357 0.15432923005108967
0.8104882665497172 0.8102994158374527 0.6418989278390491 0.15205760268831636 0.5151667893440641
0.2054454052112501 0.6905253796293208 0.7523599655504657 0.6853939520231939 0.05869452903280936
0.3926398401443737 0.07058507641008294 0.2457362250143973 0.912658219756491 0.6949148226452139
0.9952256721933912 0.48132494615850785 0.6127597928726867 0.33246613231112 0.534586710576248
0.523364285339342 0.7468177421211316 0.06245845182520138 0.5096713682645847 0.47413279667822694
0.8228315226809074 0.9904565611783707 0.5192831890454392 0.29884798133898327 0.6497832855249193
0.6992455668491255 0.9607029277404413 0.46810487583004645 0.4770060837915574 0.36529252088875563
0.7597681788349054 0.48097517389602107 0.7538056760214968 0.15094696825486575 0.11302592722392468
0.7867619073769523 0.38539571985404397 0.7260083401274614 0.35294607098172237 0.0921562082714763
0.020021646993716335 0.462079416459683 0.5550538610025428 0.29862869454637797 0.8011960419182382
0.43872612199362837 0.23133865495937023 0.032069429729053134 0.5233410492484092 0.4269382265377881
0.23564412304596782 0.3804233172047934 0.9666114201547654 0.23485301298884131 0.5032555536732459
0.6519644189160864 0.27850254972593413 0.4870009334509843 0.10294518322048474 0.5218577818219183
0.12148767288544338 0.23958796933831072 0.42909487531183055 0.0033284389088087396 0.8729580280664422
0.8316263477120911 0.5281661566807403 0.923173016664853 0.6873973643379468 0.6735230171625678
0.6796964050450621 0.09070292510485944 0.7440632978518066 0.3652876178180118 0.8845853508282261
0.6427074183227842 0.951555924952756 0.17805151605305636 0.7064308941516133 0.9100744643717126
0.09020622222735575 0.49856525460516854 0.4633590713374036 0.9625778669248605 0.20369362936209945
0.22013637122081298 0.13090837411146627 0.25204388591276616 0.8210378553224573 0.9014018584177427
0.09505240255082714 0.2957264646421074 0.7098035305186708 0.7402735936026519 0.3714728670459252
0.39402316791544656 0.5362735922866965 0.3138616282415002 0.6327267061765572 0.509442110085856
0.413680066799897 0.32068400629156724 0.8308989610162157 0.44071717025473767 0.5166122417652039
0.4333170957860354 0.4018773795003059 0.11548108659089795 0.7219859738709644 0.3048418311606883
0.031700419076028385 0.21369239944093632 0.9396194627466347 0.019025961936852465 0.19054078226853977
0.7467487338596164 0.10101220523130572 0.8699604263372328 0.5161267053079329 0.8236536448149671
0.023003686738281792 0.2865448251995998 0.45175671378767324 0.07683101913252022 0.27590685746872534
0.3320370700530685 0.5868387672456028 0.42650997706744065 0.07484143690741951 0.4319078926156015
0.2356328907009143 0.978964170346587 0.3385937243601236 0.5810252235751047 0.41940281400460666
0.01566508977673542 0.7836890746252384 0.0018030437227224416 0.685491135540789 0.03305749227632038
0.05354960366928463 0.4469024855322141 0.8115880876963055 0.500044123744385 0.5400671871900615
0.4890872767667306 0.9502831102930442 0.1475635640748696 0.500177421450863 0.5164726402044343
0.6000029514453272 0.8970974861352529 0.7475715186922669 0.9114880943584668 0.2198002989500869
0.46783166536733267 0.018165615255994028 0.4720217975652151 0.21034047155444402 0.9592138456891026
0.3502359188050276 0.8132777907415233 0.46370373505281914 0.17803439005069732 0.8895429731062882
0.40353027757077564 0.7004794551473127 0.8045198553063821 0.06447714302991248 0.9924475472431129
0.61720679462552 0.1224440849189724 0.7721679428252878 0.04195495016384365 0.6279084185543485
0.4884934943291003 0.998660146767132 0.6800160071581339 0.940290834716139 0.6566080581636213
0.10909182745662471 0.5017064602087556 0.769587995930439 0.21776832672531132 0.08379126743418552
0.03371808799182441 0.05837382025549154 0.008732862006798348 0.6314808141388075 0.5354570481132698
0.2777953467330373 0.060143033095963694 0.03934130703860628 0.026094915298536914 0.2667859996764226
0.06991297695763687 0.7066556003625734 0.8172168844758528 0.4945089505292377 0.5410204176628555
0.5543850041432167 0.8159079331617445 0.20711163624518503 0.6107665711675353 0.9106083765810582
0.07562495181733109 0.43106686457892973 0.8335889003879146 0.36004678261881917 0.4676261221008373
0.8869701852779986 0.27867685561062305 0.3490069643740581 0.4177667839465552 0.9200083415073834
0.26860693947794245 0.5765529718383833 0.4324186924501291 0.1197023583054756 0.27389713299155927
0.7337768308726329 0.19468031738859737 0.5007674403659246 0.33872849029798147 0.18030483542273346
0.2268169110464352 0.6074581006905261 0.9185985678832941 0.5643042262779185 0.8220212817368082
0.028228065005930114 0.12196768021517301 0.2259649472475761 0.752534583543312 0.77176965195729
0.5234573506066552 0.8474616742564739 0.06976117112236302 0.7056621401251096 0.23239706265744986
0.8479196415611469 0.8285129174810886 0.13592159803554227 0.8913723261391481 0.08456365102218188
0.6419533977374653 0.13987511946782483 0.06912894967596794 0.35079078799108 0.30304812234231093
0.0816157767697262 0.07524124749066796 0.3029378481302263 0.9916766446198135 0.0051300986997445674
0.6050380510990057 0.9478806639091212 0.3115966277097434 0.17432333964219593 0.7037932374835226
0.5369682917035138 0.23249950378638273 0.14952332681223368 0.12463075453544559 0.2537024596531331
0.08637641778720873 0.8525784232273953 0.9353657458725629 0.02204990393387929 0.9209946477152249
0.21566854105128408 0.8107567028086087 0.5483424637224587 0.7495032058982287 0.717946925326921
0.9446706897771106 0.6263654474483312 0.6454078343707118 0.9572740659637605 0.11381213499333476
0.9935958387323874 0.7354327872802331 0.11348426482282437 0.7925600756859512 0.8457130894333454
0.37852520931908673 0.9388258593767174 0.9603833222951269 0.7165375559712055 0.5380028825703657
0.7347650939732236 0.9230108221032594 0.8726640648571301 0.09539927799913017 0.8519209391129273
0.8033564148395084 0.26812151605780254 0.8578268512365921 0.5179318343110103 0.02963911343311776
0.1151747057720266 0.9887710879006876 0.07712449385654196 0.2686725055291006 0.512280876970031
0.8549613302412687 0.16889541889003823 0.10040747823593554 0.49406742294118433 0.10451280825166842
0.8708477122622695 0.07877314267250846 0.9085899427517251 0.24870219928446569 0.978896278433465
0.6782459417659581 0.13078226607693277 0.8867545537671274 0.11885563210008565 0.518857456626995
0.8315810655152244 0.028397076231149176 0.6851897481444302 0.08876151639793595 0.4739403780824205
0.3357086077738757 0.43293010361177964 0.766170937905987 0.7072968193387265 0.9070080995446552
0.5996107184383416 0.24129407618948195 0.1758948067966497 0.6824577715598583 0.3853503929085407
0.8105501782509634 0.20474583816581093 0.2785415890934245 0.6861577961979115 0.5462914148879522
0.6133552619041275 0.700394419979594 0.5421082093531003 0.7437207088510838 0.19259563931424284
0.504577635987717 0.85237630307738 0.17693759561989697 0.7185415464179707 0.35795873928423094
0.8508031103609133 0.2196571602965247 0.9919200449383804 0.773774208933419 0.33517623428914967
0.6040512728603286 0.19467381030585607 0.8352741750244682 0.5299167158886372 0.687247763575784
0.7707026054562297 0.44974756015161776 0.7008937300238263 0.9665072332267687 0.22188702750751688
0.3307331511952859 0.47640386267140267 0.4943248033301668 0.14345472873641185 0.5968590449744741
0.03316390252981105 0.4286296856978393 0.06750016658430924 0.4494036146799856 0.3655555032038931
0.22989384432944282 0.7753657553026948 0.4067219358356282 0.3589987439845088 0.46036277884573784
0.7511251802872109 0.27529465957748844 0.5657702171397584 0.5000544875926994 0.942305572426064
0.6781406846644887 0.39784448599817923 0.6647437865958208 0.6798215995959107 0.27626224807192357
0.8922578597425164 0.4449554420448476 0.4692534219730681 0.12440883082446685 0.1807713177787641
0.8945354916967779 0.26897435460419095 0.16688011002643255 0.2605283897706613 0.05279502394380864
0.2720710221881598 0.4971987982846121 0.35814535328575037 0.27675708874258476 0.31273095937193773
0.9854464508537245 0.39567897971726873 0.5195025223834495 0.05966920994395564 0.1643133252549982
0.30340433822108137 0.2979382068269707 0.8621507811288363 0.7291739162987146 0.272094682715984
0.917874095885717 0.446241589869396 0.2062177286097242 0.7615785307144376 0.2842926996961098
0.24283002178863666 0.8980543659044041 0.7257439995438283 0.5659992220573374 0.1036427307194212
0.6819387298464037 0.5843772296952764 0.6136600149730689 0.49290671161765987 0.3801771219474711
0.9178405048631249 0.24748378692454187 0.41283053757451493 0.676965025041928 0.9379989974647258
0.5388234739163065 0.717834211719157 0.15622822447140938 0.565963019647332 0.4667836983044038
0.969312142398704 0.048357144124872686 0.37667187094762244 0.06330913476137179 0.267718466609554
0.8918041961226255 0.6172537789813662 0.348855811924338 0.27762276431017074 0.7084239661957762
0.4076883243065642 0.8843595855781096 0.7123035830422368 0.8543405384959508 0.9334970643162294
0.8821806074208739 0.5450572660037795 0.09454290404284671 0.012835939585721823 0.19261505678022528
0.5831162304791522 0.31692943322174116 0.31609782739502923 0.7362357961788831 0.1498955089475822
0.435826314561917 0.7262946900095224 0.06908029698385987 0.8264975425024045 0.660691214331486
0.46517928160674216 0.09170929398706906 0.9145395938341231 0.25058991410359976 0.6524909934677533
0.1704512165722759 0.37641711781173237 0.8863966838026396 0.3277891645049612 0.6171569065622431
0.1854563180465817 0.8017429694934922 0.2743891684793148 0.5955591599782125 0.2738588427366536
0.5539931518421364 0.6725096840037265 0.9867860934425118 0.02946973414526033 0.22172887155577625
0.9195528035010297 0.01374022960153265 0.3423328811805949 0.7036458305289983 0.7319978985657344
0.04149478331957157 0.9140260332941175 0.9409450548661803 0.5638650541216111 0.36417312940279856
0.40972960774918554 0.09737590618140468 0.9946274086084552 0.46525922352084015 0.6413632422489879
0.9854335291915454 0.7661765216121145 0.22023484929427006 0.5155061353538015 0.6705544652111799
0.6121739826357332 0.3121706758587848 0.9206602657436447 0.6732232232764828 0.32955012418442053
0.27034062180153584 0.874261164735278 0.19258569279839932 0.8867686318532334 0.2154213451934459
0.9463764493648835 0.2393039611850366 0.754899170523685 0.9511749379525778 0.6370350578375337
0.11223227251527634 0.5310023511253772 0.044576740315075525 0.3994912037045737 0.8581421314438784
0.8456644140881636 0.9438768681099479 0.3581535742383244 0.593141338543484 0.05820997056301502
0.7180134400981261 0.4430575472257636 0.8429048105391329 0.5847751345290675 0.274067487852689
0.6893765110602208 0.8559174674422481 0.3022766540081515 0.03442044871334826 0.4485279770839903
0.3272705012429632 0.9422124428795319 0.9022714624004956 0.30544699389914476 0.4656351164913318
0.04355983499429017 0.09965888013158342 0.931334829589813 0.4281440024889084 0.16969063916770089
0.6979959696302384 0.8353705898663518 0.2796694269974027 0.04539597342418378 0.38341952985022
0.6848955483828787 0.0014928142171498626 0.3835591663047443 0.7894489226429025 0.49277763617736003
0.12330085765287135 0.3734757643260037 0.757914501721105 0.32134790528756374 0.0970417733501967
0.36063981525078803 0.9901577726296723 0.30706852109808236 0.1759758550710364 0.7614206969379228
0.8925080005369921 0.10120659372527774 0.2035753021741311 0.6082048850083117 0.22656808858272748
0.38859994739047554 0.38251906805970937 0.9920548714854541 0.23782140011539465 0.8368663745532204
0.6670473827017875 0.07426937889086493 0.13341107227232796 0.9437278111540408 0.5648063782443977
0.02072352392006005 0.000962431953708931 0.379076247936612 0.7901023522353976 0.28643166163486866
0.22611406861908323 0.2438620877081158 0.9285300819759461 0.21737611865805218 0.1584264563206067
0.0013445964097482666 0.30957185962663436 0.567413528138673 0.7352995409286945 0.21996890438952077
0.21648524545659753 0.6936227802301573 0.7552659506881756 0.8241533526168922 0.3515924288929666
0.19722122935877484 0.3789580316903033 0.7202979269247705 0.9151168627960289 0.8007127319814238
0.6357337729045268 0.8405146690593638 0.20162579035263795 0.8651799975401676 0.8102672112240268
0.9836080027257208 0.5754263726716489 0.6595325683154234 0.6628518683591605 0.1682076054231998
0.2025266096313666 0.7493814362851345 0.8829496972060862 0.6576170593584585 0.3162211349829863
0.10390778749940666 0.9342636034824212 0.7404987561997488 0.24282315597220372 0.028384323362345643
0.8866942929079288 0.47450647866726237 0.662123829572096 0.24527303246880527 0.2616401934729282
0.5779595159681652 0.8755095658751588 0.19806475359564402 0.3520641394342252 0.24025420617536364
0.5022992215158528 0.8092922333656806 0.1766663487583322 0.19612865561047965 0.3389820673028314
0.1955576510413205 0.20313366963757606 0.5448185528142562 0.8096105207499882 0.1705811335452848
0.024782646639191053 0.9916864861769108 0.6412850617476223 0.8576955357802268 0.763803964745388
0.3714807370304576 0.1948461032144011 0.5068876090593779 0.9669132863922537 0.8728297659152825
0.7440261652607828 0.5415951020134498 0.3014128558918343 0.551563616848128 0.07057355161949896
0.8476869345990664 0.23482280564564495 0.9781023092589046 0.4582243883507764 0.9095644276558044
0.709607547261381 0.9369627808276964 0.6401889414705343 0.6789512156473454 0.7000846515407062
0.27422549297797993 0.773988532790642 0.8333527171492654 0.5391566015720222 0.5529552580470135
0.22232780396377083 0.17899527436203355 0.7535486669013526 0.8674878473589487 0.8834047245035702
0.21775186505038924 0.58164864217532 0.19854889404977372 0.33214437792244467 0.9758530103441914
0.09105761802630363 0.31492849758035957 0.5394750483018387 0.33457997931872907 0.86096650616652
0.5859211526042484 0.7824444051886089 0.7214529627583597 0.981934166517865 0.952046735469444
0.645781131367093 0.8235367939566958 0.5735963246017789 0.2983975465849058 0.7492745720721845
0.39122529195402844 0.7551348829335215 0.05295724185696771 0.07503411045831332 0.30315589057557557
0.6611535637026292 0.14356029736500353 0.5027191959166507 0.5135101771987673 0.8543102397681335
0.9168724687026606 0.6256595757883147 0.7429872188709147 0.9885163842316437 0.901482107857891
0.1118187810809963 0.6321441044599045 0.4574881293172822 0.1028263153327933 0.23204539793857581
0.9898494213380122 0.8606367521170434 0.3857250777123854 0.5946547791617414 0.199763549156724
0.7885097065998052 0.2805515179278093 0.9360608241763291 0.8743501483344304 0.11905252157015933
0.013425797851584043 0.35215911564429303 0.38942255464791864 0.1440064193829521 0.46311283687492677
0.6065411623586145 0.7612557747254222 0.5319940191772935 0.2482727080909456 0.7825131551232379
0.3013868568151572 0.9633654989649987 0.8609741400536097 0.1879117760439959 0.9925618845866913
0.646239408636179 0.1306435239230802 0.08718025015248021 0.22109508786793353 0.2797522313561366
0.7791680363556454 0.6209141623340976 0.34293551140997036 0.12718863118030244 0.5347609126703039
0.04166363099521386 0.7012691406308842 0.8763904125700201 0.7055060974983256 0.9192368356179722
0.37696711446425835 0.8328192458175161 0.37437965181639155 0.023388577704718805 0.8819472038900492
0.8416147876918585 0.31150953158591044 0.051583426603177496 0.7775033688797545 0.8792245118445167
0.9535923263529911 0.8977868856290327 0.6631524242148342 0.5702760176477166 0.07898037905256516
0.7462880843376579 0.6802569521512984 0.3526221052548938 0.30472556330444633 0.19945913642194046
0.6544154496013789 0.32647472042154324 0.15724098555909904 0.34888988134629484 0.89460684366513
0.0890230192785536 0.7465171722251042 0.7630909099529817 0.30686492845990043 0.2907681314729379
0.7607554000749954 0.7407954837097285 0.8504140711714824 0.5043222548531903 0.1917226896807087
0.9580674155052816 0.7855310458860223 0.9698925644585991 0.8774989644752512 0.7860067683753598
0.7634685373662949 0.6284967861283928 0.6602815025551676 0.4770238430524729 0.462598502218998
0.3812451572459574 0.4919252075720193 0.6998496739996884 0.02682038914006324 0.7615406186657547
0.3992252075306779 0.8381491018946742 0.40117341315463406 0.34583653587803187 0.7682490652730045
0.6404649895066282 0.8876815961115355 0.09802604503559509 0.8387562689247847 0.6202971621182712
0.7700348647480584 0.2990373501383551 0.3735665416706869 0.13774437317722055 0.1267417606969149
0.45537090236293876 0.4993025742011308 0.8257348653628047 0.6706789973343258 0.19264473733377963
0.9290416648526854 0.9076300290047036 0.9013170738694061 0.01834082474699139 0.20180641110640773
0.4905133356623461 0.8083400016299437 0.14024906512479096 0.7256099561625594 0.45559344507926924
0.3278895376386335 0.8870448234120154 0.6439715606790527 0.682984972137244 0.3689856682433855
0.7320663914475135 0.4991045549905073 0.013215619440714144 0.9035871305911745 0.33860380953140445
0.695312440302988 0.4539562665649517 0.05020326887989768 0.5176106000622476 0.4589670508982828
0.785109830967882 0.7609002908172157 0.6921938236019296 0.7267209092973856 0.41824188665094764
0.7778254827817902 0.5002809766784048 0.9751944536634941 0.8192672442267864 0.005509561561876208
0.3669352322467012 0.3987273704776647 0.18993928959369066 0.42312109967196865 0.6365847376934928
0.5833602459588458 0.8809815789604752 0.6184408392557267 0.1712710006489001 0.6784222062545453
0.8421286734605803 0.497962604493692 0.9232410573089069 0.6330358736197176 0.2765574784190511
0.04591152316232339 0.977848563405095 0.8309231978008783 0.4818122334695163 0.1371689326517853
0.9315890756682593 0.08169186638537895 0.5244410914537156 0.5591981967647868 0.5308712371185003
0.8510781974082348 0.7994695202643738 0.8955139568702694 0.6527576396726228 0.3481568617115156
0.6182270447024759 0.16019973865325776 0.007664855949236715 0.7968834544715439 0.842028446576372
0.0876273753604283 0.49258445177228893 0.8294511195206232 0.2843869219204048 0.2476193340132231
0.6810351717363353 0.5506907383041176 0.9656212803856058 0.5894520079317437 0.8561211602676262
0.2110796280355971 0.6251312336604478 0.016605999599366594 0.14486162258909574 0.25033053725915944
0.20904728568764253 0.10024732020387772 0.22673346615141066 0.7094516997484388 0.48406885336967476
0.19995745450761326 0.9856610896907879 0.4371765187473604 0.1822368544627362 0.7389099734142188
0.6533391647071699 0.4990566648429142 0.4331080455295876 0.5934787266899646 0.6067887043597804
0.438577720767487 0.8005622861084071 0.8105923629655596 0.40665849935004494 0.783247243656081
0.5919165985052544 0.9949613023103758 0.859030042760202 0.5476689240113387 0.9397703680136639
0.5953033108174597 0.00372893467485258 0.49020006719502607 0.3564696529497504 0.3691046613706931
0.3168148355184216 0.5211106868790102 0.5845997826701114 0.20139810765572008 0.6096971574919783
0.2135055009958583 0.7141271582404042 0.7357404221644886 0.3860528354932693 0.9709770716514473
0.5684293374248255 0.9457703176791611 0.1292608280421057 0.03718877530152098 0.2060227409322991
0.4711787347104688 0.08235682024240598 0.35263399719762256 0.91975348528611 0.7393080865914847
0.6413328096609837 0.40708772757236455 0.8309644035086765 0.12586189839478046 0.7588844638566957
0.8120526215916021 0.6736472457454736 0.9603674810252995 0.9878735739775351 0.9148769975527924
0.8624717202303345 0.9019304093749378 0.9223552633383449 0.47019456934399106 0.5406238871658914
0.4367165311796214 0.6815239693537551 0.08521721417420469 0.6382422996959849 0.14753359306872937
0.49661282932275563 0.6395879141217542 0.19634142314748138 0.6471971574126293 0.6648470608498579
0.5609703170478634 0.04862165435786647 0.600930431571252 0.9260531563476915 0.09453503494862159
0.16241563786941715 0.42150121598365486 0.6290865143121687 0.06315778832544072 0.2028151267665047
0.9900736652602848 0.3198310949302384 0.5663937288387754 0.024516036708978284 0.7139994166720661
0.4779109811670901 0.04327569665381226 0.4069512875820961 0.16552115961028113 0.9564120850203086
0.6474507697682154 0.9547517386254446 0.09854244642692034 0.18911798755652043 0.6949686620185919
0.8836185736148346 0.7248233268527412 0.14415728820465978 0.594192638961575 0.24819712685461548
0.9603313660058455 0.946744156164961 0.5686397791308936 0.8064565161382257 0.4790218565088191
0.26488633918630333 0.5227146929648527 0.2862659825978626 0.8566531267840455 0.45264793324188823
0.49375675433508304 0.008543816358128398 0.8073028825856395 0.5505888096391998 0.3230719034513211
0.17670811236619255 0.5412538404870841 0.7389015560155549 0.21353118507151447 0.9816246198784522
0.16415126224025622 0.9889706243531302 0.5502170932324754 0.8947446543146346 0.03373553633000759
0.19679408516278407 0.11259496991306817 0.4607213885491205 0.5871892116339555 0.9931423266243674
0.08135773101752153 0.44317664743134444 0.6721992702945679 0.021865254439640158 0.3210010691990387
0.5061871531650376 0.013945053289701637 0.18733612937725097 0.16571857325387995 0.4835625241200058
0.14684719644281852 0.17657507785651605 0.28524884823902497 0.8291756803301795 0.529617060980859
0.6096341931251034 0.2681965149777117 0.3622381508910849 0.8867984147139766 0.4981286136049161
0.9483705010476633 0.9420190587141573 0.7549698389131545 0.045644397920543756 0.9144205144292435
0.7379690762392723 0.021779261476711498 0.8123108499373305 0.12152474760255094 0.46184299807431506
0.020676882927543883 0.8638669851429432 0.32412880091695295 0.7504501272868765 0.5430336740186436
0.5447684116862492 0.8695831138000214 0.34810644818003444 0.18300192642484014 0.43543407304727455
0.24838104022877527 0.16284529414661508 0.9063442687773197 0.7002041597507329 0.3599138749868014
0.48950488614242305 0.8377536613542823 0.5087227058000706 0.7273873731350549 0.3188170000499452
0.015597202300692503 0.49857310645830566 0.8281961362776198 0.8077122327983209 0.6530168973441072
0.6600414633608991 0.39087279512396844 0.3209574462629514 0.04437916381731277 0.11865177518452164
0.32026215550040493 0.5460650804299527 0.7274904922323844 0.9260243788123519 0.2509897504511991
0.2254796437163088 0.5217322661076298 0.24344168760867557 0.9930729010654334 0.966334378612688
0.00845201691725972 0.21617942598524287 0.27638703152961075 0.2586725303357077 0.5217992768042599
0.30078091199348533 0.9249751321645229 0.994912618247274 0.1982665440338255 0.4136311580884142
0.7904310712140458 0.03042853291883829 0.8203004352366666 0.6085034773166204 0.6024776455332209
0.8282412858767598 0.2937378465601663 0.4631986907673855 0.07865517595961047 0.5065162147512263
0.978718497120223 0.21295782549691322 0.2749786850140632 0.9069514543861659 0.8898346832934059
0.32759049325258704 0.0992772165084077 0.5813401962023161 0.4294400530714282 0.3674404277898631
0.33437222248804277 0.4012284193793286 0.893134049200351 0.49650655080398287 0.4233466221917639
0.8170389728981388 0.14469945473260326 0.488855158403778 0.9836543904308102 0.13441738025916705
0.46976522584608393 0.936730262682063 0.9068822174880364 0.6958294174030708 0.9785908102156493
0.3058552599188923 0.7614513428790203 0.5871119201572126 0.7032118008624829 0.8715024260996512
0.7683825803971303 0.22107246867779906 0.8331954018666587 0.31624467071192075 0.8872972341347424
0.3998211152765889 0.9154708633606723 0.5721283872498195 0.5199871294575051 0.3601419836615055
0.6313325426607869 0.5501611121659374 0.9198594649662388 0.7936431330301145 0.34892323514348744
0.4890053610908017 0.922191354929511 0.17273273985611504 0.9546841189304791 0.7198784031610752
0.2819555850155474 0.9068351614785107 0.12061314116231159 0.010714081099591821 0.05898060780848302
0.4695423840176006 0.609603417876668 0.1592973182883829 0.2238409340226588 0.6971273138475965
0.6165637701501498 0.560717619214745 0.8861959798559677 0.5641924775455024 0.24208252735791036
0.1296644656789071 0.2546805332084384 0.4800162883537179 0.5214070933014027 0.4241436096540906
0.22273919513169083 0.31724376372658614 0.3999046901311608 0.26983919073325313 0.3419018865997089
0.21955888235894094 0.21270188798603595 0.25028294483548486 0.5983341922767038 0.05231810627229405
0.9345132332971096 0.886786819336559 0.2196154665829071 0.20723011162193739 0.06278186600167002
0.6888032911454732 0.3659574579222701 0.4154001694139161 0.415228895581501 0.5779578163616206
0.0643657773625459 0.11701745683441722 0.9271486309606456 0.21865318293419578 0.12821815375954904
0.016534605653263368 0.834671435460855 0.015324985332150654 0.1990970015379896 0.06325716966824346
0.5887811283980197 0.44116462812990476 0.008747900178715184 0.35503049294037026 0.15984146335964022
0.5922133728762954 0.431604917246582 0.5090829946152187 0.35884811318045995 0.7401144700564471
0.21426310681791627 0.2599775728791338 0.9552776118468198 0.06675774128316259 0.9929742245267624
0.8892294098676108 0.598544780135205 0.9862134567271434 0.9526479322810725 0.010244728889361565
0.022373409357383967 0.7642537255854669 0.7400854556666261 0.9808703406549498 0.3946522417706616
0.8698900978641543 0.9791173969015197 0.16451333592552808 0.29846748630508046 0.4027969902901649
0.877775556204943 0.4963317930471337 0.1816349750506625 0.2195781546741452 0.9423855886282101
0.8610234036178718 0.18786295731731184 0.23461446151114784 0.7895116906827863 0.27700168616566523
0.30581618274786204 0.8539519849144369 0.40871858915852666 0.02759923161254607 0.5222537341727296
0.9726191050929585 0.027890086849809315 0.3040522433397643 0.6036415216441543 0.0733327422463691
0.21227881877788468 0.8825624424884216 0.9976427262238222 0.26719271546305057 0.7372556938509364
0.8174936804353027 0.15179588908840735 0.1740733573912172 0.7562515981662751 0.9558341449115505
0.8686656033306399 0.3733290074651784 0.47693745673610743 0.17477723845090332 0.859282479204207
0.9699211933124151 0.5568345573238856 0.6342165829491173 0.2146448172597989 0.6273752885503991
0.9717556915112721 0.05422500796805807 0.9373990132891517 0.8489964380364451 0.8050992434960954
0.4686657128748133 0.17735855654060828 0.24522703466749785 0.20055098461761722 0.1400072506736808
0.4306440401130247 0.27777821038424433 0.769493684780002 0.33312422220420335 0.8862041647185288
0.2579995084893093 0.3178283688152995 0.266061065535689 0.10044677754699527 0.5415252226729046
0.9402265580104255 0.5690270561668611 0.4375894438948972 0.540016960699124 0.9062146120977258
0.7088717428199157 0.8988082374253835 0.9876817112024129 0.6951741781262197 0.5903097790333439
0.38922814219280355 0.3922062019852405 0.45790246530480794 0.21006739925254558 0.04086489907098301
0.37012129013221917 0.8170579765872759 0.676355492866355 0.29747375983005053 0.8524317497433166
0.21445721872663637 0.27343550121285265 0.7283648382442875 0.3531072404598369 0.6397637019559027
0.44411993533503347 0.4265413348488054 0.8318078262198675 0.1432707082379988 0.08923225517933031
0.6522912239107609 0.23061642469156907 0.15095617128839312 0.40146687184685725 0.31759173096941273
0.35376793674293694 0.22874467950394695 0.39426131279262866 0.05227016178109134 0.23795617011925096
0.8482383227348889 0.9151627069530491 0.4977653827044396 0.9545461712355068 0.48293492884014
0.3483083838822737 0.8037510416137053 0.3754575436563492 0.10648980043140732 0.32503185589793493
0.6138480329222183 0.0974533262722973 0.7321306116143768 0.319717374409043 0.6851128547095284
0.9363033727301936 0.4488833747546078 0.796217898877067 0.7233702375728559 0.8881487851766323
0.3021878985844978 0.5653367295237363 0.49149186762013775 0.38562734968523227 0.658401225459026
0.05334167713879179 0.0899748947024408 0.6409943717833365 0.5009064750808819 0.7266210662869671
0.21668119345841275 0.7307960639461848 0.47534311698781384 0.6917985003889968 0.14098023665554027
0.06453259661172206 0.5985071076940671 0.5147050677257803 0.28661193019783326 0.801365608347367
0.6350870663914729 0.5148018025263503 0.5082266870219729 0.3795009405751477 0.29613233880638534
0.17857573879288335 0.29551396125341167 0.6422423471441265 0.7489694681986366 0.004809890100717307
0.08079933831954367 0.1942405654107403 0.836634740336384 0.8217247552563594 0.5995447365299562
0.4043528541423532 0.8847872551525068 0.09220900932740894 0.35887943372249254 0.05605678990481111
0.4801421592447357 0.7692848103631786 0.05083369233886659 0.5806946243178989 0.6513258200877448
0.1004454526942048 0.1476723576423674 0.5558813592660808 0.32970083877954615 0.5493939955850918
0.12372177239225979 0.16400712637984804 0.022529313934448014 0.9012224335075899 0.010726092776803586
0.7945897582089059 0.9363572070479673 0.8076490242990644 0.5052013433321249 0.9579967681589262
0.2657101674841109 0.5811799060432934 0.3238006583694033 0.30645458596125763 0.9150505870143738
0.39903301825928383 0.6164005940721115 0.3040460104603454 0.1272979033195245 0.6755869194043952
0.973485314116353 0.8075243816173762 0.7928742451556742 0.39073589139320763 0.7389102859944632
0.44691252960059247 0.7770643627129461 0.593977204373049 0.5481132552282106 0.33462253214459403
0.6696571493369519 0.4887022589133777 0.19116383801246017 0.8758087057321693 0.8204041191518467
0.13886610259190602 0.2923863801719563 0.2943349170061472 0.6930523191217671 0.02944919879378005
0.8790138371749319 0.26750437274031946 0.36292026179827586 0.21967212888884657 0.8557737240446265
0.25678698854360427 0.6370745949506852 0.010594426586829297 0.26760112730730046 0.5178570709891966
0.7064317128749953 0.43077988011957835 0.8634850495996994 0.4675793839771919 0.02485035299611804
0.12978780835049264 0.8359696096786077 0.577723800835333 0.8594672243995337 0.5296603556022457
0.5183413846688513 0.4702327945347389 0.35705430891040546 0.20588228317717183 0.5754060968645437
0.12567165026776206 0.5136296061608641 0.5664209784419978 0.6996104534707159 0.5647548368260571
0.5750409021871908 0.02624354114870242 0.21289341574470633 0.648172573624702 0.19741148449505874
0.6824570557785147 0.36043039868291704 0.2802316747752088 0.6086998441241838 0.4701741107185471
0.8419579660337073 0.3258418661972283 0.14960352567917512 0.4486256228645985 0.44274151360449987
0.6733520698436779 0.1516727812574601 0.7454059829137202 0.8895005670571043 0.7362171288582932
0.5907586918749786 0.9764931474134259 0.8058992548778938 0.07491471974446584 0.09466660185632192
0.5671807387192874 0.3510653581287593 0.4569432617628628 0.3288532863361503 0.5049372283956854
0.2519442514023037 0.1918396522900716 0.41925567230896 0.49799798531867445 0.9319244209618512
0.8344893855754344 0.0786601278937028 0.05623582908523217 0.1234879675187367 0.3155931918618631
0.8716171170278469 0.16427909438377852 0.3662029046694032 0.5040579870714202 0.3255118652419615
0.22604823884079572 0.05011603607830872 0.8830795418976315 0.14070247296726346 0.7639808795542355
0.8766709594780735 0.20439334145047694 0.6688154700825731 0.8632834239539715 0.7159841634804467
0.7540225067410203 0.32935733972566983 0.6073858959067916 0.30798380267807657 0.42972154228241277
0.6141904929589225 0.6764806689155533 0.2404522082988304 0.4074254569770076 0.7445024345650558
0.6233297042397398 0.15793388870605807 0.06442674244537361 0.8615197933121709 0.10665844628981136
0.15396700515955808 0.29523360795237763 0.9184496969406597 0.9155990514734961 0.725740049267679
0.6470126567338746 0.716964039827083 0.8743380255034964 0.4487641789235681 0.14973399170848944
0.2668086358808419 0.2508225361266676 0.36375442567694805 0.7641495911135626 0.49921464367615453
0.38976221598049043 0.061823079429555894 0.4730417545010318 0.24618971866657868 0.5988974396076848
0.3228958379854976 0.8465627239368768 0.154150471330746 0.2425677135110781 0.20413875551424288
0.02440326863571718 0.9001160906515215 0.26759299254671753 0.08832871843701995 0.4827120914677471
0.2756336106381685 0.2470025811676353 0.9902392766003764 0.19212155807369324 0.5787340333968057
0.29990771165916186 0.02896843605921584 0.9994441629718888 0.4665275320890051 0.1883632714191028
0.8790350457796645 0.8083482036192187 0.7102020137385119 0.568271510953029 0.09827949857933971
0.9688053258547188 0.8000440231366628 0.06080050450912311 0.8687244262218575 0.9080533029058339
0.2624193716677702 0.277071931824726 0.8629458222198525 0.5292030382255916 0.5755691875588758
0.18692720973816557 0.8853387812168174 0.3660611951747008 0.15624307049216168 0.01961981367617227
0.1517139137029161 0.06673092098404054 0.07548688423277905 0.942488146376162 0.3928790653139137
0.28603380468553985 0.9796775080666608 0.026124203443628535 0.5827702809464496 0.22193391691729725
0.48651963928604847 0.05271530749273601 0.7334430736179823 0.8821235375597412 0.0029098014889175072
0.823889229702351 0.9614721052601377 0.08287343729592589 0.8019594712537381 0.42147064527747913
0.9564181889000235 0.48288359712643425 0.7171992124861173 0.47623386640514276 0.888324152521064
0.19797146164433865 0.560026678420992 0.1395646305658278 0.30279182608753563 0.9517870309830189
0.38050511504992235 0.706395395108212 0.45904869038327933 0.4314766921540202 0.48568326468043865
0.8843755520987416 0.34671953323631977 0.2734883941759686 0.7880689598236217 0.30155923464100975
0.804820990158388 0.8110312717951234 0.5671629709867281 0.3247599145861838 0.16473736274295503
0.3101883152333963 0.8719817131279262 0.8965789508408164 0.2623886857145725 0.2780500540052325
0.7234349176849938 0.25351129569956254 0.5652727875754859 0.3866703710550299 0.545191585633518
0.22837058031937973 0.15948942047608072 0.005418036797858794 0.2757401472173897 0.5273231317343761
0.3207234323324746 0.09662124747811096 0.13990251000107679 0.019685186676098088 0.22548836794504057
0.5000911294202117 0.5773902620862815 0.772626007414458 0.26837339474452915 0.7162558465729207
0.9114859474938984 0.478170068521906 0.3423152051457523 0.1635363874640393 0.6795192142353177
0.09619566418631575 0.9745662962184437 0.7668638150764822 0.6437679227315647 0.8551111162753801
0.37625015592334776 0.8379737193834856 0.5695841955342231 0.09463469276051228 0.5769116528048615
0.47514902441012663 0.8855899388956481 0.17457397994042956 0.048174149820896184 0.9773233095760508
0.30325286717468003 0.37909141708369976 0.35330497035180586 0.09115956537337488 0.4311328855956006
0.5336812284509352 0.01961667054182603 0.5391668327137615 0.15750712902608544 0.10003107474268624
0.9820774345679614 0.23293699297719672 0.6196773763439116 0.4343120216307592 0.006071656160864358
0.595615577764157 0.30750773884336446 0.17994098881452814 0.9993484747826331 0.697683152380893
0.5831145439018826 0.9163489098919099 0.4343346598939476 0.3201282758283662 0.6082567251820606
0.9377522904319399 0.26974689886560743 0.5377856624583154 0.7474442533329049 0.6340441278823228
0.2578011591915461 0.5399413049144806 0.3452741343873973 0.24135801467065188 0.6472138092418032
0.23952462704538424 0.940302565730151 0.6406297785409265 0.7241465495766655 0.3170942751685748
0.14364058440677163 0.2522486432960038 0.015290939731362752 0.5501961109834848 0.06614848641224425
0.9186226359306608 0.8028800587589144 0.8690644591456077 0.704571892054486 0.7427229568687571
0.8406733993681569 0.6910962108260553 0.1020852453680543 0.40173868802361157 0.1658487976637344
0.34130488611533416 0.4081277624965103 0.36043294038834606 0.7704664970528141 0.4228025285920368
0.7446864644480875 0.733640416524983 0.2628946060844871 0.10506678530072666 0.18368577260760688
0.07081727597214393 0.3142802710851931 0.9638203607986819 0.5999027409234685 0.14559728927829607
0.6753957951437846 0.9044916871325004 0.5268594972598877 0.8045233750220308 0.37158756255712755
0.7597913761754733 0.6292090597288532 0.24737358994071124 0.19612730184534877 0.7897179983633902
0.3434874871443624 0.004038842454052505 0.027328646009468716 0.39845690485352225 0.1679833278381565
0.9619595312823715 0.15077114752081155 0.7589713775743291 0.4580544006300742 0.10536036365184476
0.6369126898743284 0.317955003504115 0.2689985702661941 0.5014764243773331 0.10836588589793295
0.29377575017557456 0.8282764521458975 0.39446325730296417 0.9201653821513506 0.10162047838797494
0.5082297785926007 0.9355461256554791 0.010484998970811565 0.1851729331820321 0.07185077673423401
0.30901980929293016 0.8611813822682911 0.16199291686521877 0.5212659589023098 0.6935561079112206
0.09988555134877053 0.0679181696924106 0.14010886103168085 0.3507446169637123 0.05980283034377454
0.43784302147469745 0.46299059281808275 0.08027302150463855 0.6648209948938587 0.28735690502979605
0.5269410422108572 0.5642046918066368 0.1420603060055471 0.29207791990089504 0.6013543549544793
0.8650591487212944 0.7054689112929919 0.34476165420206917 0.7821488675940228 0.7452854154163128
0.6474004463605454 0.014250482324066116 0.9104404746841325 0.2150636580947245 0.2538172490838767
0.5119893822482159 0.42863606271919585 0.2773687316861527 0.8831768864190807 0.9759652480129763
0.22395852324852272 0.5019495214225348 0.14881608946292602 0.8786334631933691 0.23783002401456854
0.12349802227116957 0.32927920537456434 0.2236128091514452 0.727235248675394 0.8352964916925902
0.7279827374923555 0.6559327375572617 0.5536028629749704 0.03648605432339458 0.35278180971417483
0.7338138271732756 0.014759120968529271 0.9334563809373824 0.47360032635566685 0.934426665375008
0.8344876913088898 0.6126882164518054 0.6187262508335478 0.9413849121639725 0.659032487356348
0.20760663688199987 0.6201249468323473 0.8492185023744426 0.012495827944312143 0.8560555701707683
0.0425830929183304 0.7450338290404863 0.8365135559350008 0.5824204335817527 0.5869838404765427
0.2853009154943572 0.8882276330649427 0.6952621800360115 0.21413285283154582 0.011021445506550598
0.940559390603537 0.8342341308359702 0.8727382618936365 0.08772598351921046 0.3845933064795748
0.5027638434885766 0.8441548679299765 0.10753778000664826 0.28035107039294327 0.8805959174277813
0.3321926163084825 0.0148503587576998 0.21573281748297124 0.9997903658276578 0.7844693246255482
0.06810864054308374 0.6286381569956697 0.7728454103832043 0.5686741098179994 0.12679694606855352
0.6332277913804634 0.2777234127611329 0.5144158771537714 0.9432320702733238 0.28215096310204224
0.10486709811466366 0.5528326929799003 0.712490913420861 0.9896680998185443 0.9255182485129974
0.8057237940693808 0.28482856042295235 0.544774684050617 0.07406144480718635 0.9809934471845753
0.4086867673094421 0.8207495172086927 0.5148860570370096 0.22948243251346157 0.4982523550407486
0.8418265046855511 0.8669055356018677 0.4767655710917209 0.8878851931138116 0.0811895186108108
0.20302657515543998 0.3419779992714519 0.5279611510850977 0.35073559597057424 0.7428781401829543
0.023647589487697185 0.15309266440817537 0.2919395779397276 0.322568434360064 0.3542722912141666
0.5658738027819176 0.6598040165100428 0.6879301014505351 0.14289532766324287 0.9787529373250211
0.38151075044010285 0.6073956120169878 0.0335783568342648 0.9026460677062758 0.12089850898380783
0.09028596488599494 0.52099229456078 0.7571007734339492 0.6691037264379838 0.09274874032156133
0.8216790263851746 0.667516743419281 0.08090767412515776 0.5508831309647925 0.3994156627696277
0.7536933701064673 0.7937365588680559 0.24024093283683434 0.09563838053295248 0.9901141837084922
0.5245831207301385 0.713892760877765 0.5648372831616756 0.24675027297152152 0.3764569940922138
0.4270886160385424 0.25912216280195843 0.5436082276887517 0.29263568528195283 0.8926753706159508
0.9919141482363185 0.264891534093072 0.575947181122958 0.5687382320308675 0.5554768594809655
0.24940645808577944 0.3087176334682167 0.5981139611268818 0.9287612353328366 0.5107686265270747
0.29057294670978184 0.4762535026588146 0.3622227360036814 0.3863538090061027 0.7272113636971601
0.7544830880533904 0.3977144314729476 0.7135338610742338 0.006706521629872286 0.30758926513639195
0.20717216704362718 0.908271727620007 0.6621097606658894 0.2468552961756838 0.484845532528554
0.8196172829583758 0.5543139233551945 0.43191695901981353 0.6334015311940132 0.5236226396906885
0.5520907734049305 0.5291928166706181 0.3651819868490225 0.756393656138724 0.14414799936106837
0.43225083578136236 0.9256596592051041 0.955729587646887 0.5692599011264264 0.8754780916456903
0.044928197024798 0.7250185079698006 0.8442329576727216 0.12546487899050285 0.5786067331484966
0.31755443043023135 0.2317823100508356 0.7603310347053476 0.24974242688892345 0.41291153958991633
0.309928021609728 0.9241268485438013 0.6132801377821125 0.7625243428315461 0.7616166205672875
0.49560734281297325 0.04014610544278596 0.8607151673792093 0.3810758111356547 0.09481200960201375
0.10165739759632075 0.7455285207617659 0.9587147685577995 0.9836881930633379 0.08201400247777457
0.7655438267266748 0.6512421872330116 0.05755962381726776 0.7793651957090808 0.11179722195259778
0.6694378947074343 0.8100653087852924 0.9610409487167089 0.3346162534788799 0.9153428877420964
0.8500216783497228 0.5570208441421374 0.4855172555773911 0.7442005684600232 0.8014324237060985
0.7576413530915893 0.4495356282228856 0.6036188178008518 0.9725888798550663 0.6394815738694792
0.09422276539059093 0.7144971368651942 0.9604887469470718 0.4371643855080468 0.0220332847352247
0.6004668843811515 0.40075955742194325 0.1852972942651424 0.7276779998203043 0.2043466848637997
0.517263731873336 0.31074704517975094 0.9348400109232698 0.4237831131125044 0.7600497437177363
0.5036121091363953 0.9650074866517577 0.12134435226468332 0.39988242552315156 0.5068453620694341
0.5110645014518538 0.584201200245081 0.7729554611689347 0.4895737299329592 0.3153046181885476
0.49927080293561665 0.13758916266401733 0.5168223175368718 0.3526303809291993 0.5159304726170192
0.4572382305388818 0.1128372207054038 0.6873209511541697 0.7242288043603816 0.768547368315268
0.6370452238440707 0.6295739656718536 0.44207133222674944 0.44998008744735674 0.3823484003341985
0.17093022646703793 0.7347108894008411 0.25330754182225323 0.5905992473027756 0.36663668842950015
0.16951075141535776 0.22271130936162442 0.53467395633073 0.29783221148542016 0.4472614607980129
0.6204228853230984 0.11319723368763679 0.37065685346368005 0.2095197643896679 0.3668314617514431
0.611938593653222 0.5572961844124037 0.2201974477248888 0.7588267118446936 0.6055328685216713
0.42578194488428944 0.4026840718109129 0.533780392771229 0.9408187155530555 0.8041836722780985
0.3254449058927229 0.8570476565402323 0.5479666232659484 0.9353147153736129 0.5049391263960272
0.5668407351216979 0.7241836422742068 0.7640557924553567 0.6743679647717417 0.10705017794947114
0.8779974375967072 0.4395478193100526 0.8330955919322041 0.259758380328335 0.33979628596678246
0.07069569767879291 0.6723287916820583 0.004131194302224528 0.9564380736834289 0.474531920240834
0.8426290816746707 0.6561286575262218 0.6200434467933916 0.3196070337782422 0.5957641892860985
0.8576911954142232 0.4068951768873794 0.6362309627615544 0.28607035658031965 0.18276740427071614
0.7694561727436404 0.921087438116975 0.2582756646271569 0.20102169499580536 0.2553521074307775
0.3519638556482634 0.11385671977950218 0.6346518287980025 0.7806743518438526 0.3714514381091356
0.9912317839473402 0.5970905825498642 0.6145250939874595 0.3935389434241433 0.6059051944940502
0.6397510991548545 0.8710720840875154 0.5666909228779904 0.42664908392561773 0.7359105855911983
0.15520316768110798 0.7312698196434599 0.008248643447370307 0.9924517789160772 0.9633297512289615
0.36461633943425364 0.5510619463144478 0.9919444521856284 0.9895828802212422 0.8041423229243293
0.8202640400468413 0.7998303440655458 0.4065565072387709 0.04766206938177109 0.27965243492306513
0.6819367191211173 0.7667389471490016 0.9597653564779878 0.4079558960048817 0.8304876801720047
0.8917985283758121 0.0727569859695808 0.8476299155149096 0.01792706306566827 0.4117677640630787
0.1736590947351806 0.426304139691392 0.06404442487181816 0.9213601242511996 0.4777901053238266
0.8522668870163329 0.9130682604024458 0.5582229907614266 0.20794539779696763 0.10800039243786685
0.4099767504290579 0.28860079896406365 0.4253125801722616 0.08767044154943482 0.433956053383064
0.4707174220444984 0.5308203960023005 0.06877584506352674 0.955596047502285 0.9541094182803298
0.9734664160505978 0.38788902590401075 0.9039634971352738 0.6349078418796694 0.8427489484216826
0.8399233070465474 0.018160107548810478 0.6057159276649714 0.7664177052734016 0.23865574534681744
0.36017865818009576 0.846459004881997 0.4474148108763436 0.6876211297881342 0.04513151418348271
0.5742234047225206 0.5282846906501916 0.3396889717509738 0.15213087161132277 0.26098377466623024
0.8158853843789865 0.18000970836816876 0.033165195007894166 0.0693478505413685 0.7359117251711367
0.3967694701252352 0.31173222803250256 0.6223097712330059 0.517415923875014 0.8326639855887266
0.5946557655901098 0.9185950658378975 0.7851485752343526 0.5422751639052152 0.5333885175073011
0.44704289759934124 0.5129553381987534 0.48039517779781593 0.10535688710119329 0.3462468550640847
0.7380299714626347 0.7662373103551495 0.15487616843252927 0.837291494970092 0.7740440139262861
0.005270095356881166 0.2930243911608643 0.18256881853131346 0.2942597460363474 0.3372686400093622
0.9346523578539024 0.5736049246556952 0.31903175947314266 0.43351882161514754 0.12135796308198532
0.39270719246854835 0.18434092699357052 0.9640307949205793 0.9663331391089276 0.8600132302767594
0.19171342564359595 0.6269519618598263 0.8848623475421811 0.8783091047939277 0.8178408403511709
0.28138552114686943 0.2867662522592018 0.3428408038840052 0.3629825371725578 0.8743641067788983
0.6882710855238066 0.5057624909398394 0.8481078660446056 0.7215086550859171 0.1038396031244706
0.08336470133504226 0.7423639062459993 0.7144209155732999 0.3768110762325029 0.6506113305108423
0.31529080811950405 0.6247031833374722 0.5090604792241824 0.5811707549327757 0.31792580829962236
0.7561557619180583 0.702797576097608 0.5143734780839402 0.9525588864077255 0.15683445134501983
0.5419182156793629 0.4969279199935742 0.8657821385467153 0.2509613982066996 0.2471816451432961
0.7185224079744935 0.7705326419405587 0.24545944599370662 0.603387990323925 0.8005486498821035
0.9238365008835271 0.27628082304193013 0.21415338232457692 0.07509088139950904 0.4598853665730971
0.48175619281092563 0.7751370048887655 0.28943910707880793 0.575396249064944 0.8346397515033133
0.26740935973042923 0.9635407615071304 0.9178785505918261 0.6493258459697291 0.014113713213469214
0.21146927849024366 0.9895642966078868 0.7003465721837258 0.1753456506064376 0.2351411325832995
0.5603747538681623 0.32728872030474054 0.5348228961492482 0.5741912027644828 0.0364337362038768
0.5693065382916233 0.7154654757820491 0.4099174328057653 0.6162688308992349 0.3543104868823147
0.5073322574058764 0.11718590532195683 0.24532698197133473 0.36570631591738656 0.7064673516569566
0.5112381563538394 0.33103513670653273 0.7434167659473734 0.039293518478970224 0.9870417753866013
0.18939540288293033 0.33462287660066903 0.12453055145088343 0.11822347341809247 0.8821280514337191
0.8518140344885443 0.08469486980163687 0.9225834724356451 0.2863034057123234 0.7288948700411689
0.33482864462345274 0.5762577130577168 0.6026781641301427 0.006368438356385453 0.47156760053521296
0.5687900964652691 0.1997234987918991 0.4037595371246133 0.9097998506336848 0.40516064317479095
0.36417254584606895 0.48531003133122885 0.595174571634171 0.24564312830206403 0.544722937355472
0.08779502267480244 0.32855311684195565 0.21132089009417643 0.16207636700357064 0.05809836804046875
0.9357191871838637 0.1330348603309719 0.7183317397447125 0.7588531082825104 0.41533743843958315
0.8853245737441454 0.9655307961176518 0.2167383114178627 0.6379773046582954 0.43401716269187063
0.3316965613681703 0.6410354124666451 0.6031582986255999 0.22166305912664852 0.22105784389915484
0.40684897049952984 0.03934379072096106 0.2226487354252028 0.7075748359839777 0.9833209246750347
0.8045172237648109 0.6801928871713164 0.6829858031366853 0.8469658076701347 0.12462878771370278
0.3538382998371715 0.9822142886631492 0.6620989575655846 0.4492053032492659 0.08446631627200074
0.8472170192474368 0.07610803323672277 0.9208075887671334 0.9430804555952282 0.7564386187142864
0.4473670194231626 0.9329078580418507 0.8975750586996005 0.6650490979513143 0.777754170599906
0.6161537329192938 0.3954802549952151 0.3091770886580715 0.44148381851853835 0.6386369140296936
0.563157483150628 0.6593765446210204 0.8368175907849216 0.3013874389749701 0.600798367496835
0.8713873510694995 0.24310113536964062 0.6326791809193237 0.19233973790742176 0.4992901184509474
0.8849498376058244 0.28971524347081157 0.9401518319976974 0.30596287117228804 0.9030381583202242
0.1872121871802439 0.8763208402875506 0.4493179853914069 0.7594447009812818 0.891084238025673
0.2872815176989003 0.7579244266946813 0.5871630309724071 0.7383659894906153 0.042921249366875025
0.7384047405562997 0.6904773553922154 0.44200849756440075 0.13320847655638113 0.052116515726968404
0.5454914225160984 0.04551312664965956 0.3645327278980135 0.6007639837664113 0.3055140247657313
0.4438129122739317 0.3262754367757831 0.020628036516384785 0.11774631254212997 0.2358584569641935
0.011356704383321481 0.36968000392601186 0.8321142728362649 0.26681719988198493 0.28922790942293686
0.07290293083338106 0.25513123239127955 0.09430853041929876 0.19097076674448332 0.5278931251451552
0.4709294861377237 0.7219683086623084 0.9266919448197246 0.49299874464703886 0.0246047328814184
0.7877978282870456 0.9555604233563532 0.5965858060705757 0.5768469896799161 0.13595106877471275
0.7949163843351894 0.9913171867406203 0.5072471411328344 0.17887542891931474 0.5611496089557396
0.2299063497332987 0.5486620075314116 0.03542102276805881 0.42960717212389354 0.589600484129244
0.3269653583212079 0.4890207984251652 0.9471259587235019 0.07818880139024742 0.1834669598261005
0.7873420085994631 0.7472234433309376 0.3194405154332547 0.6167828281471882 0.39370149565097134
0.8721113800948052 0.4592126965505122 0.4492730383902003 0.38117825973057884 0.06091202241364391
0.19373607236160995 0.6822178357850099 0.09594450749995098 0.9681660848088329 0.133159613103763
0.9824461855126437 0.7484911700453012 0.609255312963929 0.7844927782230133 0.8774098876328197
0.9804111303123878 0.5484433209911109 0.0888185881220308 0.43602374456717885 0.5299778564764723
0.847568608445244 0.576751817465327 0.5677585017464924 0.7184406033282639 0.4908316885483609
0.4293112137675714 0.6870202612824213 0.9650096402795654 0.5938320140884984 0.78745537742711
0.08596359756362104 0.49023649642676337 0.054995303434099974 0.8781967825784652 0.3043733933011118
0.5473227017668304 0.19442835443451179 0.9881824401970328 0.3811561447727607 0.8124693592927806
0.9575300362424772 0.15584909353022036 0.9875843402354688 0.5481526268913255 0.8314326140429383
0.07909642481702839 0.2365233422247236 0.7415898219400762 0.03884805976237715 0.15064540235828472
0.7298292292994961 0.8752730411338121 0.07647561870492003 0.3161667116193573 0.8505959746312772
0.4016180226216628 0.24611736906207238 0.5794772717569615 0.16236097317578335 0.02491340753159732
0.612344638737053 0.052479468942832286 0.17724434623845609 0.6978375160426024 0.037555355840893645
0.9696850664469387 0.3608758646547251 0.60124649429664 0.8773652128484569 0.9924907506571298
0.7690784297468628 0.9036558009442505 0.21201238967108205 0.23414385304110108 0.9130621608902044
0.7364973273739143 0.6480632550004058 0.4637543738963311 0.48785389383941113 0.4534747808784778
0.3742447390351885 0.1343674251175585 0.9438819394326174 0.2605825968740122 0.5823473126728965
0.34401346475207983 0.1441956738096053 0.9117088470631591 0.6060925701518656 0.15681226658782843
0.6607628827409646 0.7140845212755517 0.2454720198770326 0.18255910970469158 0.21288488276281992
0.6684861120692813 0.534776896960249 0.37861320654624864 0.6734632352823332 0.23819501004549803
0.18329387699374877 0.10920542480212048 0.5568278050484998 0.6236177329921908 0.19035708079228064
0.3468098502042273 0.6361887499767369 0.7330415527801714 0.5941704686856644 0.30095458149229193
0.09002046989593493 0.750872998238592 0.04775797641830326 0.038249231803309636 0.20164782806556292
0.05652345935866743 0.876499465356822 0.8844193877212101 0.7931053502255483 0.09318991718361203
0.6462766617003083 0.17373403631733797 0.7654847975113066 0.46088278141041594 0.2218246392763974
0.06360713663463013 0.006922987018528115 0.347950555675717 0.5490835240060581 0.9860358494169306
0.3745742773112747 0.07187749382025099 0.22781713145859062 0.09681122798759778 0.9967064732456457
0.2265469537871272 0.9659961056994143 0.615159674645716 0.3531489322270017 0.7500060732942514
0.7118423230903946 0.11849762088076321 0.25157593050622984 0.6680501267823138 0.4880874847678045
0.8993758356459071 0.954628411017195 0.3631899429154217 0.9776199070041279 0.0918608059598156
0.868360281238426 0.22903617143650346 0.18727048342785824 0.6907006842010491 0.3310338519562852
0.7254822131402725 0.8931054081991785 0.1071283670729003 0.9927405827838913 0.4899942196137277
0.8929756678583586 0.5362923100359385 0.29544938916326513 0.9263379013014236 0.8172763952671414
0.22311654824231753 0.6751246765921058 0.628004739302847 0.05755761885649646 0.20167356567092976
0.5729328149091439 0.8821734349850613 0.9894597477558605 0.44744346500518395 0.1292528079452515
0.1077806061055896 0.3181465526719952 0.11212397812896824 0.4006456103751378 0.3474170005947048
0.9654709608256662 0.3599241914679804 0.13752019504710244 0.3331601496715272 0.3546716645464315
0.031121851440856996 0.7298150176992507 0.6845452672862643 0.08096484940618076 0.07292272270109901
0.8345381709628155 0.727021815903316 0.026023552348066747 0.27687084086327474 0.6824107167103056
0.9208719078674069 0.7705371322506497 0.4027788525886812 0.5512979346236074 0.5546699744968481
0.19963039163656293 0.789669520184841 0.5066675596550888 0.7642269086972456 0.38079493720183144
0.6075686330282976 0.3344393238045904 0.5090342146334476 0.32391740822465387 0.1727148470137796
0.0292645173782784 0.20698354519559936 0.8927555143662844 0.6365174250762985 0.31429902701912515
0.03882560044445005 0.40872653209034826 0.10102429044887296 0.7967228684100568 0.9796275167376196
0.40483288475733203 0.5266741615432192 0.17042082353787225 0.7698787330754928 0.3194499376986927
0.4237891116436596 0.7004273308644945 0.945712118764374 0.11382521685197089 0.33820766042394057
0.4362717948043773 0.8807123834177818 0.787299645377737 0.32517914716944263 0.5376725637866341
0.1517554430335637 0.06900801412654178 0.7044400314074238 0.6635640380749963 0.5312870668964902
0.9511808553829196 0.37303225485101643 0.9380962028495785 0.519096430623932 0.5390159354304234
0.2484881857988892 0.5161379837982316 0.8991341764537268 0.546239178767757 0.7116646226601705
0.000556300097793283 0.8190120767737279 0.3694444360610888 0.12361693266155749 0.488452424022195
0.5277075676007774 0.15942709213285322 0.2560379148241425 0.3691916479930466 0.5848887374716962
0.776860593931088 0.6744760876071672 0.798406871309789 0.33398923638735867 0.35262260365952136
0.7998712261165495 0.3736766320858682 0.3079362949712797 0.9856309683735666 0.05455483529433869
0.4995682589737962 0.6120189422170611 0.4491333002086719 0.8233476920771682 0.6766125274763751
0.2493224532727656 0.5632271439212068 0.9866636656502534 0.6979484882501397 0.749041022553432
0.02663626125473073 0.9015580979531963 0.20175660312549537 0.46214773555256183 0.41343973343246165
0.35147578009397673 0.8821305957765264 0.20822566950180776 0.7956379826210163 0.30407953956420253
0.7369749692250214 0.5592203173317859 0.43737334313557097 0.06292549976293349 0.9121117157585994
0.5235718774036094 0.42849839332522655 0.18688820680011198 0.868983813734752 0.5390567030353857
0.21362423246487916 0.9372194346519921 0.6861750460043646 0.3488379395114487 0.5750874212248333
0.05477404483044923 0.8486769586980635 0.45557652263695725 0.2797741191841251 0.4671294283842765
0.6282188536869785 0.12649344895871384 0.23651311122934093 0.15305502180799269 0.5212307055744391
0.957959965612149 0.05493845313135515 0.2301867761863028 0.9103726467758356 0.47215095205363034
0.3023374544485642 0.337191930130173 0.48045318571155815 0.4148391744480029 0.689647842833276
0.44322568472002444 0.35372138438086775 0.11260535760802082 0.239909150087516 0.4814234644618772
0.004033997673252854 0.8755507052088138 0.8236453244344062 0.2203701668587673 0.24475028859002546
0.1494818655378506 0.5620555410161824 0.08822901401823913 0.6032272321578072 0.877648466430415
0.43004670760346964 0.5845639599805622 0.5854912160030139 0.9129198858891103 0.425259924762576
0.6331338477287449 0.22504822870935226 0.620262794388956 0.9851659916822755 0.4392001114045896
0.3097312257178897 0.908743074192728 0.5576751549316049 0.0012639192385192066 0.16344769525241865
0.8542489865879151 0.8328071657429769 0.4918564577463542 0.08789150097981135 0.1822050664905449
0.11921320482967157 0.9894410088227921 0.329257371286676 0.5283171605584549 0.6757557288961766
0.4218433322338778 0.33310943189988074 0.895842459657562 0.5524073306398297 0.2990801238491402
0.2179731326138904 0.43397018980709234 0.9909605035744391 0.8504793262287583 0.31457366703089007
0.8488906714336619 0.9704742092647368 0.08290840768758123 0.7052871459144145 0.31101610939623947
0.9016816349868707 0.854806302647484 0.3278624904984303 0.6631664137782411 0.4754515949675432
0.6086863802962447 0.23605179380606944 0.05811382230714979 0.7293924922493267 0.6014870610373635
0.8789273896227374 0.6023435140294784 0.3874193421628893 0.28752056454120956 0.7573981618969231
0.35481313056183184 0.8218318873510029 0.3433767076497757 0.9503394932832414 0.18511860716528417
0.10838820697651319 0.7681077254593007 0.4649896044799863 0.5921691882819087 0.764578772095645
0.691605431121545 0.6782237908382235 0.37886408674378735 0.3008429109463725 0.6908351182722277
0.6250254831579704 0.40929355729999684 0.3216889969633411 0.18095489832221523 0.2109199378346488
0.06536736351935724 0.048499625917935774 0.06733556189778278 0.5830845567786689 0.2795962871596044
0.22207553362167243 0.6073976480757021 0.8251201184475085 0.8273984403935857 0.5779037641722233
0.5036053384752598 0.31235151088835766 0.5281473110641628 0.07035996565310465 0.05615786944401102
0.6015919923082975 0.07356697916644872 0.3820189954949613 0.33255008214282666 0.42058796651006847
0.8729447188010339 0.23914807003477434 0.7019753053270678 0.5129515662810269 0.44138238463547064
0.22304856213375768 0.6250545750764838 0.4149937186468955 0.796799051091374 0.7722260979218827
0.7941121575967882 0.7426265497398663 0.11234266832798245 0.2752768300288595 0.17195011307027575
0.29595030026809777 0.12202022141774715 0.40393559354881337 0.20140968259663905 0.48283285331943193
0.17817128877012922 0.8875215097269918 0.0018396269955136546 0.7679938172062352 0.10420953424460788
0.5661227773020784 0.7079660861577434 0.9179308986456346 0.23518341030002665 0.9209027993440184
0.7388899306518221 0.4767508651043535 0.7009839675568689 0.7319632119799575 0.8311984390241013
0.4960814954007693 0.4053637648151802 0.7941592103570063 0.2594590196194283 0.04867755365567217
0.007738196669223374 0.41297943357790046 0.29943864456622205 0.013377710309696589 0.30109564556321033
0.35793408265958515 0.007708013969009886 0.7898665192086042 0.5054824504212222 0.7509474249358197
0.6619921669216655 0.30790471927683316 0.8447409183636982 0.6123542452655178 0.6940262954756805
0.6347807256547294 0.5336080165470347 0.365403070297038 0.2758122155311088 0.3932862202095101
0.7040763092022033 0.5281157193596984 0.5261602874724546 0.13832375725521218 0.8139760639751707
0.6531181621854978 0.8166273777061719 0.5576297074320403 0.24135122513275964 0.31325170136126423
0.36634318031349944 0.7560799561555029 0.7908855940205348 0.8365987235207855 0.6056598198479222
0.4168271959721438 0.3177963079379197 0.31978412553769964 0.055940718232544207 0.8242860687387016
0.5335127761329279 0.1517956149199965 0.9434753038711008 0.2138309206857122 0.69227671533655
0.6515441955460601 0.8147325209056476 0.4364706592643869 0.898680355756137 0.2756911286044327
0.1671487139214094 0.2796243055912233 0.015071343433160744 0.21615829679516785 0.9397093681772032
0.6480042805668835 0.27161671007480037 0.2552852606630721 0.11274300404207382 0.6090938483066766
0.4994547298089711 0.17702468375435076 0.11233128354375588 0.12958564888296298 0.06147389040596618
0.8729157348440614 0.3027997437617941 0.5182294936960241 0.5131969182558294 0.8065800655596121
0.7801399896596365 0.055955305727103166 0.5038901854747102 0.740808119144186 0.8698489160683315
0.5495165465868284 0.43519447734885297 0.5879751321422505 0.41400415901320986 0.35144085636853306
0.8820341733022126 0.4828330871759512 0.7063959139299116 0.7300153934726717 0.8164331002617642
0.6910195897007201 0.15131540763739904 0.51853671297586 0.08882865544856866 0.033338947117487194
0.3742657807333454 0.9652021874708563 0.9794129184029842 0.03711875991529445 0.47233468157636105
0.5563593146535343 0.7946258401770129 0.31883278965524664 0.1776323092777602 0.7020931434977276
0.43638194676945274 0.04370197269753573 0.4194917596049712 0.010355520461115764 0.9743333804439704
0.09541565989132006 0.6775702092779337 0.6782550800967105 0.8987623820057488 0.09178191903473376
0.8814878263201168 0.48009341474080924 0.7542856254587498 0.6922604023286321 0.5524942831122369
0.8487149730469105 0.12589969758345798 0.3972078557597227 0.035317977514102816 0.14623542508763598
0.7390552917316222 0.16018437798165197 0.5674428733755259 0.2993037289499316 0.5855552968575166
0.04490834635015317 0.10295484988076697 0.5406047347894043 0.8709987947568208 0.27262238634446756
0.9075945481852755 0.8791810319624361 0.35023293634426866 0.02871573280249129 0.10687002118486244
0.07076552328404317 0.235028003819729 0.18914646372764954 0.8008278583049518 0.26715969721109356
0.012648966504136716 0.28753201493180736 0.32855951137219785 0.4438909291585382 0.05373574167826578
0.1543364000583064 0.4764851485800432 0.6666192352772936 0.7140768531277176 0.9072390020010617
0.25776950255052233 0.9673797343987909 0.7254949290648666 0.1778664684141028 0.2752181269603221
0.3383434110069299 0.43099835268561104 0.8981953296538355 0.11083241444678182 0.7506715739733856
0.22666934661503635 0.019528464687055158 0.18839156716294336 0.6659018187078938 0.13794891987210833
0.7206614859709993 0.2878996375688532 0.12310060394799327 0.6143509657653204 0.2916821670013494
0.6412460414881054 0.4178911446486271 0.836403321016428 0.14834306635470418 0.9750969402860389
0.7875601657075445 0.08822160255044098 0.4885461480126885 0.36841086931242395 0.74994123191177
0.5404193037935031 0.5344249204941813 0.24758992074200126 0.6788438764109755 0.8162242036282172
0.9341401948551198 0.5715225598074809 0.38592214223390675 0.11770111063966349 0.8237735178306876
0.6658264661472133 0.5479501309453646 0.4779563711398779 0.756880537009168 0.7659931095696192
0.9274810500341976 0.5769482824212169 0.7225001423583053 0.29502765182008106 0.017255392831714844
0.04117139999958741 0.3421158558388192 0.6660875235359005 0.6187835257673826 0.8818102953915502
0.15667705633660722 0.4253268561305644 0.33223820066056564 0.4860394924911511 0.4189495459202711
0.09101711652080391 0.7412044291413609 0.4973501741384664 0.2893932934503505 0.5050896268851054
0.7419447241551286 0.3485819629712691 0.04426391122935125 0.4360521726974611 0.01726071918556016
0.13006638784083935 0.48119701910046186 0.5102428354474488 0.1413758343217072 0.6320207897254346
0.9608152895136256 0.7901026106151577 0.12194444636012947 0.7245904642526074 0.5158130454186189
0.6282633584999349 0.4969773475065741 0.4607948037389906 0.8091171189600612 0.20309958300485054
0.4023257468965591 0.862437577785659 0.23685161555019085 0.28579653188203324 0.7075571825242
0.8544342443454889 0.6598571039099687 0.6861009548302608 0.36482629049938564 0.5003313805445169
0.18997608978040703 0.5474374380166167 0.8553939380416626 0.37510124063291805 0.07252433261447333
0.5913322033215319 0.4340491643886406 0.8976000303709798 0.9096260458062273 0.20773674343386717
0.39180021655371655 0.23018261435076293 0.9928975968043713 0.9793864923334701 0.8495047669267908
0.9159997713593765 0.9136303423900911 0.4131795945345058 0.12528286152704604 0.5771620620018459
0.22569130991501518 0.4837798215057123 0.25106792907567144 0.8795533476318221 0.14144295821150898
0.5092011047374098 0.14705642887808645 0.6982090808056722 0.38074656145963537 0.49068729237560393
0.4179653167634846 0.4947283114348521 0.5273492388375816 0.6564267217868984 0.6735605286032873
0.9385922450641667 0.32172187961109877 0.2431966549750878 0.5567926085739832 0.324264287705869
0.5905166005368956 0.5204227467318792 0.07714965787934902 0.12934025326649767 0.2384834594676002
0.13142125049549758 0.7806607367429027 0.8566804963741647 0.7216630402076534 0.7300038006583167
0.1271018424740641 0.5701498642344133 0.36294173262415275 0.5137177962675237 0.15142106514436282